provider,region,family,architecture,processor,vCPU,ram(GB),price($/h),daily_price,weekly_price,monthly_price
oci,global,A1,ARM,Ampere Altra Q80-30,1,2,0.0,0.0,0.0,0.0
oci,global,A1,ARM,Ampere Altra Q80-30,1,4,0.0,0.0,0.0,0.0
oci,global,A1,ARM,Ampere Altra Q80-30,1,8,0.0,0.0,0.0,0.0
oci,global,A1,ARM,Ampere Altra Q80-30,1,16,0.0,0.0,0.0,0.0
oci,global,A1,ARM,Ampere Altra Q80-30,2,4,0.0,0.0,0.0,0.0
oci,global,A1,ARM,Ampere Altra Q80-30,2,8,0.0,0.0,0.0,0.0
oci,global,A1,ARM,Ampere Altra Q80-30,2,16,0.0,0.0,0.0,0.0
oci,global,A1,ARM,Ampere Altra Q80-30,2,32,0.0,0.0,0.0,8.04
oci,global,A1,ARM,Ampere Altra Q80-30,4,8,0.0,0.0,0.0,0.0
oci,global,A1,ARM,Ampere Altra Q80-30,4,16,0.0,0.0,0.0,0.0
oci,global,A1,ARM,Ampere Altra Q80-30,4,32,0.0,0.0,0.0,8.04
oci,global,A1,ARM,Ampere Altra Q80-30,4,64,0.0,0.0,0.0,43.08
oci,global,A1,ARM,Ampere Altra Q80-30,8,16,0.0,0.0,0.0,28.4
oci,global,A1,ARM,Ampere Altra Q80-30,8,32,0.0,0.0,0.0,36.44
oci,global,A1,ARM,Ampere Altra Q80-30,8,64,0.0,0.0,0.0,71.48
oci,global,A1,ARM,Ampere Altra Q80-30,8,128,0.0,0.0,5.26,141.56
oci,global,A1,ARM,Ampere Altra Q80-30,16,32,0.0,0.0,0.0,94.84
oci,global,A1,ARM,Ampere Altra Q80-30,16,64,0.0,0.0,0.0,129.88
oci,global,A1,ARM,Ampere Altra Q80-30,16,128,0.0,0.0,5.26,199.96
oci,global,A1,ARM,Ampere Altra Q80-30,16,256,0.0,0.0,37.51,340.12
oci,global,A1,ARM,Ampere Altra Q80-30,32,64,0.0,0.0,23.76,246.68
oci,global,A1,ARM,Ampere Altra Q80-30,32,128,0.0,0.0,29.02,316.76
oci,global,A1,ARM,Ampere Altra Q80-30,32,256,0.0,0.0,61.27,456.92
oci,global,A1,ARM,Ampere Altra Q80-30,48,96,0.0,0.0,50.64,398.52
oci,global,A1,ARM,Ampere Altra Q80-30,48,192,0.0,0.0,72.02,503.64
oci,global,A1,ARM,Ampere Altra Q80-30,48,384,0.0,0.0,120.41,713.88
oci,global,A1,ARM,Ampere Altra Q80-30,64,128,0.0,0.0,82.78,550.36
oci,global,A1,ARM,Ampere Altra Q80-30,64,256,0.0,0.0,115.03,690.52
oci,global,A2,ARM,Ampere AmpereOne A160-30,2,4,0.022,0.53,3.7,16.06
oci,global,A2,ARM,Ampere AmpereOne A160-30,2,8,0.03,0.72,5.04,21.9
oci,global,A2,ARM,Ampere AmpereOne A160-30,2,16,0.046,1.1,7.73,33.58
oci,global,A2,ARM,Ampere AmpereOne A160-30,2,32,0.078,1.87,13.1,56.94
oci,global,A2,ARM,Ampere AmpereOne A160-30,4,8,0.044,1.06,7.39,32.12
oci,global,A2,ARM,Ampere AmpereOne A160-30,4,16,0.06,1.44,10.08,43.8
oci,global,A2,ARM,Ampere AmpereOne A160-30,4,32,0.092,2.21,15.46,67.16
oci,global,A2,ARM,Ampere AmpereOne A160-30,4,64,0.156,3.74,26.21,113.88
oci,global,A2,ARM,Ampere AmpereOne A160-30,8,16,0.088,2.11,14.78,64.24
oci,global,A2,ARM,Ampere AmpereOne A160-30,8,32,0.12,2.88,20.16,87.6
oci,global,A2,ARM,Ampere AmpereOne A160-30,8,64,0.184,4.42,30.91,134.32
oci,global,A2,ARM,Ampere AmpereOne A160-30,8,128,0.312,7.49,52.42,227.76
oci,global,A2,ARM,Ampere AmpereOne A160-30,16,32,0.176,4.22,29.57,128.48
oci,global,A2,ARM,Ampere AmpereOne A160-30,16,64,0.24,5.76,40.32,175.2
oci,global,A2,ARM,Ampere AmpereOne A160-30,16,128,0.368,8.83,61.82,268.64
oci,global,A2,ARM,Ampere AmpereOne A160-30,16,256,0.624,14.98,104.83,455.52
oci,global,A2,ARM,Ampere AmpereOne A160-30,32,64,0.352,8.45,59.14,256.96
oci,global,A2,ARM,Ampere AmpereOne A160-30,32,128,0.48,11.52,80.64,350.4
oci,global,A2,ARM,Ampere AmpereOne A160-30,32,256,0.736,17.66,123.65,537.28
oci,global,A2,ARM,Ampere AmpereOne A160-30,32,512,1.248,29.95,209.66,911.04
oci,global,A2,ARM,Ampere AmpereOne A160-30,48,96,0.528,12.67,88.7,385.44
oci,global,A2,ARM,Ampere AmpereOne A160-30,48,192,0.72,17.28,120.96,525.6
oci,global,A2,ARM,Ampere AmpereOne A160-30,48,384,1.104,26.5,185.47,805.92
oci,global,A2,ARM,Ampere AmpereOne A160-30,48,768,1.872,44.93,314.5,1366.56
oci,global,A2,ARM,Ampere AmpereOne A160-30,64,128,0.704,16.9,118.27,513.92
oci,global,A2,ARM,Ampere AmpereOne A160-30,64,256,0.96,23.04,161.28,700.8
oci,global,A2,ARM,Ampere AmpereOne A160-30,64,512,1.472,35.33,247.3,1074.56
oci,global,A2,ARM,Ampere AmpereOne A160-30,96,192,1.056,25.34,177.41,770.88
oci,global,A2,ARM,Ampere AmpereOne A160-30,96,384,1.44,34.56,241.92,1051.2
oci,global,A2,ARM,Ampere AmpereOne A160-30,96,768,2.208,52.99,370.94,1611.84
oci,global,A2,ARM,Ampere AmpereOne A160-30,128,256,1.408,33.79,236.54,1027.84
oci,global,A2,ARM,Ampere AmpereOne A160-30,128,512,1.92,46.08,322.56,1401.6
oci,global,A4,ARM,Ampere AmpereOne M A06-36M,2,4,0.0246,0.59,4.13,17.96
oci,global,A4,ARM,Ampere AmpereOne M A06-36M,2,8,0.0354,0.85,5.95,25.84
oci,global,A4,ARM,Ampere AmpereOne M A06-36M,2,16,0.057,1.37,9.58,41.61
oci,global,A4,ARM,Ampere AmpereOne M A06-36M,2,32,0.1002,2.4,16.83,73.15
oci,global,A4,ARM,Ampere AmpereOne M A06-36M,4,8,0.0492,1.18,8.27,35.92
oci,global,A4,ARM,Ampere AmpereOne M A06-36M,4,16,0.0708,1.7,11.89,51.68
oci,global,A4,ARM,Ampere AmpereOne M A06-36M,4,32,0.114,2.74,19.15,83.22
oci,global,A4,ARM,Ampere AmpereOne M A06-36M,4,64,0.2004,4.81,33.67,146.29
oci,global,A4,ARM,Ampere AmpereOne M A06-36M,8,16,0.0984,2.36,16.53,71.83
oci,global,A4,ARM,Ampere AmpereOne M A06-36M,8,32,0.1416,3.4,23.79,103.37
oci,global,A4,ARM,Ampere AmpereOne M A06-36M,8,64,0.228,5.47,38.3,166.44
oci,global,A4,ARM,Ampere AmpereOne M A06-36M,8,128,0.4008,9.62,67.33,292.58
oci,global,A4,ARM,Ampere AmpereOne M A06-36M,16,32,0.1968,4.72,33.06,143.66
oci,global,A4,ARM,Ampere AmpereOne M A06-36M,16,64,0.2832,6.8,47.58,206.74
oci,global,A4,ARM,Ampere AmpereOne M A06-36M,16,128,0.456,10.94,76.61,332.88
oci,global,A4,ARM,Ampere AmpereOne M A06-36M,16,256,0.8016,19.24,134.67,585.17
oci,global,A4,ARM,Ampere AmpereOne M A06-36M,32,64,0.3936,9.45,66.12,287.33
oci,global,A4,ARM,Ampere AmpereOne M A06-36M,32,128,0.5664,13.59,95.16,413.47
oci,global,A4,ARM,Ampere AmpereOne M A06-36M,32,256,0.912,21.89,153.22,665.76
oci,global,A4,ARM,Ampere AmpereOne M A06-36M,32,512,1.6032,38.48,269.34,1170.34
oci,global,A4,ARM,Ampere AmpereOne M A06-36M,48,96,0.5904,14.17,99.19,430.99
oci,global,A4,ARM,Ampere AmpereOne M A06-36M,48,192,0.8496,20.39,142.73,620.21
oci,global,A4,ARM,Ampere AmpereOne M A06-36M,48,384,1.368,32.83,229.82,998.64
oci,global,A4,ARM,Ampere AmpereOne M A06-36M,64,128,0.7872,18.89,132.25,574.66
oci,global,A4,ARM,Ampere AmpereOne M A06-36M,64,256,1.1328,27.19,190.31,826.94
oci,global,A4,ARM,Ampere AmpereOne M A06-36M,64,512,1.824,43.78,306.43,1331.52
oci,global,A4 Ax,ARM,Ampere AmpereOne M 192-36M,2,4,0.0526,1.26,8.84,38.4
oci,global,A4 Ax,ARM,Ampere AmpereOne M 192-36M,2,8,0.0862,2.07,14.48,62.93
oci,global,A4 Ax,ARM,Ampere AmpereOne M 192-36M,2,16,0.1534,3.68,25.77,111.98
oci,global,A4 Ax,ARM,Ampere AmpereOne M 192-36M,2,32,0.2878,6.91,48.35,210.09
oci,global,A4 Ax,ARM,Ampere AmpereOne M 192-36M,4,8,0.1052,2.52,17.67,76.8
oci,global,A4 Ax,ARM,Ampere AmpereOne M 192-36M,4,16,0.1724,4.14,28.96,125.85
oci,global,A4 Ax,ARM,Ampere AmpereOne M 192-36M,4,32,0.3068,7.36,51.54,223.96
oci,global,A4 Ax,ARM,Ampere AmpereOne M 192-36M,4,64,0.5756,13.81,96.7,420.19
oci,global,A4 Ax,ARM,Ampere AmpereOne M 192-36M,8,16,0.2104,5.05,35.35,153.59
oci,global,A4 Ax,ARM,Ampere AmpereOne M 192-36M,8,32,0.3448,8.28,57.93,251.7
oci,global,A4 Ax,ARM,Ampere AmpereOne M 192-36M,8,64,0.6136,14.73,103.08,447.93
oci,global,A4 Ax,ARM,Ampere AmpereOne M 192-36M,8,128,1.1512,27.63,193.4,840.38
oci,global,A4 Ax,ARM,Ampere AmpereOne M 192-36M,16,32,0.4208,10.1,70.69,307.18
oci,global,A4 Ax,ARM,Ampere AmpereOne M 192-36M,16,64,0.6896,16.55,115.85,503.41
oci,global,A4 Ax,ARM,Ampere AmpereOne M 192-36M,16,128,1.2272,29.45,206.17,895.86
oci,global,A4 Ax,ARM,Ampere AmpereOne M 192-36M,16,256,2.3024,55.26,386.8,1680.75
oci,global,A4 Ax,ARM,Ampere AmpereOne M 192-36M,32,64,0.8416,20.2,141.39,614.37
oci,global,A4 Ax,ARM,Ampere AmpereOne M 192-36M,32,128,1.3792,33.1,231.71,1006.82
oci,global,A4 Ax,ARM,Ampere AmpereOne M 192-36M,32,256,2.4544,58.91,412.34,1791.71
oci,global,A4 Ax,ARM,Ampere AmpereOne M 192-36M,32,512,4.6048,110.52,773.61,3361.5
oci,global,A4 Ax,ARM,Ampere AmpereOne M 192-36M,48,96,1.2624,30.3,212.08,921.55
oci,global,A4 Ax,ARM,Ampere AmpereOne M 192-36M,48,192,2.0688,49.65,347.56,1510.22
oci,global,A4 Ax,ARM,Ampere AmpereOne M 192-36M,48,384,3.6816,88.36,618.51,2687.57
oci,global,A4 Ax,ARM,Ampere AmpereOne M 192-36M,64,128,1.6832,40.4,282.78,1228.74
oci,global,A4 Ax,ARM,Ampere AmpereOne M 192-36M,64,256,2.7584,66.2,463.41,2013.63
oci,global,A4 Ax,ARM,Ampere AmpereOne M 192-36M,64,512,4.9088,117.81,824.68,3583.42
oci,global,E4,x86(AMD),AMD EPYC 7J13,2,4,0.031,0.74,5.21,22.63
oci,global,E4,x86(AMD),AMD EPYC 7J13,2,8,0.037,0.89,6.22,27.01
oci,global,E4,x86(AMD),AMD EPYC 7J13,2,16,0.049,1.18,8.23,35.77
oci,global,E4,x86(AMD),AMD EPYC 7J13,2,32,0.073,1.75,12.26,53.29
oci,global,E4,x86(AMD),AMD EPYC 7J13,4,8,0.062,1.49,10.42,45.26
oci,global,E4,x86(AMD),AMD EPYC 7J13,4,16,0.074,1.78,12.43,54.02
oci,global,E4,x86(AMD),AMD EPYC 7J13,4,32,0.098,2.35,16.46,71.54
oci,global,E4,x86(AMD),AMD EPYC 7J13,4,64,0.146,3.5,24.53,106.58
oci,global,E4,x86(AMD),AMD EPYC 7J13,8,16,0.124,2.98,20.83,90.52
oci,global,E4,x86(AMD),AMD EPYC 7J13,8,32,0.148,3.55,24.86,108.04
oci,global,E4,x86(AMD),AMD EPYC 7J13,8,64,0.196,4.7,32.93,143.08
oci,global,E4,x86(AMD),AMD EPYC 7J13,8,128,0.292,7.01,49.06,213.16
oci,global,E4,x86(AMD),AMD EPYC 7J13,16,32,0.248,5.95,41.66,181.04
oci,global,E4,x86(AMD),AMD EPYC 7J13,16,64,0.296,7.1,49.73,216.08
oci,global,E4,x86(AMD),AMD EPYC 7J13,16,128,0.392,9.41,65.86,286.16
oci,global,E4,x86(AMD),AMD EPYC 7J13,16,256,0.584,14.02,98.11,426.32
oci,global,E4,x86(AMD),AMD EPYC 7J13,32,64,0.496,11.9,83.33,362.08
oci,global,E4,x86(AMD),AMD EPYC 7J13,32,128,0.592,14.21,99.46,432.16
oci,global,E4,x86(AMD),AMD EPYC 7J13,32,256,0.784,18.82,131.71,572.32
oci,global,E4,x86(AMD),AMD EPYC 7J13,32,512,1.168,28.03,196.22,852.64
oci,global,E4,x86(AMD),AMD EPYC 7J13,48,96,0.744,17.86,124.99,543.12
oci,global,E4,x86(AMD),AMD EPYC 7J13,48,192,0.888,21.31,149.18,648.24
oci,global,E4,x86(AMD),AMD EPYC 7J13,48,384,1.176,28.22,197.57,858.48
oci,global,E4,x86(AMD),AMD EPYC 7J13,48,768,1.752,42.05,294.34,1278.96
oci,global,E4,x86(AMD),AMD EPYC 7J13,64,128,0.992,23.81,166.66,724.16
oci,global,E4,x86(AMD),AMD EPYC 7J13,64,256,1.184,28.42,198.91,864.32
oci,global,E4,x86(AMD),AMD EPYC 7J13,64,512,1.568,37.63,263.42,1144.64
oci,global,E4,x86(AMD),AMD EPYC 7J13,64,1024,2.336,56.06,392.45,1705.28
oci,global,E4,x86(AMD),AMD EPYC 7J13,96,192,1.488,35.71,249.98,1086.24
oci,global,E4,x86(AMD),AMD EPYC 7J13,96,384,1.776,42.62,298.37,1296.48
oci,global,E4,x86(AMD),AMD EPYC 7J13,96,768,2.352,56.45,395.14,1716.96
oci,global,E4,x86(AMD),AMD EPYC 7J13,96,1536,3.504,84.1,588.67,2557.92
oci,global,E4,x86(AMD),AMD EPYC 7J13,128,256,1.984,47.62,333.31,1448.32
oci,global,E4,x86(AMD),AMD EPYC 7J13,128,512,2.368,56.83,397.82,1728.64
oci,global,E4,x86(AMD),AMD EPYC 7J13,128,1024,3.136,75.26,526.85,2289.28
oci,global,E4,x86(AMD),AMD EPYC 7J13,192,384,2.976,71.42,499.97,2172.48
oci,global,E4,x86(AMD),AMD EPYC 7J13,192,768,3.552,85.25,596.74,2592.96
oci,global,E4,x86(AMD),AMD EPYC 7J13,192,1536,4.704,112.9,790.27,3433.92
oci,global,E5,x86(AMD),AMD EPYC 9J14,2,4,0.038,0.91,6.38,27.74
oci,global,E5,x86(AMD),AMD EPYC 9J14,2,8,0.046,1.1,7.73,33.58
oci,global,E5,x86(AMD),AMD EPYC 9J14,2,16,0.062,1.49,10.42,45.26
oci,global,E5,x86(AMD),AMD EPYC 9J14,2,32,0.094,2.26,15.79,68.62
oci,global,E5,x86(AMD),AMD EPYC 9J14,4,8,0.076,1.82,12.77,55.48
oci,global,E5,x86(AMD),AMD EPYC 9J14,4,16,0.092,2.21,15.46,67.16
oci,global,E5,x86(AMD),AMD EPYC 9J14,4,32,0.124,2.98,20.83,90.52
oci,global,E5,x86(AMD),AMD EPYC 9J14,4,64,0.188,4.51,31.58,137.24
oci,global,E5,x86(AMD),AMD EPYC 9J14,8,16,0.152,3.65,25.54,110.96
oci,global,E5,x86(AMD),AMD EPYC 9J14,8,32,0.184,4.42,30.91,134.32
oci,global,E5,x86(AMD),AMD EPYC 9J14,8,64,0.248,5.95,41.66,181.04
oci,global,E5,x86(AMD),AMD EPYC 9J14,8,128,0.376,9.02,63.17,274.48
oci,global,E5,x86(AMD),AMD EPYC 9J14,16,32,0.304,7.3,51.07,221.92
oci,global,E5,x86(AMD),AMD EPYC 9J14,16,64,0.368,8.83,61.82,268.64
oci,global,E5,x86(AMD),AMD EPYC 9J14,16,128,0.496,11.9,83.33,362.08
oci,global,E5,x86(AMD),AMD EPYC 9J14,16,256,0.752,18.05,126.34,548.96
oci,global,E5,x86(AMD),AMD EPYC 9J14,32,64,0.608,14.59,102.14,443.84
oci,global,E5,x86(AMD),AMD EPYC 9J14,32,128,0.736,17.66,123.65,537.28
oci,global,E5,x86(AMD),AMD EPYC 9J14,32,256,0.992,23.81,166.66,724.16
oci,global,E5,x86(AMD),AMD EPYC 9J14,32,512,1.504,36.1,252.67,1097.92
oci,global,E5,x86(AMD),AMD EPYC 9J14,48,96,0.912,21.89,153.22,665.76
oci,global,E5,x86(AMD),AMD EPYC 9J14,48,192,1.104,26.5,185.47,805.92
oci,global,E5,x86(AMD),AMD EPYC 9J14,48,384,1.488,35.71,249.98,1086.24
oci,global,E5,x86(AMD),AMD EPYC 9J14,48,768,2.256,54.14,379.01,1646.88
oci,global,E5,x86(AMD),AMD EPYC 9J14,64,128,1.216,29.18,204.29,887.68
oci,global,E5,x86(AMD),AMD EPYC 9J14,64,256,1.472,35.33,247.3,1074.56
oci,global,E5,x86(AMD),AMD EPYC 9J14,64,512,1.984,47.62,333.31,1448.32
oci,global,E5,x86(AMD),AMD EPYC 9J14,64,1024,3.008,72.19,505.34,2195.84
oci,global,E5,x86(AMD),AMD EPYC 9J14,96,192,1.824,43.78,306.43,1331.52
oci,global,E5,x86(AMD),AMD EPYC 9J14,96,384,2.208,52.99,370.94,1611.84
oci,global,E5,x86(AMD),AMD EPYC 9J14,96,768,2.976,71.42,499.97,2172.48
oci,global,E5,x86(AMD),AMD EPYC 9J14,96,1536,4.512,108.29,758.02,3293.76
oci,global,E5,x86(AMD),AMD EPYC 9J14,128,256,2.432,58.37,408.58,1775.36
oci,global,E5,x86(AMD),AMD EPYC 9J14,128,512,2.944,70.66,494.59,2149.12
oci,global,E5,x86(AMD),AMD EPYC 9J14,128,1024,3.968,95.23,666.62,2896.64
oci,global,E5,x86(AMD),AMD EPYC 9J14,128,2048,6.016,144.38,1010.69,4391.68
oci,global,E5,x86(AMD),AMD EPYC 9J14,192,384,3.648,87.55,612.86,2663.04
oci,global,E5,x86(AMD),AMD EPYC 9J14,192,768,4.416,105.98,741.89,3223.68
oci,global,E5,x86(AMD),AMD EPYC 9J14,192,1536,5.952,142.85,999.94,4344.96
oci,global,E6,x86(AMD),AMD EPYC 9J45,2,4,0.038,0.91,6.38,27.74
oci,global,E6,x86(AMD),AMD EPYC 9J45,2,8,0.046,1.1,7.73,33.58
oci,global,E6,x86(AMD),AMD EPYC 9J45,2,16,0.062,1.49,10.42,45.26
oci,global,E6,x86(AMD),AMD EPYC 9J45,2,32,0.094,2.26,15.79,68.62
oci,global,E6,x86(AMD),AMD EPYC 9J45,4,8,0.076,1.82,12.77,55.48
oci,global,E6,x86(AMD),AMD EPYC 9J45,4,16,0.092,2.21,15.46,67.16
oci,global,E6,x86(AMD),AMD EPYC 9J45,4,32,0.124,2.98,20.83,90.52
oci,global,E6,x86(AMD),AMD EPYC 9J45,4,64,0.188,4.51,31.58,137.24
oci,global,E6,x86(AMD),AMD EPYC 9J45,8,16,0.152,3.65,25.54,110.96
oci,global,E6,x86(AMD),AMD EPYC 9J45,8,32,0.184,4.42,30.91,134.32
oci,global,E6,x86(AMD),AMD EPYC 9J45,8,64,0.248,5.95,41.66,181.04
oci,global,E6,x86(AMD),AMD EPYC 9J45,8,128,0.376,9.02,63.17,274.48
oci,global,E6,x86(AMD),AMD EPYC 9J45,16,32,0.304,7.3,51.07,221.92
oci,global,E6,x86(AMD),AMD EPYC 9J45,16,64,0.368,8.83,61.82,268.64
oci,global,E6,x86(AMD),AMD EPYC 9J45,16,128,0.496,11.9,83.33,362.08
oci,global,E6,x86(AMD),AMD EPYC 9J45,16,256,0.752,18.05,126.34,548.96
oci,global,E6,x86(AMD),AMD EPYC 9J45,32,64,0.608,14.59,102.14,443.84
oci,global,E6,x86(AMD),AMD EPYC 9J45,32,128,0.736,17.66,123.65,537.28
oci,global,E6,x86(AMD),AMD EPYC 9J45,32,256,0.992,23.81,166.66,724.16
oci,global,E6,x86(AMD),AMD EPYC 9J45,32,512,1.504,36.1,252.67,1097.92
oci,global,E6,x86(AMD),AMD EPYC 9J45,48,96,0.912,21.89,153.22,665.76
oci,global,E6,x86(AMD),AMD EPYC 9J45,48,192,1.104,26.5,185.47,805.92
oci,global,E6,x86(AMD),AMD EPYC 9J45,48,384,1.488,35.71,249.98,1086.24
oci,global,E6,x86(AMD),AMD EPYC 9J45,48,768,2.256,54.14,379.01,1646.88
oci,global,E6,x86(AMD),AMD EPYC 9J45,64,128,1.216,29.18,204.29,887.68
oci,global,E6,x86(AMD),AMD EPYC 9J45,64,256,1.472,35.33,247.3,1074.56
oci,global,E6,x86(AMD),AMD EPYC 9J45,64,512,1.984,47.62,333.31,1448.32
oci,global,E6,x86(AMD),AMD EPYC 9J45,64,1024,3.008,72.19,505.34,2195.84
oci,global,E6,x86(AMD),AMD EPYC 9J45,96,192,1.824,43.78,306.43,1331.52
oci,global,E6,x86(AMD),AMD EPYC 9J45,96,384,2.208,52.99,370.94,1611.84
oci,global,E6,x86(AMD),AMD EPYC 9J45,96,768,2.976,71.42,499.97,2172.48
oci,global,E6,x86(AMD),AMD EPYC 9J45,128,256,2.432,58.37,408.58,1775.36
oci,global,E6,x86(AMD),AMD EPYC 9J45,128,512,2.944,70.66,494.59,2149.12
oci,global,E6,x86(AMD),AMD EPYC 9J45,128,1024,3.968,95.23,666.62,2896.64
oci,global,E6,x86(AMD),AMD EPYC 9J45,192,384,3.648,87.55,612.86,2663.04
oci,global,E6,x86(AMD),AMD EPYC 9J45,192,768,4.416,105.98,741.89,3223.68
oci,global,E6 Ax,x86(AMD),AMD EPYC 9J45,2,4,0.057,1.37,9.58,41.61
oci,global,E6 Ax,x86(AMD),AMD EPYC 9J45,2,8,0.1002,2.4,16.83,73.15
oci,global,E6 Ax,x86(AMD),AMD EPYC 9J45,2,16,0.1866,4.48,31.35,136.22
oci,global,E6 Ax,x86(AMD),AMD EPYC 9J45,2,32,0.3594,8.63,60.38,262.36
oci,global,E6 Ax,x86(AMD),AMD EPYC 9J45,4,8,0.114,2.74,19.15,83.22
oci,global,E6 Ax,x86(AMD),AMD EPYC 9J45,4,16,0.2004,4.81,33.67,146.29
oci,global,E6 Ax,x86(AMD),AMD EPYC 9J45,4,32,0.3732,8.96,62.7,272.44
oci,global,E6 Ax,x86(AMD),AMD EPYC 9J45,4,64,0.7188,17.25,120.76,524.72
oci,global,E6 Ax,x86(AMD),AMD EPYC 9J45,8,16,0.228,5.47,38.3,166.44
oci,global,E6 Ax,x86(AMD),AMD EPYC 9J45,8,32,0.4008,9.62,67.33,292.58
oci,global,E6 Ax,x86(AMD),AMD EPYC 9J45,8,64,0.7464,17.91,125.4,544.87
oci,global,E6 Ax,x86(AMD),AMD EPYC 9J45,8,128,1.4376,34.5,241.52,1049.45
oci,global,E6 Ax,x86(AMD),AMD EPYC 9J45,16,32,0.456,10.94,76.61,332.88
oci,global,E6 Ax,x86(AMD),AMD EPYC 9J45,16,64,0.8016,19.24,134.67,585.17
oci,global,E6 Ax,x86(AMD),AMD EPYC 9J45,16,128,1.4928,35.83,250.79,1089.74
oci,global,E6 Ax,x86(AMD),AMD EPYC 9J45,16,256,2.8752,69.0,483.03,2098.9
oci,global,E6 Ax,x86(AMD),AMD EPYC 9J45,32,64,0.912,21.89,153.22,665.76
oci,global,E6 Ax,x86(AMD),AMD EPYC 9J45,32,128,1.6032,38.48,269.34,1170.34
oci,global,E6 Ax,x86(AMD),AMD EPYC 9J45,32,256,2.9856,71.65,501.58,2179.49
oci,global,E6 Ax,x86(AMD),AMD EPYC 9J45,32,512,5.7504,138.01,966.07,4197.79
oci,global,E6 Ax,x86(AMD),AMD EPYC 9J45,48,96,1.368,32.83,229.82,998.64
oci,global,E6 Ax,x86(AMD),AMD EPYC 9J45,48,192,2.4048,57.72,404.01,1755.5
oci,global,E6 Ax,x86(AMD),AMD EPYC 9J45,48,384,4.4784,107.48,752.37,3269.23
oci,global,E6 Ax,x86(AMD),AMD EPYC 9J45,64,128,1.824,43.78,306.43,1331.52
oci,global,E6 Ax,x86(AMD),AMD EPYC 9J45,64,256,3.2064,76.95,538.68,2340.67
oci,global,E6 Ax,x86(AMD),AMD EPYC 9J45,64,512,5.9712,143.31,1003.16,4358.98
oci,global,E6 Ax,x86(AMD),AMD EPYC 9J45,96,192,2.736,65.66,459.65,1997.28
oci,global,E6 Ax,x86(AMD),AMD EPYC 9J45,96,384,4.8096,115.43,808.01,3511.01
oci,global,E6 Ax,x86(AMD),AMD EPYC 9J45,128,256,3.648,87.55,612.86,2663.04
oci,global,E6 Ax,x86(AMD),AMD EPYC 9J45,128,512,6.4128,153.91,1077.35,4681.34
oci,global,X9,x86(Intel),Intel Xeon Platinum 8358,2,4,0.046,1.1,7.73,33.58
oci,global,X9,x86(Intel),Intel Xeon Platinum 8358,2,8,0.052,1.25,8.74,37.96
oci,global,X9,x86(Intel),Intel Xeon Platinum 8358,2,16,0.064,1.54,10.75,46.72
oci,global,X9,x86(Intel),Intel Xeon Platinum 8358,2,32,0.088,2.11,14.78,64.24
oci,global,X9,x86(Intel),Intel Xeon Platinum 8358,4,8,0.092,2.21,15.46,67.16
oci,global,X9,x86(Intel),Intel Xeon Platinum 8358,4,16,0.104,2.5,17.47,75.92
oci,global,X9,x86(Intel),Intel Xeon Platinum 8358,4,32,0.128,3.07,21.5,93.44
oci,global,X9,x86(Intel),Intel Xeon Platinum 8358,4,64,0.176,4.22,29.57,128.48
oci,global,X9,x86(Intel),Intel Xeon Platinum 8358,8,16,0.184,4.42,30.91,134.32
oci,global,X9,x86(Intel),Intel Xeon Platinum 8358,8,32,0.208,4.99,34.94,151.84
oci,global,X9,x86(Intel),Intel Xeon Platinum 8358,8,64,0.256,6.14,43.01,186.88
oci,global,X9,x86(Intel),Intel Xeon Platinum 8358,8,128,0.352,8.45,59.14,256.96
oci,global,X9,x86(Intel),Intel Xeon Platinum 8358,16,32,0.368,8.83,61.82,268.64
oci,global,X9,x86(Intel),Intel Xeon Platinum 8358,16,64,0.416,9.98,69.89,303.68
oci,global,X9,x86(Intel),Intel Xeon Platinum 8358,16,128,0.512,12.29,86.02,373.76
oci,global,X9,x86(Intel),Intel Xeon Platinum 8358,16,256,0.704,16.9,118.27,513.92
oci,global,X9,x86(Intel),Intel Xeon Platinum 8358,32,64,0.736,17.66,123.65,537.28
oci,global,X9,x86(Intel),Intel Xeon Platinum 8358,32,128,0.832,19.97,139.78,607.36
oci,global,X9,x86(Intel),Intel Xeon Platinum 8358,32,256,1.024,24.58,172.03,747.52
oci,global,X9,x86(Intel),Intel Xeon Platinum 8358,32,512,1.408,33.79,236.54,1027.84
oci,global,X9,x86(Intel),Intel Xeon Platinum 8358,48,96,1.104,26.5,185.47,805.92
oci,global,X9,x86(Intel),Intel Xeon Platinum 8358,48,192,1.248,29.95,209.66,911.04
oci,global,X9,x86(Intel),Intel Xeon Platinum 8358,48,384,1.536,36.86,258.05,1121.28
oci,global,X9,x86(Intel),Intel Xeon Platinum 8358,48,768,2.112,50.69,354.82,1541.76
oci,global,X9,x86(Intel),Intel Xeon Platinum 8358,64,128,1.472,35.33,247.3,1074.56
oci,global,X9,x86(Intel),Intel Xeon Platinum 8358,64,256,1.664,39.94,279.55,1214.72
oci,global,X9,x86(Intel),Intel Xeon Platinum 8358,64,512,2.048,49.15,344.06,1495.04
oci,global,X9,x86(Intel),Intel Xeon Platinum 8358,96,192,2.208,52.99,370.94,1611.84
oci,global,X9,x86(Intel),Intel Xeon Platinum 8358,96,384,2.496,59.9,419.33,1822.08
oci,global,X9,x86(Intel),Intel Xeon Platinum 8358,96,768,3.072,73.73,516.1,2242.56
oci,global,X12 Ax,x86(Intel),Intel Xeon 6987P-C,2,4,0.0575,1.38,9.66,41.98
oci,global,X12 Ax,x86(Intel),Intel Xeon 6987P-C,2,8,0.1031,2.47,17.32,75.26
oci,global,X12 Ax,x86(Intel),Intel Xeon 6987P-C,2,16,0.1943,4.66,32.64,141.84
oci,global,X12 Ax,x86(Intel),Intel Xeon 6987P-C,2,32,0.3767,9.04,63.29,274.99
oci,global,X12 Ax,x86(Intel),Intel Xeon 6987P-C,4,8,0.115,2.76,19.32,83.95
oci,global,X12 Ax,x86(Intel),Intel Xeon 6987P-C,4,16,0.2062,4.95,34.64,150.53
oci,global,X12 Ax,x86(Intel),Intel Xeon 6987P-C,4,32,0.3886,9.33,65.28,283.68
oci,global,X12 Ax,x86(Intel),Intel Xeon 6987P-C,4,64,0.7534,18.08,126.57,549.98
oci,global,X12 Ax,x86(Intel),Intel Xeon 6987P-C,8,16,0.23,5.52,38.64,167.9
oci,global,X12 Ax,x86(Intel),Intel Xeon 6987P-C,8,32,0.4124,9.9,69.28,301.05
oci,global,X12 Ax,x86(Intel),Intel Xeon 6987P-C,8,64,0.7772,18.65,130.57,567.36
oci,global,X12 Ax,x86(Intel),Intel Xeon 6987P-C,8,128,1.5068,36.16,253.14,1099.96
oci,global,X12 Ax,x86(Intel),Intel Xeon 6987P-C,16,32,0.46,11.04,77.28,335.8
oci,global,X12 Ax,x86(Intel),Intel Xeon 6987P-C,16,64,0.8248,19.8,138.57,602.1
oci,global,X12 Ax,x86(Intel),Intel Xeon 6987P-C,16,128,1.5544,37.31,261.14,1134.71
oci,global,X12 Ax,x86(Intel),Intel Xeon 6987P-C,16,256,3.0136,72.33,506.28,2199.93
oci,global,X12 Ax,x86(Intel),Intel Xeon 6987P-C,32,64,0.92,22.08,154.56,671.6
oci,global,X12 Ax,x86(Intel),Intel Xeon 6987P-C,32,128,1.6496,39.59,277.13,1204.21
oci,global,X12 Ax,x86(Intel),Intel Xeon 6987P-C,32,256,3.1088,74.61,522.28,2269.42
oci,global,X12 Ax,x86(Intel),Intel Xeon 6987P-C,48,96,1.38,33.12,231.84,1007.4
oci,global,X12 Ax,x86(Intel),Intel Xeon 6987P-C,48,192,2.4744,59.39,415.7,1806.31
oci,global,X12 Ax,x86(Intel),Intel Xeon 6987P-C,64,128,1.84,44.16,309.12,1343.2
oci,global,X12 Ax,x86(Intel),Intel Xeon 6987P-C,64,256,3.2992,79.18,554.27,2408.42
aws,af-south-1,c6g,ARM,AWS Graviton2,1,2,0.0456,1.0944,7.661,33.29
aws,af-south-1,c6g,ARM,AWS Graviton2,2,4,0.0912,2.1888,15.322,66.58
aws,af-south-1,c6g,ARM,AWS Graviton2,4,8,0.1824,4.3776,30.643,133.15
aws,af-south-1,c6g,ARM,AWS Graviton2,8,16,0.3648,8.7552,61.286,266.3
aws,af-south-1,c6g,ARM,AWS Graviton2,16,32,0.7296,17.5104,122.573,532.61
aws,af-south-1,c6g,ARM,AWS Graviton2,32,64,1.4592,35.0208,245.146,1065.22
aws,af-south-1,c6g,ARM,AWS Graviton2,48,96,2.1888,52.5312,367.718,1597.82
aws,af-south-1,c6g,ARM,AWS Graviton2,64,128,2.9184,70.0416,490.291,2130.43
aws,af-south-1,c6i,x86(Intel),Intel Xeon Platinum 8375C,2,4,0.114,2.736,19.152,83.22
aws,af-south-1,c6i,x86(Intel),Intel Xeon Platinum 8375C,4,8,0.228,5.472,38.304,166.44
aws,af-south-1,c6i,x86(Intel),Intel Xeon Platinum 8375C,8,16,0.456,10.944,76.608,332.88
aws,af-south-1,c6i,x86(Intel),Intel Xeon Platinum 8375C,16,32,0.912,21.888,153.216,665.76
aws,af-south-1,c6i,x86(Intel),Intel Xeon Platinum 8375C,32,64,1.824,43.776,306.432,1331.52
aws,af-south-1,c6i,x86(Intel),Intel Xeon Platinum 8375C,48,96,2.736,65.664,459.648,1997.28
aws,af-south-1,c6i,x86(Intel),Intel Xeon Platinum 8375C,64,128,3.648,87.552,612.864,2663.04
aws,af-south-1,c6i,x86(Intel),Intel Xeon Platinum 8375C,96,192,5.472,131.328,919.296,3994.56
aws,af-south-1,c6i,x86(Intel),Intel Xeon Platinum 8375C,128,256,7.296,175.104,1225.728,5326.08
aws,af-south-1,c7g,ARM,AWS Graviton3,1,2,0.0485,1.164,8.148,35.4
aws,af-south-1,c7g,ARM,AWS Graviton3,2,4,0.0969,2.3256,16.279,70.74
aws,af-south-1,c7g,ARM,AWS Graviton3,4,8,0.1938,4.6512,32.558,141.47
aws,af-south-1,c7g,ARM,AWS Graviton3,8,16,0.3876,9.3024,65.117,282.95
aws,af-south-1,c7g,ARM,AWS Graviton3,16,32,0.7752,18.6048,130.234,565.9
aws,af-south-1,c7g,ARM,AWS Graviton3,32,64,1.5504,37.2096,260.467,1131.79
aws,af-south-1,c7g,ARM,AWS Graviton3,48,96,2.3256,55.8144,390.701,1697.69
aws,af-south-1,c7g,ARM,AWS Graviton3,64,128,3.1008,74.4192,520.934,2263.58
aws,af-south-1,c7i,x86(Intel),Intel Xeon Platinum 8488C,2,4,0.1197,2.8728,20.11,87.38
aws,af-south-1,c7i,x86(Intel),Intel Xeon Platinum 8488C,4,8,0.2394,5.7456,40.219,174.76
aws,af-south-1,c7i,x86(Intel),Intel Xeon Platinum 8488C,8,16,0.4788,11.4912,80.438,349.52
aws,af-south-1,c7i,x86(Intel),Intel Xeon Platinum 8488C,16,32,0.9576,22.9824,160.877,699.05
aws,af-south-1,c7i,x86(Intel),Intel Xeon Platinum 8488C,32,64,1.9152,45.9648,321.754,1398.1
aws,af-south-1,c7i,x86(Intel),Intel Xeon Platinum 8488C,48,96,2.8728,68.9472,482.63,2097.14
aws,af-south-1,c7i,x86(Intel),Intel Xeon Platinum 8488C,64,128,3.8304,91.9296,643.507,2796.19
aws,af-south-1,c7i,x86(Intel),Intel Xeon Platinum 8488C,96,192,5.7456,137.8944,965.261,4194.29
aws,af-south-1,c7i,x86(Intel),Intel Xeon Platinum 8488C,192,384,11.4912,275.7888,1930.522,8388.58
aws,af-south-1,c8g,ARM,AWS Graviton4,1,2,0.0533,1.2792,8.954,38.91
aws,af-south-1,c8g,ARM,AWS Graviton4,2,4,0.1066,2.5584,17.909,77.82
aws,af-south-1,c8g,ARM,AWS Graviton4,4,8,0.2132,5.1168,35.818,155.64
aws,af-south-1,c8g,ARM,AWS Graviton4,8,16,0.4264,10.2336,71.635,311.27
aws,af-south-1,c8g,ARM,AWS Graviton4,16,32,0.8528,20.4672,143.27,622.54
aws,af-south-1,c8g,ARM,AWS Graviton4,32,64,1.7056,40.9344,286.541,1245.09
aws,af-south-1,c8g,ARM,AWS Graviton4,48,96,2.5584,61.4016,429.811,1867.63
aws,af-south-1,c8g,ARM,AWS Graviton4,64,128,3.4112,81.8688,573.082,2490.18
aws,af-south-1,c8g,ARM,AWS Graviton4,96,192,5.1168,122.8032,859.622,3735.26
aws,af-south-1,c8g,ARM,AWS Graviton4,192,384,10.2336,245.6064,1719.245,7470.53
aws,af-south-1,c8i,x86(Intel),Intel Xeon 6 6975P-C,2,4,0.12569,3.0166,21.116,91.75
aws,af-south-1,c8i,x86(Intel),Intel Xeon 6 6975P-C,4,8,0.25138,6.0331,42.232,183.51
aws,af-south-1,c8i,x86(Intel),Intel Xeon 6 6975P-C,8,16,0.50276,12.0662,84.464,367.01
aws,af-south-1,c8i,x86(Intel),Intel Xeon 6 6975P-C,16,32,1.00552,24.1325,168.927,734.03
aws,af-south-1,c8i,x86(Intel),Intel Xeon 6 6975P-C,32,64,2.01104,48.265,337.855,1468.06
aws,af-south-1,c8i,x86(Intel),Intel Xeon 6 6975P-C,48,96,3.01656,72.3974,506.782,2202.09
aws,af-south-1,c8i,x86(Intel),Intel Xeon 6 6975P-C,64,128,4.02208,96.5299,675.709,2936.12
aws,af-south-1,c8i,x86(Intel),Intel Xeon 6 6975P-C,96,192,6.03312,144.7949,1013.564,4404.18
aws,af-south-1,c8i,x86(Intel),Intel Xeon 6 6975P-C,128,256,8.04416,193.0598,1351.419,5872.24
aws,af-south-1,c8i,x86(Intel),Intel Xeon 6 6975P-C,192,384,12.06624,289.5898,2027.128,8808.36
aws,af-south-1,c8i,x86(Intel),Intel Xeon 6 6975P-C,384,768,24.13248,579.1795,4054.257,17616.71
aws,af-south-1,m6g,ARM,AWS Graviton2,1,4,0.0508,1.2192,8.534,37.08
aws,af-south-1,m6g,ARM,AWS Graviton2,2,8,0.1016,2.4384,17.069,74.17
aws,af-south-1,m6g,ARM,AWS Graviton2,4,16,0.2032,4.8768,34.138,148.34
aws,af-south-1,m6g,ARM,AWS Graviton2,8,32,0.4064,9.7536,68.275,296.67
aws,af-south-1,m6g,ARM,AWS Graviton2,16,64,0.8128,19.5072,136.55,593.34
aws,af-south-1,m6g,ARM,AWS Graviton2,32,128,1.6256,39.0144,273.101,1186.69
aws,af-south-1,m6g,ARM,AWS Graviton2,48,192,2.4384,58.5216,409.651,1780.03
aws,af-south-1,m6g,ARM,AWS Graviton2,64,256,3.2512,78.0288,546.202,2373.38
aws,af-south-1,m6i,x86(Intel),Intel Xeon Platinum 8375C,2,8,0.127,3.048,21.336,92.71
aws,af-south-1,m6i,x86(Intel),Intel Xeon Platinum 8375C,4,16,0.254,6.096,42.672,185.42
aws,af-south-1,m6i,x86(Intel),Intel Xeon Platinum 8375C,8,32,0.508,12.192,85.344,370.84
aws,af-south-1,m6i,x86(Intel),Intel Xeon Platinum 8375C,16,64,1.016,24.384,170.688,741.68
aws,af-south-1,m6i,x86(Intel),Intel Xeon Platinum 8375C,32,128,2.032,48.768,341.376,1483.36
aws,af-south-1,m6i,x86(Intel),Intel Xeon Platinum 8375C,48,192,3.048,73.152,512.064,2225.04
aws,af-south-1,m6i,x86(Intel),Intel Xeon Platinum 8375C,64,256,4.064,97.536,682.752,2966.72
aws,af-south-1,m6i,x86(Intel),Intel Xeon Platinum 8375C,96,384,6.096,146.304,1024.128,4450.08
aws,af-south-1,m6i,x86(Intel),Intel Xeon Platinum 8375C,128,512,8.128,195.072,1365.504,5933.44
aws,af-south-1,m7g,ARM,AWS Graviton3,1,4,0.054,1.296,9.072,39.42
aws,af-south-1,m7g,ARM,AWS Graviton3,2,8,0.108,2.592,18.144,78.84
aws,af-south-1,m7g,ARM,AWS Graviton3,4,16,0.2159,5.1816,36.271,157.61
aws,af-south-1,m7g,ARM,AWS Graviton3,8,32,0.4318,10.3632,72.542,315.21
aws,af-south-1,m7g,ARM,AWS Graviton3,16,64,0.8637,20.7288,145.102,630.5
aws,af-south-1,m7g,ARM,AWS Graviton3,32,128,1.7274,41.4576,290.203,1261.0
aws,af-south-1,m7g,ARM,AWS Graviton3,48,192,2.591,62.184,435.288,1891.43
aws,af-south-1,m7g,ARM,AWS Graviton3,64,256,3.4547,82.9128,580.39,2521.93
aws,af-south-1,m7i,x86(Intel),Intel Xeon Platinum 8488C,2,8,0.13335,3.2004,22.403,97.35
aws,af-south-1,m7i,x86(Intel),Intel Xeon Platinum 8488C,4,16,0.2667,6.4008,44.806,194.69
aws,af-south-1,m7i,x86(Intel),Intel Xeon Platinum 8488C,8,32,0.5334,12.8016,89.611,389.38
aws,af-south-1,m7i,x86(Intel),Intel Xeon Platinum 8488C,16,64,1.0668,25.6032,179.222,778.76
aws,af-south-1,m7i,x86(Intel),Intel Xeon Platinum 8488C,32,128,2.1336,51.2064,358.445,1557.53
aws,af-south-1,m7i,x86(Intel),Intel Xeon Platinum 8488C,48,192,3.2004,76.8096,537.667,2336.29
aws,af-south-1,m7i,x86(Intel),Intel Xeon Platinum 8488C,64,256,4.2672,102.4128,716.89,3115.06
aws,af-south-1,m7i,x86(Intel),Intel Xeon Platinum 8488C,96,384,6.4008,153.6192,1075.334,4672.58
aws,af-south-1,m7i,x86(Intel),Intel Xeon Platinum 8488C,192,768,12.8016,307.2384,2150.669,9345.17
aws,af-south-1,m8g,ARM,AWS Graviton4,1,4,0.05938,1.4251,9.976,43.35
aws,af-south-1,m8g,ARM,AWS Graviton4,2,8,0.11876,2.8502,19.952,86.69
aws,af-south-1,m8g,ARM,AWS Graviton4,4,16,0.23752,5.7005,39.903,173.39
aws,af-south-1,m8g,ARM,AWS Graviton4,8,32,0.47504,11.401,79.807,346.78
aws,af-south-1,m8g,ARM,AWS Graviton4,16,64,0.95008,22.8019,159.613,693.56
aws,af-south-1,m8g,ARM,AWS Graviton4,32,128,1.90016,45.6038,319.227,1387.12
aws,af-south-1,m8g,ARM,AWS Graviton4,48,192,2.85024,68.4058,478.84,2080.68
aws,af-south-1,m8g,ARM,AWS Graviton4,64,256,3.80032,91.2077,638.454,2774.23
aws,af-south-1,m8g,ARM,AWS Graviton4,96,384,5.70048,136.8115,957.681,4161.35
aws,af-south-1,m8g,ARM,AWS Graviton4,192,768,11.40096,273.623,1915.361,8322.7
aws,af-south-1,m8i,x86(Intel),Intel Xeon 6 6975P-C,2,8,0.14002,3.3605,23.523,102.21
aws,af-south-1,m8i,x86(Intel),Intel Xeon 6 6975P-C,4,16,0.28004,6.721,47.047,204.43
aws,af-south-1,m8i,x86(Intel),Intel Xeon 6 6975P-C,8,32,0.56008,13.4419,94.093,408.86
aws,af-south-1,m8i,x86(Intel),Intel Xeon 6 6975P-C,16,64,1.12016,26.8838,188.187,817.72
aws,af-south-1,m8i,x86(Intel),Intel Xeon 6 6975P-C,32,128,2.24032,53.7677,376.374,1635.43
aws,af-south-1,m8i,x86(Intel),Intel Xeon 6 6975P-C,48,192,3.36048,80.6515,564.561,2453.15
aws,af-south-1,m8i,x86(Intel),Intel Xeon 6 6975P-C,64,256,4.48064,107.5354,752.748,3270.87
aws,af-south-1,m8i,x86(Intel),Intel Xeon 6 6975P-C,96,384,6.72096,161.303,1129.121,4906.3
aws,af-south-1,m8i,x86(Intel),Intel Xeon 6 6975P-C,128,512,8.96128,215.0707,1505.495,6541.73
aws,af-south-1,m8i,x86(Intel),Intel Xeon 6 6975P-C,192,768,13.44192,322.6061,2258.243,9812.6
aws,af-south-1,m8i,x86(Intel),Intel Xeon 6 6975P-C,384,1536,26.88384,645.2122,4516.485,19625.2
aws,af-south-1,r6g,ARM,AWS Graviton2,1,8,0.0672,1.6128,11.29,49.06
aws,af-south-1,r6g,ARM,AWS Graviton2,2,16,0.1344,3.2256,22.579,98.11
aws,af-south-1,r6g,ARM,AWS Graviton2,4,32,0.2688,6.4512,45.158,196.22
aws,af-south-1,r6g,ARM,AWS Graviton2,8,64,0.5376,12.9024,90.317,392.45
aws,af-south-1,r6g,ARM,AWS Graviton2,16,128,1.0752,25.8048,180.634,784.9
aws,af-south-1,r6g,ARM,AWS Graviton2,32,256,2.1504,51.6096,361.267,1569.79
aws,af-south-1,r6g,ARM,AWS Graviton2,48,384,3.2256,77.4144,541.901,2354.69
aws,af-south-1,r6g,ARM,AWS Graviton2,64,512,4.3008,103.2192,722.534,3139.58
aws,af-south-1,r6i,x86(Intel),Intel Xeon Platinum 8375C,2,16,0.168,4.032,28.224,122.64
aws,af-south-1,r6i,x86(Intel),Intel Xeon Platinum 8375C,4,32,0.336,8.064,56.448,245.28
aws,af-south-1,r6i,x86(Intel),Intel Xeon Platinum 8375C,8,64,0.672,16.128,112.896,490.56
aws,af-south-1,r6i,x86(Intel),Intel Xeon Platinum 8375C,16,128,1.344,32.256,225.792,981.12
aws,af-south-1,r6i,x86(Intel),Intel Xeon Platinum 8375C,32,256,2.688,64.512,451.584,1962.24
aws,af-south-1,r6i,x86(Intel),Intel Xeon Platinum 8375C,48,384,4.032,96.768,677.376,2943.36
aws,af-south-1,r6i,x86(Intel),Intel Xeon Platinum 8375C,64,512,5.376,129.024,903.168,3924.48
aws,af-south-1,r6i,x86(Intel),Intel Xeon Platinum 8375C,96,768,8.064,193.536,1354.752,5886.72
aws,af-south-1,r6i,x86(Intel),Intel Xeon Platinum 8375C,128,1024,10.752,258.048,1806.336,7848.96
aws,af-south-1,r7g,ARM,AWS Graviton3,1,8,0.0714,1.7136,11.995,52.12
aws,af-south-1,r7g,ARM,AWS Graviton3,2,16,0.1428,3.4272,23.99,104.24
aws,af-south-1,r7g,ARM,AWS Graviton3,4,32,0.2856,6.8544,47.981,208.49
aws,af-south-1,r7g,ARM,AWS Graviton3,8,64,0.5712,13.7088,95.962,416.98
aws,af-south-1,r7g,ARM,AWS Graviton3,16,128,1.1424,27.4176,191.923,833.95
aws,af-south-1,r7g,ARM,AWS Graviton3,32,256,2.2848,54.8352,383.846,1667.9
aws,af-south-1,r7g,ARM,AWS Graviton3,48,384,3.4272,82.2528,575.77,2501.86
aws,af-south-1,r7g,ARM,AWS Graviton3,64,512,4.5696,109.6704,767.693,3335.81
aws,af-south-1,r8g,ARM,AWS Graviton4,1,8,0.07854,1.885,13.195,57.33
aws,af-south-1,r8g,ARM,AWS Graviton4,2,16,0.15708,3.7699,26.389,114.67
aws,af-south-1,r8g,ARM,AWS Graviton4,4,32,0.31416,7.5398,52.779,229.34
aws,af-south-1,r8g,ARM,AWS Graviton4,8,64,0.62832,15.0797,105.558,458.67
aws,af-south-1,r8g,ARM,AWS Graviton4,16,128,1.25664,30.1594,211.116,917.35
aws,af-south-1,r8g,ARM,AWS Graviton4,32,256,2.51328,60.3187,422.231,1834.69
aws,af-south-1,r8g,ARM,AWS Graviton4,48,384,3.76992,90.4781,633.347,2752.04
aws,af-south-1,r8g,ARM,AWS Graviton4,64,512,5.02656,120.6374,844.462,3669.39
aws,af-south-1,r8g,ARM,AWS Graviton4,96,768,7.53984,180.9562,1266.693,5504.08
aws,af-south-1,r8g,ARM,AWS Graviton4,192,1536,15.07968,361.9123,2533.386,11008.17
aws,af-south-1,r8i,x86(Intel),Intel Xeon 6 6985P-C,2,16,0.18522,4.4453,31.117,135.21
aws,af-south-1,r8i,x86(Intel),Intel Xeon 6 6985P-C,4,32,0.37044,8.8906,62.234,270.42
aws,af-south-1,r8i,x86(Intel),Intel Xeon 6 6985P-C,8,64,0.74088,17.7811,124.468,540.84
aws,af-south-1,r8i,x86(Intel),Intel Xeon 6 6985P-C,16,128,1.48176,35.5622,248.936,1081.68
aws,af-south-1,r8i,x86(Intel),Intel Xeon 6 6985P-C,32,256,2.96352,71.1245,497.871,2163.37
aws,af-south-1,r8i,x86(Intel),Intel Xeon 6 6985P-C,48,384,4.44528,106.6867,746.807,3245.05
aws,af-south-1,r8i,x86(Intel),Intel Xeon 6 6985P-C,64,512,5.92704,142.249,995.743,4326.74
aws,af-south-1,r8i,x86(Intel),Intel Xeon 6 6985P-C,96,768,8.89056,213.3734,1493.614,6490.11
aws,af-south-1,r8i,x86(Intel),Intel Xeon 6 6985P-C,128,1024,11.85408,284.4979,1991.485,8653.48
aws,af-south-1,r8i,x86(Intel),Intel Xeon 6 6985P-C,192,1536,17.78112,426.7469,2987.228,12980.22
aws,af-south-1,r8i,x86(Intel),Intel Xeon 6 6985P-C,384,3072,35.56224,853.4938,5974.456,25960.44
aws,ap-east-1,c6a,x86(AMD),AMD EPYC 7R13,2,4,0.0972,2.3328,16.33,70.96
aws,ap-east-1,c6a,x86(AMD),AMD EPYC 7R13,4,8,0.1944,4.6656,32.659,141.91
aws,ap-east-1,c6a,x86(AMD),AMD EPYC 7R13,8,16,0.3888,9.3312,65.318,283.82
aws,ap-east-1,c6a,x86(AMD),AMD EPYC 7R13,16,32,0.7776,18.6624,130.637,567.65
aws,ap-east-1,c6a,x86(AMD),AMD EPYC 7R13,32,64,1.5552,37.3248,261.274,1135.3
aws,ap-east-1,c6a,x86(AMD),AMD EPYC 7R13,48,96,2.3328,55.9872,391.91,1702.94
aws,ap-east-1,c6a,x86(AMD),AMD EPYC 7R13,64,128,3.1104,74.6496,522.547,2270.59
aws,ap-east-1,c6a,x86(AMD),AMD EPYC 7R13,96,192,4.6656,111.9744,783.821,3405.89
aws,ap-east-1,c6a,x86(AMD),AMD EPYC 7R13,128,256,6.2208,149.2992,1045.094,4541.18
aws,ap-east-1,c6a,x86(AMD),AMD EPYC 7R13,192,384,9.3312,223.9488,1567.642,6811.78
aws,ap-east-1,c6g,ARM,AWS Graviton2,1,2,0.043,1.032,7.224,31.39
aws,ap-east-1,c6g,ARM,AWS Graviton2,2,4,0.086,2.064,14.448,62.78
aws,ap-east-1,c6g,ARM,AWS Graviton2,4,8,0.172,4.128,28.896,125.56
aws,ap-east-1,c6g,ARM,AWS Graviton2,8,16,0.344,8.256,57.792,251.12
aws,ap-east-1,c6g,ARM,AWS Graviton2,16,32,0.688,16.512,115.584,502.24
aws,ap-east-1,c6g,ARM,AWS Graviton2,32,64,1.376,33.024,231.168,1004.48
aws,ap-east-1,c6g,ARM,AWS Graviton2,48,96,2.064,49.536,346.752,1506.72
aws,ap-east-1,c6g,ARM,AWS Graviton2,64,128,2.752,66.048,462.336,2008.96
aws,ap-east-1,c6i,x86(Intel),Intel Xeon Platinum 8375C,2,4,0.108,2.592,18.144,78.84
aws,ap-east-1,c6i,x86(Intel),Intel Xeon Platinum 8375C,4,8,0.216,5.184,36.288,157.68
aws,ap-east-1,c6i,x86(Intel),Intel Xeon Platinum 8375C,8,16,0.432,10.368,72.576,315.36
aws,ap-east-1,c6i,x86(Intel),Intel Xeon Platinum 8375C,16,32,0.864,20.736,145.152,630.72
aws,ap-east-1,c6i,x86(Intel),Intel Xeon Platinum 8375C,32,64,1.728,41.472,290.304,1261.44
aws,ap-east-1,c6i,x86(Intel),Intel Xeon Platinum 8375C,48,96,2.592,62.208,435.456,1892.16
aws,ap-east-1,c6i,x86(Intel),Intel Xeon Platinum 8375C,64,128,3.456,82.944,580.608,2522.88
aws,ap-east-1,c6i,x86(Intel),Intel Xeon Platinum 8375C,96,192,5.184,124.416,870.912,3784.32
aws,ap-east-1,c6i,x86(Intel),Intel Xeon Platinum 8375C,128,256,6.912,165.888,1161.216,5045.76
aws,ap-east-1,c7g,ARM,AWS Graviton3,1,2,0.0455,1.092,7.644,33.21
aws,ap-east-1,c7g,ARM,AWS Graviton3,2,4,0.091,2.184,15.288,66.43
aws,ap-east-1,c7g,ARM,AWS Graviton3,4,8,0.182,4.368,30.576,132.86
aws,ap-east-1,c7g,ARM,AWS Graviton3,8,16,0.364,8.736,61.152,265.72
aws,ap-east-1,c7g,ARM,AWS Graviton3,16,32,0.728,17.472,122.304,531.44
aws,ap-east-1,c7g,ARM,AWS Graviton3,32,64,1.456,34.944,244.608,1062.88
aws,ap-east-1,c7g,ARM,AWS Graviton3,48,96,2.184,52.416,366.912,1594.32
aws,ap-east-1,c7g,ARM,AWS Graviton3,64,128,2.912,69.888,489.216,2125.76
aws,ap-east-1,c7i,x86(Intel),Intel Xeon Platinum 8488C,2,4,0.1134,2.7216,19.051,82.78
aws,ap-east-1,c7i,x86(Intel),Intel Xeon Platinum 8488C,4,8,0.2268,5.4432,38.102,165.56
aws,ap-east-1,c7i,x86(Intel),Intel Xeon Platinum 8488C,8,16,0.4536,10.8864,76.205,331.13
aws,ap-east-1,c7i,x86(Intel),Intel Xeon Platinum 8488C,16,32,0.9072,21.7728,152.41,662.26
aws,ap-east-1,c7i,x86(Intel),Intel Xeon Platinum 8488C,32,64,1.8144,43.5456,304.819,1324.51
aws,ap-east-1,c7i,x86(Intel),Intel Xeon Platinum 8488C,48,96,2.7216,65.3184,457.229,1986.77
aws,ap-east-1,c7i,x86(Intel),Intel Xeon Platinum 8488C,64,128,3.6288,87.0912,609.638,2649.02
aws,ap-east-1,c7i,x86(Intel),Intel Xeon Platinum 8488C,96,192,5.4432,130.6368,914.458,3973.54
aws,ap-east-1,c7i,x86(Intel),Intel Xeon Platinum 8488C,192,384,10.8864,261.2736,1828.915,7947.07
aws,ap-east-1,c8g,ARM,AWS Graviton4,1,2,0.05005,1.2012,8.408,36.54
aws,ap-east-1,c8g,ARM,AWS Graviton4,2,4,0.1001,2.4024,16.817,73.07
aws,ap-east-1,c8g,ARM,AWS Graviton4,4,8,0.2002,4.8048,33.634,146.15
aws,ap-east-1,c8g,ARM,AWS Graviton4,8,16,0.4004,9.6096,67.267,292.29
aws,ap-east-1,c8g,ARM,AWS Graviton4,16,32,0.8008,19.2192,134.534,584.58
aws,ap-east-1,c8g,ARM,AWS Graviton4,32,64,1.6016,38.4384,269.069,1169.17
aws,ap-east-1,c8g,ARM,AWS Graviton4,48,96,2.4024,57.6576,403.603,1753.75
aws,ap-east-1,c8g,ARM,AWS Graviton4,64,128,3.2032,76.8768,538.138,2338.34
aws,ap-east-1,c8g,ARM,AWS Graviton4,96,192,4.8048,115.3152,807.206,3507.5
aws,ap-east-1,c8g,ARM,AWS Graviton4,192,384,9.6096,230.6304,1614.413,7015.01
aws,ap-east-1,m6g,ARM,AWS Graviton2,1,4,0.053,1.272,8.904,38.69
aws,ap-east-1,m6g,ARM,AWS Graviton2,2,8,0.106,2.544,17.808,77.38
aws,ap-east-1,m6g,ARM,AWS Graviton2,4,16,0.212,5.088,35.616,154.76
aws,ap-east-1,m6g,ARM,AWS Graviton2,8,32,0.424,10.176,71.232,309.52
aws,ap-east-1,m6g,ARM,AWS Graviton2,16,64,0.848,20.352,142.464,619.04
aws,ap-east-1,m6g,ARM,AWS Graviton2,32,128,1.696,40.704,284.928,1238.08
aws,ap-east-1,m6g,ARM,AWS Graviton2,48,192,2.544,61.056,427.392,1857.12
aws,ap-east-1,m6g,ARM,AWS Graviton2,64,256,3.392,81.408,569.856,2476.16
aws,ap-east-1,m6i,x86(Intel),Intel Xeon Platinum 8375C,2,8,0.132,3.168,22.176,96.36
aws,ap-east-1,m6i,x86(Intel),Intel Xeon Platinum 8375C,4,16,0.264,6.336,44.352,192.72
aws,ap-east-1,m6i,x86(Intel),Intel Xeon Platinum 8375C,8,32,0.528,12.672,88.704,385.44
aws,ap-east-1,m6i,x86(Intel),Intel Xeon Platinum 8375C,16,64,1.056,25.344,177.408,770.88
aws,ap-east-1,m6i,x86(Intel),Intel Xeon Platinum 8375C,32,128,2.112,50.688,354.816,1541.76
aws,ap-east-1,m6i,x86(Intel),Intel Xeon Platinum 8375C,48,192,3.168,76.032,532.224,2312.64
aws,ap-east-1,m6i,x86(Intel),Intel Xeon Platinum 8375C,64,256,4.224,101.376,709.632,3083.52
aws,ap-east-1,m6i,x86(Intel),Intel Xeon Platinum 8375C,96,384,6.336,152.064,1064.448,4625.28
aws,ap-east-1,m6i,x86(Intel),Intel Xeon Platinum 8375C,128,512,8.448,202.752,1419.264,6167.04
aws,ap-east-1,m7g,ARM,AWS Graviton3,1,4,0.0561,1.3464,9.425,40.95
aws,ap-east-1,m7g,ARM,AWS Graviton3,2,8,0.1122,2.6928,18.85,81.91
aws,ap-east-1,m7g,ARM,AWS Graviton3,4,16,0.2244,5.3856,37.699,163.81
aws,ap-east-1,m7g,ARM,AWS Graviton3,8,32,0.4488,10.7712,75.398,327.62
aws,ap-east-1,m7g,ARM,AWS Graviton3,16,64,0.8976,21.5424,150.797,655.25
aws,ap-east-1,m7g,ARM,AWS Graviton3,32,128,1.7952,43.0848,301.594,1310.5
aws,ap-east-1,m7g,ARM,AWS Graviton3,48,192,2.6928,64.6272,452.39,1965.74
aws,ap-east-1,m7g,ARM,AWS Graviton3,64,256,3.5904,86.1696,603.187,2620.99
aws,ap-east-1,m7i,x86(Intel),Intel Xeon Platinum 8488C,2,8,0.1386,3.3264,23.285,101.18
aws,ap-east-1,m7i,x86(Intel),Intel Xeon Platinum 8488C,4,16,0.2772,6.6528,46.57,202.36
aws,ap-east-1,m7i,x86(Intel),Intel Xeon Platinum 8488C,8,32,0.5544,13.3056,93.139,404.71
aws,ap-east-1,m7i,x86(Intel),Intel Xeon Platinum 8488C,16,64,1.1088,26.6112,186.278,809.42
aws,ap-east-1,m7i,x86(Intel),Intel Xeon Platinum 8488C,32,128,2.2176,53.2224,372.557,1618.85
aws,ap-east-1,m7i,x86(Intel),Intel Xeon Platinum 8488C,48,192,3.3264,79.8336,558.835,2428.27
aws,ap-east-1,m7i,x86(Intel),Intel Xeon Platinum 8488C,64,256,4.4352,106.4448,745.114,3237.7
aws,ap-east-1,m7i,x86(Intel),Intel Xeon Platinum 8488C,96,384,6.6528,159.6672,1117.67,4856.54
aws,ap-east-1,m7i,x86(Intel),Intel Xeon Platinum 8488C,192,768,13.3056,319.3344,2235.341,9713.09
aws,ap-east-1,m8g,ARM,AWS Graviton4,1,4,0.06171,1.481,10.367,45.05
aws,ap-east-1,m8g,ARM,AWS Graviton4,2,8,0.12342,2.9621,20.735,90.1
aws,ap-east-1,m8g,ARM,AWS Graviton4,4,16,0.24684,5.9242,41.469,180.19
aws,ap-east-1,m8g,ARM,AWS Graviton4,8,32,0.49368,11.8483,82.938,360.39
aws,ap-east-1,m8g,ARM,AWS Graviton4,16,64,0.98736,23.6966,165.876,720.77
aws,ap-east-1,m8g,ARM,AWS Graviton4,32,128,1.97472,47.3933,331.753,1441.55
aws,ap-east-1,m8g,ARM,AWS Graviton4,48,192,2.96208,71.0899,497.629,2162.32
aws,ap-east-1,m8g,ARM,AWS Graviton4,64,256,3.94944,94.7866,663.506,2883.09
aws,ap-east-1,m8g,ARM,AWS Graviton4,96,384,5.92416,142.1798,995.259,4324.64
aws,ap-east-1,m8g,ARM,AWS Graviton4,192,768,11.84832,284.3597,1990.518,8649.27
aws,ap-east-1,r6g,ARM,AWS Graviton2,1,8,0.067,1.608,11.256,48.91
aws,ap-east-1,r6g,ARM,AWS Graviton2,2,16,0.134,3.216,22.512,97.82
aws,ap-east-1,r6g,ARM,AWS Graviton2,4,32,0.268,6.432,45.024,195.64
aws,ap-east-1,r6g,ARM,AWS Graviton2,8,64,0.536,12.864,90.048,391.28
aws,ap-east-1,r6g,ARM,AWS Graviton2,16,128,1.072,25.728,180.096,782.56
aws,ap-east-1,r6g,ARM,AWS Graviton2,32,256,2.144,51.456,360.192,1565.12
aws,ap-east-1,r6g,ARM,AWS Graviton2,48,384,3.216,77.184,540.288,2347.68
aws,ap-east-1,r6g,ARM,AWS Graviton2,64,512,4.288,102.912,720.384,3130.24
aws,ap-east-1,r6i,x86(Intel),Intel Xeon Platinum 8375C,2,16,0.167,4.008,28.056,121.91
aws,ap-east-1,r6i,x86(Intel),Intel Xeon Platinum 8375C,4,32,0.334,8.016,56.112,243.82
aws,ap-east-1,r6i,x86(Intel),Intel Xeon Platinum 8375C,8,64,0.668,16.032,112.224,487.64
aws,ap-east-1,r6i,x86(Intel),Intel Xeon Platinum 8375C,16,128,1.336,32.064,224.448,975.28
aws,ap-east-1,r6i,x86(Intel),Intel Xeon Platinum 8375C,32,256,2.672,64.128,448.896,1950.56
aws,ap-east-1,r6i,x86(Intel),Intel Xeon Platinum 8375C,48,384,4.008,96.192,673.344,2925.84
aws,ap-east-1,r6i,x86(Intel),Intel Xeon Platinum 8375C,64,512,5.344,128.256,897.792,3901.12
aws,ap-east-1,r6i,x86(Intel),Intel Xeon Platinum 8375C,96,768,8.016,192.384,1346.688,5851.68
aws,ap-east-1,r6i,x86(Intel),Intel Xeon Platinum 8375C,128,1024,10.688,256.512,1795.584,7802.24
aws,ap-east-1,r7g,ARM,AWS Graviton3,1,8,0.071,1.704,11.928,51.83
aws,ap-east-1,r7g,ARM,AWS Graviton3,2,16,0.142,3.408,23.856,103.66
aws,ap-east-1,r7g,ARM,AWS Graviton3,4,32,0.284,6.816,47.712,207.32
aws,ap-east-1,r7g,ARM,AWS Graviton3,8,64,0.568,13.632,95.424,414.64
aws,ap-east-1,r7g,ARM,AWS Graviton3,16,128,1.136,27.264,190.848,829.28
aws,ap-east-1,r7g,ARM,AWS Graviton3,32,256,2.272,54.528,381.696,1658.56
aws,ap-east-1,r7g,ARM,AWS Graviton3,48,384,3.408,81.792,572.544,2487.84
aws,ap-east-1,r7g,ARM,AWS Graviton3,64,512,4.544,109.056,763.392,3317.12
aws,ap-east-1,r8g,ARM,AWS Graviton4,1,8,0.0781,1.8744,13.121,57.01
aws,ap-east-1,r8g,ARM,AWS Graviton4,2,16,0.1562,3.7488,26.242,114.03
aws,ap-east-1,r8g,ARM,AWS Graviton4,4,32,0.3124,7.4976,52.483,228.05
aws,ap-east-1,r8g,ARM,AWS Graviton4,8,64,0.6248,14.9952,104.966,456.1
aws,ap-east-1,r8g,ARM,AWS Graviton4,16,128,1.2496,29.9904,209.933,912.21
aws,ap-east-1,r8g,ARM,AWS Graviton4,32,256,2.4992,59.9808,419.866,1824.42
aws,ap-east-1,r8g,ARM,AWS Graviton4,48,384,3.7488,89.9712,629.798,2736.62
aws,ap-east-1,r8g,ARM,AWS Graviton4,64,512,4.9984,119.9616,839.731,3648.83
aws,ap-east-1,r8g,ARM,AWS Graviton4,96,768,7.4976,179.9424,1259.597,5473.25
aws,ap-east-1,r8g,ARM,AWS Graviton4,192,1536,14.9952,359.8848,2519.194,10946.5
aws,ap-east-2,c6g,ARM,AWS Graviton2,1,2,0.0385,0.924,6.468,28.1
aws,ap-east-2,c6g,ARM,AWS Graviton2,2,4,0.077,1.848,12.936,56.21
aws,ap-east-2,c6g,ARM,AWS Graviton2,4,8,0.1541,3.6984,25.889,112.49
aws,ap-east-2,c6g,ARM,AWS Graviton2,8,16,0.3082,7.3968,51.778,224.99
aws,ap-east-2,c6g,ARM,AWS Graviton2,16,32,0.6163,14.7912,103.538,449.9
aws,ap-east-2,c6g,ARM,AWS Graviton2,32,64,1.2326,29.5824,207.077,899.8
aws,ap-east-2,c6g,ARM,AWS Graviton2,48,96,1.849,44.376,310.632,1349.77
aws,ap-east-2,c6g,ARM,AWS Graviton2,64,128,2.4653,59.1672,414.17,1799.67
aws,ap-east-2,c6i,x86(Intel),Intel Xeon Platinum 8375C,2,4,0.0963,2.3112,16.178,70.3
aws,ap-east-2,c6i,x86(Intel),Intel Xeon Platinum 8375C,4,8,0.1926,4.6224,32.357,140.6
aws,ap-east-2,c6i,x86(Intel),Intel Xeon Platinum 8375C,8,16,0.3852,9.2448,64.714,281.2
aws,ap-east-2,c6i,x86(Intel),Intel Xeon Platinum 8375C,16,32,0.7704,18.4896,129.427,562.39
aws,ap-east-2,c6i,x86(Intel),Intel Xeon Platinum 8375C,32,64,1.5408,36.9792,258.854,1124.78
aws,ap-east-2,c6i,x86(Intel),Intel Xeon Platinum 8375C,48,96,2.3112,55.4688,388.282,1687.18
aws,ap-east-2,c6i,x86(Intel),Intel Xeon Platinum 8375C,64,128,3.0816,73.9584,517.709,2249.57
aws,ap-east-2,c7g,ARM,AWS Graviton3,1,2,0.0409,0.9816,6.871,29.86
aws,ap-east-2,c7g,ARM,AWS Graviton3,2,4,0.0819,1.9656,13.759,59.79
aws,ap-east-2,c7g,ARM,AWS Graviton3,4,8,0.1637,3.9288,27.502,119.5
aws,ap-east-2,c7g,ARM,AWS Graviton3,8,16,0.3274,7.8576,55.003,239.0
aws,ap-east-2,c7g,ARM,AWS Graviton3,16,32,0.6549,15.7176,110.023,478.08
aws,ap-east-2,c7g,ARM,AWS Graviton3,32,64,1.3098,31.4352,220.046,956.15
aws,ap-east-2,c7g,ARM,AWS Graviton3,48,96,1.9646,47.1504,330.053,1434.16
aws,ap-east-2,c7g,ARM,AWS Graviton3,64,128,2.6195,62.868,440.076,1912.24
aws,ap-east-2,c7i,x86(Intel),Intel Xeon Platinum 8488C,2,4,0.10112,2.4269,16.988,73.82
aws,ap-east-2,c7i,x86(Intel),Intel Xeon Platinum 8488C,4,8,0.20224,4.8538,33.976,147.64
aws,ap-east-2,c7i,x86(Intel),Intel Xeon Platinum 8488C,8,16,0.40448,9.7075,67.953,295.27
aws,ap-east-2,c7i,x86(Intel),Intel Xeon Platinum 8488C,16,32,0.80896,19.415,135.905,590.54
aws,ap-east-2,c7i,x86(Intel),Intel Xeon Platinum 8488C,32,64,1.61792,38.8301,271.811,1181.08
aws,ap-east-2,c7i,x86(Intel),Intel Xeon Platinum 8488C,48,96,2.42688,58.2451,407.716,1771.62
aws,ap-east-2,c7i,x86(Intel),Intel Xeon Platinum 8488C,64,128,3.23584,77.6602,543.621,2362.16
aws,ap-east-2,c7i,x86(Intel),Intel Xeon Platinum 8488C,96,192,4.85376,116.4902,815.432,3543.24
aws,ap-east-2,c7i,x86(Intel),Intel Xeon Platinum 8488C,192,384,9.70752,232.9805,1630.863,7086.49
aws,ap-east-2,m6g,ARM,AWS Graviton2,1,4,0.0446,1.0704,7.493,32.56
aws,ap-east-2,m6g,ARM,AWS Graviton2,2,8,0.0891,2.1384,14.969,65.04
aws,ap-east-2,m6g,ARM,AWS Graviton2,4,16,0.1782,4.2768,29.938,130.09
aws,ap-east-2,m6g,ARM,AWS Graviton2,8,32,0.3564,8.5536,59.875,260.17
aws,ap-east-2,m6g,ARM,AWS Graviton2,16,64,0.7128,17.1072,119.75,520.34
aws,ap-east-2,m6g,ARM,AWS Graviton2,32,128,1.4256,34.2144,239.501,1040.69
aws,ap-east-2,m6g,ARM,AWS Graviton2,48,192,2.1384,51.3216,359.251,1561.03
aws,ap-east-2,m6g,ARM,AWS Graviton2,64,256,2.8512,68.4288,479.002,2081.38
aws,ap-east-2,m6i,x86(Intel),Intel Xeon Platinum 8375C,2,8,0.1116,2.6784,18.749,81.47
aws,ap-east-2,m6i,x86(Intel),Intel Xeon Platinum 8375C,4,16,0.2232,5.3568,37.498,162.94
aws,ap-east-2,m6i,x86(Intel),Intel Xeon Platinum 8375C,8,32,0.4464,10.7136,74.995,325.87
aws,ap-east-2,m6i,x86(Intel),Intel Xeon Platinum 8375C,16,64,0.8928,21.4272,149.99,651.74
aws,ap-east-2,m6i,x86(Intel),Intel Xeon Platinum 8375C,32,128,1.7856,42.8544,299.981,1303.49
aws,ap-east-2,m6i,x86(Intel),Intel Xeon Platinum 8375C,48,192,2.6784,64.2816,449.971,1955.23
aws,ap-east-2,m6i,x86(Intel),Intel Xeon Platinum 8375C,64,256,3.5712,85.7088,599.962,2606.98
aws,ap-east-2,m7g,ARM,AWS Graviton3,1,4,0.0474,1.1376,7.963,34.6
aws,ap-east-2,m7g,ARM,AWS Graviton3,2,8,0.0949,2.2776,15.943,69.28
aws,ap-east-2,m7g,ARM,AWS Graviton3,4,16,0.1897,4.5528,31.87,138.48
aws,ap-east-2,m7g,ARM,AWS Graviton3,8,32,0.3794,9.1056,63.739,276.96
aws,ap-east-2,m7g,ARM,AWS Graviton3,16,64,0.7589,18.2136,127.495,554.0
aws,ap-east-2,m7g,ARM,AWS Graviton3,32,128,1.5178,36.4272,254.99,1107.99
aws,ap-east-2,m7g,ARM,AWS Graviton3,48,192,2.2766,54.6384,382.469,1661.92
aws,ap-east-2,m7g,ARM,AWS Graviton3,64,256,3.0355,72.852,509.964,2215.92
aws,ap-east-2,m7i,x86(Intel),Intel Xeon Platinum 8488C,2,8,0.11718,2.8123,19.686,85.54
aws,ap-east-2,m7i,x86(Intel),Intel Xeon Platinum 8488C,4,16,0.23436,5.6246,39.372,171.08
aws,ap-east-2,m7i,x86(Intel),Intel Xeon Platinum 8488C,8,32,0.46872,11.2493,78.745,342.17
aws,ap-east-2,m7i,x86(Intel),Intel Xeon Platinum 8488C,16,64,0.93744,22.4986,157.49,684.33
aws,ap-east-2,m7i,x86(Intel),Intel Xeon Platinum 8488C,32,128,1.87488,44.9971,314.98,1368.66
aws,ap-east-2,m7i,x86(Intel),Intel Xeon Platinum 8488C,48,192,2.81232,67.4957,472.47,2052.99
aws,ap-east-2,m7i,x86(Intel),Intel Xeon Platinum 8488C,64,256,3.74976,89.9942,629.96,2737.32
aws,ap-east-2,m7i,x86(Intel),Intel Xeon Platinum 8488C,96,384,5.62464,134.9914,944.94,4105.99
aws,ap-east-2,m7i,x86(Intel),Intel Xeon Platinum 8488C,192,768,11.24928,269.9827,1889.879,8211.97
aws,ap-east-2,r6g,ARM,AWS Graviton2,1,8,0.0547,1.3128,9.19,39.93
aws,ap-east-2,r6g,ARM,AWS Graviton2,2,16,0.1094,2.6256,18.379,79.86
aws,ap-east-2,r6g,ARM,AWS Graviton2,4,32,0.2189,5.2536,36.775,159.8
aws,ap-east-2,r6g,ARM,AWS Graviton2,8,64,0.4378,10.5072,73.55,319.59
aws,ap-east-2,r6g,ARM,AWS Graviton2,16,128,0.8755,21.012,147.084,639.12
aws,ap-east-2,r6g,ARM,AWS Graviton2,32,256,1.751,42.024,294.168,1278.23
aws,ap-east-2,r6g,ARM,AWS Graviton2,48,384,2.6266,63.0384,441.269,1917.42
aws,ap-east-2,r6g,ARM,AWS Graviton2,64,512,3.5021,84.0504,588.353,2556.53
aws,ap-east-2,r6i,x86(Intel),Intel Xeon Platinum 8375C,2,16,0.1368,3.2832,22.982,99.86
aws,ap-east-2,r6i,x86(Intel),Intel Xeon Platinum 8375C,4,32,0.2736,6.5664,45.965,199.73
aws,ap-east-2,r6i,x86(Intel),Intel Xeon Platinum 8375C,8,64,0.5472,13.1328,91.93,399.46
aws,ap-east-2,r6i,x86(Intel),Intel Xeon Platinum 8375C,16,128,1.0944,26.2656,183.859,798.91
aws,ap-east-2,r6i,x86(Intel),Intel Xeon Platinum 8375C,32,256,2.1888,52.5312,367.718,1597.82
aws,ap-east-2,r6i,x86(Intel),Intel Xeon Platinum 8375C,48,384,3.2832,78.7968,551.578,2396.74
aws,ap-east-2,r6i,x86(Intel),Intel Xeon Platinum 8375C,64,512,4.3776,105.0624,735.437,3195.65
aws,ap-east-2,r7g,ARM,AWS Graviton3,1,8,0.0581,1.3944,9.761,42.41
aws,ap-east-2,r7g,ARM,AWS Graviton3,2,16,0.1163,2.7912,19.538,84.9
aws,ap-east-2,r7g,ARM,AWS Graviton3,4,32,0.2326,5.5824,39.077,169.8
aws,ap-east-2,r7g,ARM,AWS Graviton3,8,64,0.4651,11.1624,78.137,339.52
aws,ap-east-2,r7g,ARM,AWS Graviton3,16,128,0.9302,22.3248,156.274,679.05
aws,ap-east-2,r7g,ARM,AWS Graviton3,32,256,1.8605,44.652,312.564,1358.16
aws,ap-east-2,r7g,ARM,AWS Graviton3,48,384,2.7907,66.9768,468.838,2037.21
aws,ap-east-2,r7g,ARM,AWS Graviton3,64,512,3.721,89.304,625.128,2716.33
aws,ap-east-2,r7i,x86(Intel),Intel Xeon Platinum 8488C,2,16,0.14364,3.4474,24.132,104.86
aws,ap-east-2,r7i,x86(Intel),Intel Xeon Platinum 8488C,4,32,0.28728,6.8947,48.263,209.71
aws,ap-east-2,r7i,x86(Intel),Intel Xeon Platinum 8488C,8,64,0.57456,13.7894,96.526,419.43
aws,ap-east-2,r7i,x86(Intel),Intel Xeon Platinum 8488C,16,128,1.14912,27.5789,193.052,838.86
aws,ap-east-2,r7i,x86(Intel),Intel Xeon Platinum 8488C,32,256,2.29824,55.1578,386.104,1677.72
aws,ap-east-2,r7i,x86(Intel),Intel Xeon Platinum 8488C,48,384,3.44736,82.7366,579.156,2516.57
aws,ap-east-2,r7i,x86(Intel),Intel Xeon Platinum 8488C,64,512,4.59648,110.3155,772.209,3355.43
aws,ap-east-2,r7i,x86(Intel),Intel Xeon Platinum 8488C,96,768,6.89472,165.4733,1158.313,5033.15
aws,ap-east-2,r7i,x86(Intel),Intel Xeon Platinum 8488C,192,1536,13.78944,330.9466,2316.626,10066.29
aws,ap-northeast-1,c6a,x86(AMD),AMD EPYC 7R13,2,4,0.0963,2.3112,16.178,70.3
aws,ap-northeast-1,c6a,x86(AMD),AMD EPYC 7R13,4,8,0.1926,4.6224,32.357,140.6
aws,ap-northeast-1,c6a,x86(AMD),AMD EPYC 7R13,8,16,0.3852,9.2448,64.714,281.2
aws,ap-northeast-1,c6a,x86(AMD),AMD EPYC 7R13,16,32,0.7704,18.4896,129.427,562.39
aws,ap-northeast-1,c6a,x86(AMD),AMD EPYC 7R13,32,64,1.5408,36.9792,258.854,1124.78
aws,ap-northeast-1,c6a,x86(AMD),AMD EPYC 7R13,48,96,2.3112,55.4688,388.282,1687.18
aws,ap-northeast-1,c6a,x86(AMD),AMD EPYC 7R13,64,128,3.0816,73.9584,517.709,2249.57
aws,ap-northeast-1,c6a,x86(AMD),AMD EPYC 7R13,96,192,4.6224,110.9376,776.563,3374.35
aws,ap-northeast-1,c6a,x86(AMD),AMD EPYC 7R13,128,256,6.1632,147.9168,1035.418,4499.14
aws,ap-northeast-1,c6a,x86(AMD),AMD EPYC 7R13,192,384,9.2448,221.8752,1553.126,6748.7
aws,ap-northeast-1,c6g,ARM,AWS Graviton2,1,2,0.0428,1.0272,7.19,31.24
aws,ap-northeast-1,c6g,ARM,AWS Graviton2,2,4,0.0856,2.0544,14.381,62.49
aws,ap-northeast-1,c6g,ARM,AWS Graviton2,4,8,0.1712,4.1088,28.762,124.98
aws,ap-northeast-1,c6g,ARM,AWS Graviton2,8,16,0.3424,8.2176,57.523,249.95
aws,ap-northeast-1,c6g,ARM,AWS Graviton2,16,32,0.6848,16.4352,115.046,499.9
aws,ap-northeast-1,c6g,ARM,AWS Graviton2,32,64,1.3696,32.8704,230.093,999.81
aws,ap-northeast-1,c6g,ARM,AWS Graviton2,48,96,2.0544,49.3056,345.139,1499.71
aws,ap-northeast-1,c6g,ARM,AWS Graviton2,64,128,2.7392,65.7408,460.186,1999.62
aws,ap-northeast-1,c6i,x86(Intel),Intel Xeon Platinum 8375C,2,4,0.107,2.568,17.976,78.11
aws,ap-northeast-1,c6i,x86(Intel),Intel Xeon Platinum 8375C,4,8,0.214,5.136,35.952,156.22
aws,ap-northeast-1,c6i,x86(Intel),Intel Xeon Platinum 8375C,8,16,0.428,10.272,71.904,312.44
aws,ap-northeast-1,c6i,x86(Intel),Intel Xeon Platinum 8375C,16,32,0.856,20.544,143.808,624.88
aws,ap-northeast-1,c6i,x86(Intel),Intel Xeon Platinum 8375C,32,64,1.712,41.088,287.616,1249.76
aws,ap-northeast-1,c6i,x86(Intel),Intel Xeon Platinum 8375C,48,96,2.568,61.632,431.424,1874.64
aws,ap-northeast-1,c6i,x86(Intel),Intel Xeon Platinum 8375C,64,128,3.424,82.176,575.232,2499.52
aws,ap-northeast-1,c6i,x86(Intel),Intel Xeon Platinum 8375C,96,192,5.136,123.264,862.848,3749.28
aws,ap-northeast-1,c6i,x86(Intel),Intel Xeon Platinum 8375C,128,256,6.848,164.352,1150.464,4999.04
aws,ap-northeast-1,c7a,x86(AMD),AMD EPYC 9R14,1,2,0.0646,1.5504,10.853,47.16
aws,ap-northeast-1,c7a,x86(AMD),AMD EPYC 9R14,2,4,0.1292,3.1008,21.706,94.32
aws,ap-northeast-1,c7a,x86(AMD),AMD EPYC 9R14,4,8,0.2584,6.2016,43.411,188.63
aws,ap-northeast-1,c7a,x86(AMD),AMD EPYC 9R14,8,16,0.5168,12.4032,86.822,377.26
aws,ap-northeast-1,c7a,x86(AMD),AMD EPYC 9R14,16,32,1.0336,24.8064,173.645,754.53
aws,ap-northeast-1,c7a,x86(AMD),AMD EPYC 9R14,32,64,2.0672,49.6128,347.29,1509.06
aws,ap-northeast-1,c7a,x86(AMD),AMD EPYC 9R14,48,96,3.1008,74.4192,520.934,2263.58
aws,ap-northeast-1,c7a,x86(AMD),AMD EPYC 9R14,64,128,4.1344,99.2256,694.579,3018.11
aws,ap-northeast-1,c7a,x86(AMD),AMD EPYC 9R14,96,192,6.2016,148.8384,1041.869,4527.17
aws,ap-northeast-1,c7a,x86(AMD),AMD EPYC 9R14,128,256,8.2688,198.4512,1389.158,6036.22
aws,ap-northeast-1,c7a,x86(AMD),AMD EPYC 9R14,192,384,12.4032,297.6768,2083.738,9054.34
aws,ap-northeast-1,c7g,ARM,AWS Graviton3,1,2,0.0455,1.092,7.644,33.21
aws,ap-northeast-1,c7g,ARM,AWS Graviton3,2,4,0.091,2.184,15.288,66.43
aws,ap-northeast-1,c7g,ARM,AWS Graviton3,4,8,0.1819,4.3656,30.559,132.79
aws,ap-northeast-1,c7g,ARM,AWS Graviton3,8,16,0.3638,8.7312,61.118,265.57
aws,ap-northeast-1,c7g,ARM,AWS Graviton3,16,32,0.7277,17.4648,122.254,531.22
aws,ap-northeast-1,c7g,ARM,AWS Graviton3,32,64,1.4554,34.9296,244.507,1062.44
aws,ap-northeast-1,c7g,ARM,AWS Graviton3,48,96,2.183,52.392,366.744,1593.59
aws,ap-northeast-1,c7g,ARM,AWS Graviton3,64,128,2.9107,69.8568,488.998,2124.81
aws,ap-northeast-1,c7i,x86(Intel),Intel Xeon Platinum 8488C,2,4,0.11235,2.6964,18.875,82.02
aws,ap-northeast-1,c7i,x86(Intel),Intel Xeon Platinum 8488C,4,8,0.2247,5.3928,37.75,164.03
aws,ap-northeast-1,c7i,x86(Intel),Intel Xeon Platinum 8488C,8,16,0.4494,10.7856,75.499,328.06
aws,ap-northeast-1,c7i,x86(Intel),Intel Xeon Platinum 8488C,16,32,0.8988,21.5712,150.998,656.12
aws,ap-northeast-1,c7i,x86(Intel),Intel Xeon Platinum 8488C,32,64,1.7976,43.1424,301.997,1312.25
aws,ap-northeast-1,c7i,x86(Intel),Intel Xeon Platinum 8488C,48,96,2.6964,64.7136,452.995,1968.37
aws,ap-northeast-1,c7i,x86(Intel),Intel Xeon Platinum 8488C,64,128,3.5952,86.2848,603.994,2624.5
aws,ap-northeast-1,c7i,x86(Intel),Intel Xeon Platinum 8488C,96,192,5.3928,129.4272,905.99,3936.74
aws,ap-northeast-1,c7i,x86(Intel),Intel Xeon Platinum 8488C,192,384,10.7856,258.8544,1811.981,7873.49
aws,ap-northeast-1,c8a,x86(AMD),AMD EPYC 9R45,1,2,0.06783,1.6279,11.395,49.52
aws,ap-northeast-1,c8a,x86(AMD),AMD EPYC 9R45,2,4,0.13566,3.2558,22.791,99.03
aws,ap-northeast-1,c8a,x86(AMD),AMD EPYC 9R45,4,8,0.27132,6.5117,45.582,198.06
aws,ap-northeast-1,c8a,x86(AMD),AMD EPYC 9R45,8,16,0.54264,13.0234,91.164,396.13
aws,ap-northeast-1,c8a,x86(AMD),AMD EPYC 9R45,16,32,1.08528,26.0467,182.327,792.25
aws,ap-northeast-1,c8a,x86(AMD),AMD EPYC 9R45,32,64,2.17056,52.0934,364.654,1584.51
aws,ap-northeast-1,c8a,x86(AMD),AMD EPYC 9R45,48,96,3.25584,78.1402,546.981,2376.76
aws,ap-northeast-1,c8a,x86(AMD),AMD EPYC 9R45,64,128,4.34112,104.1869,729.308,3169.02
aws,ap-northeast-1,c8a,x86(AMD),AMD EPYC 9R45,96,192,6.51168,156.2803,1093.962,4753.53
aws,ap-northeast-1,c8a,x86(AMD),AMD EPYC 9R45,192,384,13.02336,312.5606,2187.924,9507.05
aws,ap-northeast-1,c8g,ARM,AWS Graviton4,1,2,0.05003,1.2007,8.405,36.52
aws,ap-northeast-1,c8g,ARM,AWS Graviton4,2,4,0.10006,2.4014,16.81,73.04
aws,ap-northeast-1,c8g,ARM,AWS Graviton4,4,8,0.20012,4.8029,33.62,146.09
aws,ap-northeast-1,c8g,ARM,AWS Graviton4,8,16,0.40024,9.6058,67.24,292.18
aws,ap-northeast-1,c8g,ARM,AWS Graviton4,16,32,0.80048,19.2115,134.481,584.35
aws,ap-northeast-1,c8g,ARM,AWS Graviton4,32,64,1.60096,38.423,268.961,1168.7
aws,ap-northeast-1,c8g,ARM,AWS Graviton4,48,96,2.40144,57.6346,403.442,1753.05
aws,ap-northeast-1,c8g,ARM,AWS Graviton4,64,128,3.20192,76.8461,537.923,2337.4
aws,ap-northeast-1,c8g,ARM,AWS Graviton4,96,192,4.80288,115.2691,806.884,3506.1
aws,ap-northeast-1,c8g,ARM,AWS Graviton4,192,384,9.60576,230.5382,1613.768,7012.2
aws,ap-northeast-1,c8i,x86(Intel),Intel Xeon 6 6975P-C,2,4,0.11797,2.8313,19.819,86.12
aws,ap-northeast-1,c8i,x86(Intel),Intel Xeon 6 6975P-C,4,8,0.23594,5.6626,39.638,172.24
aws,ap-northeast-1,c8i,x86(Intel),Intel Xeon 6 6975P-C,8,16,0.47188,11.3251,79.276,344.47
aws,ap-northeast-1,c8i,x86(Intel),Intel Xeon 6 6975P-C,16,32,0.94376,22.6502,158.552,688.94
aws,ap-northeast-1,c8i,x86(Intel),Intel Xeon 6 6975P-C,32,64,1.88752,45.3005,317.103,1377.89
aws,ap-northeast-1,c8i,x86(Intel),Intel Xeon 6 6975P-C,48,96,2.83128,67.9507,475.655,2066.83
aws,ap-northeast-1,c8i,x86(Intel),Intel Xeon 6 6975P-C,64,128,3.77504,90.601,634.207,2755.78
aws,ap-northeast-1,c8i,x86(Intel),Intel Xeon 6 6975P-C,96,192,5.66256,135.9014,951.31,4133.67
aws,ap-northeast-1,c8i,x86(Intel),Intel Xeon 6 6975P-C,128,256,7.55008,181.2019,1268.413,5511.56
aws,ap-northeast-1,c8i,x86(Intel),Intel Xeon 6 6975P-C,192,384,11.32512,271.8029,1902.62,8267.34
aws,ap-northeast-1,c8i,x86(Intel),Intel Xeon 6 6975P-C,384,768,22.65024,543.6058,3805.24,16534.68
aws,ap-northeast-1,m6a,x86(AMD),AMD EPYC 7R13,2,8,0.1116,2.6784,18.749,81.47
aws,ap-northeast-1,m6a,x86(AMD),AMD EPYC 7R13,4,16,0.2232,5.3568,37.498,162.94
aws,ap-northeast-1,m6a,x86(AMD),AMD EPYC 7R13,8,32,0.4464,10.7136,74.995,325.87
aws,ap-northeast-1,m6a,x86(AMD),AMD EPYC 7R13,16,64,0.8928,21.4272,149.99,651.74
aws,ap-northeast-1,m6a,x86(AMD),AMD EPYC 7R13,32,128,1.7856,42.8544,299.981,1303.49
aws,ap-northeast-1,m6a,x86(AMD),AMD EPYC 7R13,48,192,2.6784,64.2816,449.971,1955.23
aws,ap-northeast-1,m6a,x86(AMD),AMD EPYC 7R13,64,256,3.5712,85.7088,599.962,2606.98
aws,ap-northeast-1,m6a,x86(AMD),AMD EPYC 7R13,96,384,5.3568,128.5632,899.942,3910.46
aws,ap-northeast-1,m6a,x86(AMD),AMD EPYC 7R13,128,512,7.1424,171.4176,1199.923,5213.95
aws,ap-northeast-1,m6a,x86(AMD),AMD EPYC 7R13,192,768,10.7136,257.1264,1799.885,7820.93
aws,ap-northeast-1,m6g,ARM,AWS Graviton2,1,4,0.0495,1.188,8.316,36.14
aws,ap-northeast-1,m6g,ARM,AWS Graviton2,2,8,0.099,2.376,16.632,72.27
aws,ap-northeast-1,m6g,ARM,AWS Graviton2,4,16,0.198,4.752,33.264,144.54
aws,ap-northeast-1,m6g,ARM,AWS Graviton2,8,32,0.396,9.504,66.528,289.08
aws,ap-northeast-1,m6g,ARM,AWS Graviton2,16,64,0.792,19.008,133.056,578.16
aws,ap-northeast-1,m6g,ARM,AWS Graviton2,32,128,1.584,38.016,266.112,1156.32
aws,ap-northeast-1,m6g,ARM,AWS Graviton2,48,192,2.376,57.024,399.168,1734.48
aws,ap-northeast-1,m6g,ARM,AWS Graviton2,64,256,3.168,76.032,532.224,2312.64
aws,ap-northeast-1,m6i,x86(Intel),Intel Xeon Platinum 8375C,2,8,0.124,2.976,20.832,90.52
aws,ap-northeast-1,m6i,x86(Intel),Intel Xeon Platinum 8375C,4,16,0.248,5.952,41.664,181.04
aws,ap-northeast-1,m6i,x86(Intel),Intel Xeon Platinum 8375C,8,32,0.496,11.904,83.328,362.08
aws,ap-northeast-1,m6i,x86(Intel),Intel Xeon Platinum 8375C,16,64,0.992,23.808,166.656,724.16
aws,ap-northeast-1,m6i,x86(Intel),Intel Xeon Platinum 8375C,32,128,1.984,47.616,333.312,1448.32
aws,ap-northeast-1,m6i,x86(Intel),Intel Xeon Platinum 8375C,48,192,2.976,71.424,499.968,2172.48
aws,ap-northeast-1,m6i,x86(Intel),Intel Xeon Platinum 8375C,64,256,3.968,95.232,666.624,2896.64
aws,ap-northeast-1,m6i,x86(Intel),Intel Xeon Platinum 8375C,96,384,5.952,142.848,999.936,4344.96
aws,ap-northeast-1,m6i,x86(Intel),Intel Xeon Platinum 8375C,128,512,7.936,190.464,1333.248,5793.28
aws,ap-northeast-1,m7a,x86(AMD),AMD EPYC 9R14,1,4,0.07487,1.7969,12.578,54.66
aws,ap-northeast-1,m7a,x86(AMD),AMD EPYC 9R14,2,8,0.14973,3.5935,25.155,109.3
aws,ap-northeast-1,m7a,x86(AMD),AMD EPYC 9R14,4,16,0.29946,7.187,50.309,218.61
aws,ap-northeast-1,m7a,x86(AMD),AMD EPYC 9R14,8,32,0.59892,14.3741,100.619,437.21
aws,ap-northeast-1,m7a,x86(AMD),AMD EPYC 9R14,16,64,1.19784,28.7482,201.237,874.42
aws,ap-northeast-1,m7a,x86(AMD),AMD EPYC 9R14,32,128,2.39568,57.4963,402.474,1748.85
aws,ap-northeast-1,m7a,x86(AMD),AMD EPYC 9R14,48,192,3.59352,86.2445,603.711,2623.27
aws,ap-northeast-1,m7a,x86(AMD),AMD EPYC 9R14,64,256,4.79136,114.9926,804.948,3497.69
aws,ap-northeast-1,m7a,x86(AMD),AMD EPYC 9R14,96,384,7.18704,172.489,1207.423,5246.54
aws,ap-northeast-1,m7a,x86(AMD),AMD EPYC 9R14,128,512,9.58272,229.9853,1609.897,6995.39
aws,ap-northeast-1,m7a,x86(AMD),AMD EPYC 9R14,192,768,14.37408,344.9779,2414.845,10493.08
aws,ap-northeast-1,m7g,ARM,AWS Graviton3,1,4,0.0527,1.2648,8.854,38.47
aws,ap-northeast-1,m7g,ARM,AWS Graviton3,2,8,0.1054,2.5296,17.707,76.94
aws,ap-northeast-1,m7g,ARM,AWS Graviton3,4,16,0.2108,5.0592,35.414,153.88
aws,ap-northeast-1,m7g,ARM,AWS Graviton3,8,32,0.4216,10.1184,70.829,307.77
aws,ap-northeast-1,m7g,ARM,AWS Graviton3,16,64,0.8432,20.2368,141.658,615.54
aws,ap-northeast-1,m7g,ARM,AWS Graviton3,32,128,1.6864,40.4736,283.315,1231.07
aws,ap-northeast-1,m7g,ARM,AWS Graviton3,48,192,2.5296,60.7104,424.973,1846.61
aws,ap-northeast-1,m7g,ARM,AWS Graviton3,64,256,3.3728,80.9472,566.63,2462.14
aws,ap-northeast-1,m7i,x86(Intel),Intel Xeon Platinum 8488C,2,8,0.1302,3.1248,21.874,95.05
aws,ap-northeast-1,m7i,x86(Intel),Intel Xeon Platinum 8488C,4,16,0.2604,6.2496,43.747,190.09
aws,ap-northeast-1,m7i,x86(Intel),Intel Xeon Platinum 8488C,8,32,0.5208,12.4992,87.494,380.18
aws,ap-northeast-1,m7i,x86(Intel),Intel Xeon Platinum 8488C,16,64,1.0416,24.9984,174.989,760.37
aws,ap-northeast-1,m7i,x86(Intel),Intel Xeon Platinum 8488C,32,128,2.0832,49.9968,349.978,1520.74
aws,ap-northeast-1,m7i,x86(Intel),Intel Xeon Platinum 8488C,48,192,3.1248,74.9952,524.966,2281.1
aws,ap-northeast-1,m7i,x86(Intel),Intel Xeon Platinum 8488C,64,256,4.1664,99.9936,699.955,3041.47
aws,ap-northeast-1,m7i,x86(Intel),Intel Xeon Platinum 8488C,96,384,6.2496,149.9904,1049.933,4562.21
aws,ap-northeast-1,m7i,x86(Intel),Intel Xeon Platinum 8488C,192,768,12.4992,299.9808,2099.866,9124.42
aws,ap-northeast-1,m8a,x86(AMD),AMD EPYC 9R45,1,4,0.07861,1.8866,13.206,57.39
aws,ap-northeast-1,m8a,x86(AMD),AMD EPYC 9R45,2,8,0.15722,3.7733,26.413,114.77
aws,ap-northeast-1,m8a,x86(AMD),AMD EPYC 9R45,4,16,0.31444,7.5466,52.826,229.54
aws,ap-northeast-1,m8a,x86(AMD),AMD EPYC 9R45,8,32,0.62888,15.0931,105.652,459.08
aws,ap-northeast-1,m8a,x86(AMD),AMD EPYC 9R45,16,64,1.25776,30.1862,211.304,918.16
aws,ap-northeast-1,m8a,x86(AMD),AMD EPYC 9R45,32,128,2.51552,60.3725,422.607,1836.33
aws,ap-northeast-1,m8a,x86(AMD),AMD EPYC 9R45,48,192,3.77328,90.5587,633.911,2754.49
aws,ap-northeast-1,m8a,x86(AMD),AMD EPYC 9R45,64,256,5.03104,120.745,845.215,3672.66
aws,ap-northeast-1,m8a,x86(AMD),AMD EPYC 9R45,96,384,7.54656,181.1174,1267.822,5508.99
aws,ap-northeast-1,m8a,x86(AMD),AMD EPYC 9R45,192,768,15.09312,362.2349,2535.644,11017.98
aws,ap-northeast-1,m8g,ARM,AWS Graviton4,1,4,0.05797,1.3913,9.739,42.32
aws,ap-northeast-1,m8g,ARM,AWS Graviton4,2,8,0.11594,2.7826,19.478,84.64
aws,ap-northeast-1,m8g,ARM,AWS Graviton4,4,16,0.23188,5.5651,38.956,169.27
aws,ap-northeast-1,m8g,ARM,AWS Graviton4,8,32,0.46376,11.1302,77.912,338.54
aws,ap-northeast-1,m8g,ARM,AWS Graviton4,16,64,0.92752,22.2605,155.823,677.09
aws,ap-northeast-1,m8g,ARM,AWS Graviton4,32,128,1.85504,44.521,311.647,1354.18
aws,ap-northeast-1,m8g,ARM,AWS Graviton4,48,192,2.78256,66.7814,467.47,2031.27
aws,ap-northeast-1,m8g,ARM,AWS Graviton4,64,256,3.71008,89.0419,623.293,2708.36
aws,ap-northeast-1,m8g,ARM,AWS Graviton4,96,384,5.56512,133.5629,934.94,4062.54
aws,ap-northeast-1,m8g,ARM,AWS Graviton4,192,768,11.13024,267.1258,1869.88,8125.08
aws,ap-northeast-1,m8i,x86(Intel),Intel Xeon 6 6975P-C,2,8,0.13671,3.281,22.967,99.8
aws,ap-northeast-1,m8i,x86(Intel),Intel Xeon 6 6975P-C,4,16,0.27342,6.5621,45.935,199.6
aws,ap-northeast-1,m8i,x86(Intel),Intel Xeon 6 6975P-C,8,32,0.54684,13.1242,91.869,399.19
aws,ap-northeast-1,m8i,x86(Intel),Intel Xeon 6 6975P-C,16,64,1.09368,26.2483,183.738,798.39
aws,ap-northeast-1,m8i,x86(Intel),Intel Xeon 6 6975P-C,32,128,2.18736,52.4966,367.476,1596.77
aws,ap-northeast-1,m8i,x86(Intel),Intel Xeon 6 6975P-C,48,192,3.28104,78.745,551.215,2395.16
aws,ap-northeast-1,m8i,x86(Intel),Intel Xeon 6 6975P-C,64,256,4.37472,104.9933,734.953,3193.55
aws,ap-northeast-1,m8i,x86(Intel),Intel Xeon 6 6975P-C,96,384,6.56208,157.4899,1102.429,4790.32
aws,ap-northeast-1,m8i,x86(Intel),Intel Xeon 6 6975P-C,128,512,8.74944,209.9866,1469.906,6387.09
aws,ap-northeast-1,m8i,x86(Intel),Intel Xeon 6 6975P-C,192,768,13.12416,314.9798,2204.859,9580.64
aws,ap-northeast-1,m8i,x86(Intel),Intel Xeon 6 6975P-C,384,1536,26.24832,629.9597,4409.718,19161.27
aws,ap-northeast-1,r6a,x86(AMD),AMD EPYC 7R13,2,16,0.1368,3.2832,22.982,99.86
aws,ap-northeast-1,r6a,x86(AMD),AMD EPYC 7R13,4,32,0.2736,6.5664,45.965,199.73
aws,ap-northeast-1,r6a,x86(AMD),AMD EPYC 7R13,8,64,0.5472,13.1328,91.93,399.46
aws,ap-northeast-1,r6a,x86(AMD),AMD EPYC 7R13,16,128,1.0944,26.2656,183.859,798.91
aws,ap-northeast-1,r6a,x86(AMD),AMD EPYC 7R13,32,256,2.1888,52.5312,367.718,1597.82
aws,ap-northeast-1,r6a,x86(AMD),AMD EPYC 7R13,48,384,3.2832,78.7968,551.578,2396.74
aws,ap-northeast-1,r6a,x86(AMD),AMD EPYC 7R13,64,512,4.3776,105.0624,735.437,3195.65
aws,ap-northeast-1,r6a,x86(AMD),AMD EPYC 7R13,96,768,6.5664,157.5936,1103.155,4793.47
aws,ap-northeast-1,r6a,x86(AMD),AMD EPYC 7R13,128,1024,8.7552,210.1248,1470.874,6391.3
aws,ap-northeast-1,r6a,x86(AMD),AMD EPYC 7R13,192,1536,13.1328,315.1872,2206.31,9586.94
aws,ap-northeast-1,r6g,ARM,AWS Graviton2,1,8,0.0608,1.4592,10.214,44.38
aws,ap-northeast-1,r6g,ARM,AWS Graviton2,2,16,0.1216,2.9184,20.429,88.77
aws,ap-northeast-1,r6g,ARM,AWS Graviton2,4,32,0.2432,5.8368,40.858,177.54
aws,ap-northeast-1,r6g,ARM,AWS Graviton2,8,64,0.4864,11.6736,81.715,355.07
aws,ap-northeast-1,r6g,ARM,AWS Graviton2,16,128,0.9728,23.3472,163.43,710.14
aws,ap-northeast-1,r6g,ARM,AWS Graviton2,32,256,1.9456,46.6944,326.861,1420.29
aws,ap-northeast-1,r6g,ARM,AWS Graviton2,48,384,2.9184,70.0416,490.291,2130.43
aws,ap-northeast-1,r6g,ARM,AWS Graviton2,64,512,3.8912,93.3888,653.722,2840.58
aws,ap-northeast-1,r6i,x86(Intel),Intel Xeon Platinum 8375C,2,16,0.152,3.648,25.536,110.96
aws,ap-northeast-1,r6i,x86(Intel),Intel Xeon Platinum 8375C,4,32,0.304,7.296,51.072,221.92
aws,ap-northeast-1,r6i,x86(Intel),Intel Xeon Platinum 8375C,8,64,0.608,14.592,102.144,443.84
aws,ap-northeast-1,r6i,x86(Intel),Intel Xeon Platinum 8375C,16,128,1.216,29.184,204.288,887.68
aws,ap-northeast-1,r6i,x86(Intel),Intel Xeon Platinum 8375C,32,256,2.432,58.368,408.576,1775.36
aws,ap-northeast-1,r6i,x86(Intel),Intel Xeon Platinum 8375C,48,384,3.648,87.552,612.864,2663.04
aws,ap-northeast-1,r6i,x86(Intel),Intel Xeon Platinum 8375C,64,512,4.864,116.736,817.152,3550.72
aws,ap-northeast-1,r6i,x86(Intel),Intel Xeon Platinum 8375C,96,768,7.296,175.104,1225.728,5326.08
aws,ap-northeast-1,r6i,x86(Intel),Intel Xeon Platinum 8375C,128,1024,9.728,233.472,1634.304,7101.44
aws,ap-northeast-1,r7a,x86(AMD),AMD EPYC 9R14,1,8,0.09177,2.2025,15.417,66.99
aws,ap-northeast-1,r7a,x86(AMD),AMD EPYC 9R14,2,16,0.18354,4.405,30.835,133.98
aws,ap-northeast-1,r7a,x86(AMD),AMD EPYC 9R14,4,32,0.36708,8.8099,61.669,267.97
aws,ap-northeast-1,r7a,x86(AMD),AMD EPYC 9R14,8,64,0.73416,17.6198,123.339,535.94
aws,ap-northeast-1,r7a,x86(AMD),AMD EPYC 9R14,16,128,1.46832,35.2397,246.678,1071.87
aws,ap-northeast-1,r7a,x86(AMD),AMD EPYC 9R14,32,256,2.93664,70.4794,493.356,2143.75
aws,ap-northeast-1,r7a,x86(AMD),AMD EPYC 9R14,48,384,4.40496,105.719,740.033,3215.62
aws,ap-northeast-1,r7a,x86(AMD),AMD EPYC 9R14,64,512,5.87328,140.9587,986.711,4287.49
aws,ap-northeast-1,r7a,x86(AMD),AMD EPYC 9R14,96,768,8.80992,211.4381,1480.067,6431.24
aws,ap-northeast-1,r7a,x86(AMD),AMD EPYC 9R14,128,1024,11.74656,281.9174,1973.422,8574.99
aws,ap-northeast-1,r7a,x86(AMD),AMD EPYC 9R14,192,1536,17.61984,422.8762,2960.133,12862.48
aws,ap-northeast-1,r7g,ARM,AWS Graviton3,1,8,0.0646,1.5504,10.853,47.16
aws,ap-northeast-1,r7g,ARM,AWS Graviton3,2,16,0.1292,3.1008,21.706,94.32
aws,ap-northeast-1,r7g,ARM,AWS Graviton3,4,32,0.2584,6.2016,43.411,188.63
aws,ap-northeast-1,r7g,ARM,AWS Graviton3,8,64,0.5168,12.4032,86.822,377.26
aws,ap-northeast-1,r7g,ARM,AWS Graviton3,16,128,1.0336,24.8064,173.645,754.53
aws,ap-northeast-1,r7g,ARM,AWS Graviton3,32,256,2.0672,49.6128,347.29,1509.06
aws,ap-northeast-1,r7g,ARM,AWS Graviton3,48,384,3.1008,74.4192,520.934,2263.58
aws,ap-northeast-1,r7g,ARM,AWS Graviton3,64,512,4.1344,99.2256,694.579,3018.11
aws,ap-northeast-1,r7i,x86(Intel),Intel Xeon Platinum 8488C,2,16,0.1596,3.8304,26.813,116.51
aws,ap-northeast-1,r7i,x86(Intel),Intel Xeon Platinum 8488C,4,32,0.3192,7.6608,53.626,233.02
aws,ap-northeast-1,r7i,x86(Intel),Intel Xeon Platinum 8488C,8,64,0.6384,15.3216,107.251,466.03
aws,ap-northeast-1,r7i,x86(Intel),Intel Xeon Platinum 8488C,16,128,1.2768,30.6432,214.502,932.06
aws,ap-northeast-1,r7i,x86(Intel),Intel Xeon Platinum 8488C,32,256,2.5536,61.2864,429.005,1864.13
aws,ap-northeast-1,r7i,x86(Intel),Intel Xeon Platinum 8488C,48,384,3.8304,91.9296,643.507,2796.19
aws,ap-northeast-1,r7i,x86(Intel),Intel Xeon Platinum 8488C,64,512,5.1072,122.5728,858.01,3728.26
aws,ap-northeast-1,r7i,x86(Intel),Intel Xeon Platinum 8488C,96,768,7.6608,183.8592,1287.014,5592.38
aws,ap-northeast-1,r7i,x86(Intel),Intel Xeon Platinum 8488C,192,1536,15.3216,367.7184,2574.029,11184.77
aws,ap-northeast-1,r8a,x86(AMD),AMD EPYC 9R45,1,8,0.09636,2.3126,16.188,70.34
aws,ap-northeast-1,r8a,x86(AMD),AMD EPYC 9R45,2,16,0.19272,4.6253,32.377,140.69
aws,ap-northeast-1,r8a,x86(AMD),AMD EPYC 9R45,4,32,0.38544,9.2506,64.754,281.37
aws,ap-northeast-1,r8a,x86(AMD),AMD EPYC 9R45,8,64,0.77088,18.5011,129.508,562.74
aws,ap-northeast-1,r8a,x86(AMD),AMD EPYC 9R45,16,128,1.54176,37.0022,259.016,1125.48
aws,ap-northeast-1,r8a,x86(AMD),AMD EPYC 9R45,32,256,3.08352,74.0045,518.031,2250.97
aws,ap-northeast-1,r8a,x86(AMD),AMD EPYC 9R45,48,384,4.62528,111.0067,777.047,3376.45
aws,ap-northeast-1,r8a,x86(AMD),AMD EPYC 9R45,64,512,6.16704,148.009,1036.063,4501.94
aws,ap-northeast-1,r8a,x86(AMD),AMD EPYC 9R45,96,768,9.25056,222.0134,1554.094,6752.91
aws,ap-northeast-1,r8a,x86(AMD),AMD EPYC 9R45,192,1536,18.50112,444.0269,3108.188,13505.82
aws,ap-northeast-1,r8g,ARM,AWS Graviton4,1,8,0.07106,1.7054,11.938,51.87
aws,ap-northeast-1,r8g,ARM,AWS Graviton4,2,16,0.14212,3.4109,23.876,103.75
aws,ap-northeast-1,r8g,ARM,AWS Graviton4,4,32,0.28424,6.8218,47.752,207.5
aws,ap-northeast-1,r8g,ARM,AWS Graviton4,8,64,0.56848,13.6435,95.505,414.99
aws,ap-northeast-1,r8g,ARM,AWS Graviton4,16,128,1.13696,27.287,191.009,829.98
aws,ap-northeast-1,r8g,ARM,AWS Graviton4,32,256,2.27392,54.5741,382.019,1659.96
aws,ap-northeast-1,r8g,ARM,AWS Graviton4,48,384,3.41088,81.8611,573.028,2489.94
aws,ap-northeast-1,r8g,ARM,AWS Graviton4,64,512,4.54784,109.1482,764.037,3319.92
aws,ap-northeast-1,r8g,ARM,AWS Graviton4,96,768,6.82176,163.7222,1146.056,4979.88
aws,ap-northeast-1,r8g,ARM,AWS Graviton4,192,1536,13.64352,327.4445,2292.111,9959.77
aws,ap-northeast-1,r8i,x86(Intel),Intel Xeon 6 6985P-C,2,16,0.16758,4.0219,28.153,122.33
aws,ap-northeast-1,r8i,x86(Intel),Intel Xeon 6 6985P-C,4,32,0.33516,8.0438,56.307,244.67
aws,ap-northeast-1,r8i,x86(Intel),Intel Xeon 6 6985P-C,8,64,0.67032,16.0877,112.614,489.33
aws,ap-northeast-1,r8i,x86(Intel),Intel Xeon 6 6985P-C,16,128,1.34064,32.1754,225.228,978.67
aws,ap-northeast-1,r8i,x86(Intel),Intel Xeon 6 6985P-C,32,256,2.68128,64.3507,450.455,1957.33
aws,ap-northeast-1,r8i,x86(Intel),Intel Xeon 6 6985P-C,48,384,4.02192,96.5261,675.683,2936.0
aws,ap-northeast-1,r8i,x86(Intel),Intel Xeon 6 6985P-C,64,512,5.36256,128.7014,900.91,3914.67
aws,ap-northeast-1,r8i,x86(Intel),Intel Xeon 6 6985P-C,96,768,8.04384,193.0522,1351.365,5872.0
aws,ap-northeast-1,r8i,x86(Intel),Intel Xeon 6 6985P-C,128,1024,10.72512,257.4029,1801.82,7829.34
aws,ap-northeast-1,r8i,x86(Intel),Intel Xeon 6 6985P-C,192,1536,16.08768,386.1043,2702.73,11744.01
aws,ap-northeast-1,r8i,x86(Intel),Intel Xeon 6 6985P-C,384,3072,32.17536,772.2086,5405.46,23488.01
aws,ap-northeast-1,x8i,x86(Intel),Intel Xeon 6 6975P-C,2,32,0.31731,7.6154,53.308,231.64
aws,ap-northeast-1,x8i,x86(Intel),Intel Xeon 6 6975P-C,4,64,0.63462,15.2309,106.616,463.27
aws,ap-northeast-1,x8i,x86(Intel),Intel Xeon 6 6975P-C,8,128,1.26924,30.4618,213.232,926.55
aws,ap-northeast-1,x8i,x86(Intel),Intel Xeon 6 6975P-C,16,256,2.53848,60.9235,426.465,1853.09
aws,ap-northeast-1,x8i,x86(Intel),Intel Xeon 6 6975P-C,32,512,5.07696,121.847,852.929,3706.18
aws,ap-northeast-1,x8i,x86(Intel),Intel Xeon 6 6975P-C,48,768,7.61544,182.7706,1279.394,5559.27
aws,ap-northeast-1,x8i,x86(Intel),Intel Xeon 6 6975P-C,64,1024,10.15392,243.6941,1705.859,7412.36
aws,ap-northeast-1,x8i,x86(Intel),Intel Xeon 6 6975P-C,96,1536,15.23088,365.5411,2558.788,11118.54
aws,ap-northeast-1,x8i,x86(Intel),Intel Xeon 6 6975P-C,128,2048,20.30784,487.3882,3411.717,14824.72
aws,ap-northeast-1,x8i,x86(Intel),Intel Xeon 6 6975P-C,192,3072,30.46176,731.0822,5117.576,22237.08
aws,ap-northeast-1,x8i,x86(Intel),Intel Xeon 6 6975P-C,256,4096,40.61568,974.7763,6823.434,29649.45
aws,ap-northeast-1,x8i,x86(Intel),Intel Xeon 6 6975P-C,384,6144,58.70235,1408.8564,9861.995,42852.72
aws,ap-northeast-2,c6g,ARM,AWS Graviton2,1,2,0.0385,0.924,6.468,28.1
aws,ap-northeast-2,c6g,ARM,AWS Graviton2,2,4,0.077,1.848,12.936,56.21
aws,ap-northeast-2,c6g,ARM,AWS Graviton2,4,8,0.154,3.696,25.872,112.42
aws,ap-northeast-2,c6g,ARM,AWS Graviton2,8,16,0.308,7.392,51.744,224.84
aws,ap-northeast-2,c6g,ARM,AWS Graviton2,16,32,0.616,14.784,103.488,449.68
aws,ap-northeast-2,c6g,ARM,AWS Graviton2,32,64,1.232,29.568,206.976,899.36
aws,ap-northeast-2,c6g,ARM,AWS Graviton2,48,96,1.848,44.352,310.464,1349.04
aws,ap-northeast-2,c6g,ARM,AWS Graviton2,64,128,2.464,59.136,413.952,1798.72
aws,ap-northeast-2,c6i,x86(Intel),Intel Xeon Platinum 8375C,2,4,0.096,2.304,16.128,70.08
aws,ap-northeast-2,c6i,x86(Intel),Intel Xeon Platinum 8375C,4,8,0.192,4.608,32.256,140.16
aws,ap-northeast-2,c6i,x86(Intel),Intel Xeon Platinum 8375C,8,16,0.384,9.216,64.512,280.32
aws,ap-northeast-2,c6i,x86(Intel),Intel Xeon Platinum 8375C,16,32,0.768,18.432,129.024,560.64
aws,ap-northeast-2,c6i,x86(Intel),Intel Xeon Platinum 8375C,32,64,1.536,36.864,258.048,1121.28
aws,ap-northeast-2,c6i,x86(Intel),Intel Xeon Platinum 8375C,48,96,2.304,55.296,387.072,1681.92
aws,ap-northeast-2,c6i,x86(Intel),Intel Xeon Platinum 8375C,64,128,3.072,73.728,516.096,2242.56
aws,ap-northeast-2,c6i,x86(Intel),Intel Xeon Platinum 8375C,96,192,4.608,110.592,774.144,3363.84
aws,ap-northeast-2,c6i,x86(Intel),Intel Xeon Platinum 8375C,128,256,6.144,147.456,1032.192,4485.12
aws,ap-northeast-2,c7g,ARM,AWS Graviton3,1,2,0.0408,0.9792,6.854,29.78
aws,ap-northeast-2,c7g,ARM,AWS Graviton3,2,4,0.0816,1.9584,13.709,59.57
aws,ap-northeast-2,c7g,ARM,AWS Graviton3,4,8,0.1632,3.9168,27.418,119.14
aws,ap-northeast-2,c7g,ARM,AWS Graviton3,8,16,0.3264,7.8336,54.835,238.27
aws,ap-northeast-2,c7g,ARM,AWS Graviton3,16,32,0.6528,15.6672,109.67,476.54
aws,ap-northeast-2,c7g,ARM,AWS Graviton3,32,64,1.3056,31.3344,219.341,953.09
aws,ap-northeast-2,c7g,ARM,AWS Graviton3,48,96,1.9584,47.0016,329.011,1429.63
aws,ap-northeast-2,c7g,ARM,AWS Graviton3,64,128,2.6112,62.6688,438.682,1906.18
aws,ap-northeast-2,c7i,x86(Intel),Intel Xeon Platinum 8488C,2,4,0.1008,2.4192,16.934,73.58
aws,ap-northeast-2,c7i,x86(Intel),Intel Xeon Platinum 8488C,4,8,0.2016,4.8384,33.869,147.17
aws,ap-northeast-2,c7i,x86(Intel),Intel Xeon Platinum 8488C,8,16,0.4032,9.6768,67.738,294.34
aws,ap-northeast-2,c7i,x86(Intel),Intel Xeon Platinum 8488C,16,32,0.8064,19.3536,135.475,588.67
aws,ap-northeast-2,c7i,x86(Intel),Intel Xeon Platinum 8488C,32,64,1.6128,38.7072,270.95,1177.34
aws,ap-northeast-2,c7i,x86(Intel),Intel Xeon Platinum 8488C,48,96,2.4192,58.0608,406.426,1766.02
aws,ap-northeast-2,c7i,x86(Intel),Intel Xeon Platinum 8488C,64,128,3.2256,77.4144,541.901,2354.69
aws,ap-northeast-2,c7i,x86(Intel),Intel Xeon Platinum 8488C,96,192,4.8384,116.1216,812.851,3532.03
aws,ap-northeast-2,c7i,x86(Intel),Intel Xeon Platinum 8488C,192,384,9.6768,232.2432,1625.702,7064.06
aws,ap-northeast-2,c8g,ARM,AWS Graviton4,1,2,0.04488,1.0771,7.54,32.76
aws,ap-northeast-2,c8g,ARM,AWS Graviton4,2,4,0.08976,2.1542,15.08,65.52
aws,ap-northeast-2,c8g,ARM,AWS Graviton4,4,8,0.17952,4.3085,30.159,131.05
aws,ap-northeast-2,c8g,ARM,AWS Graviton4,8,16,0.35904,8.617,60.319,262.1
aws,ap-northeast-2,c8g,ARM,AWS Graviton4,16,32,0.71808,17.2339,120.637,524.2
aws,ap-northeast-2,c8g,ARM,AWS Graviton4,32,64,1.43616,34.4678,241.275,1048.4
aws,ap-northeast-2,c8g,ARM,AWS Graviton4,48,96,2.15424,51.7018,361.912,1572.6
aws,ap-northeast-2,c8g,ARM,AWS Graviton4,64,128,2.87232,68.9357,482.55,2096.79
aws,ap-northeast-2,c8g,ARM,AWS Graviton4,96,192,4.30848,103.4035,723.825,3145.19
aws,ap-northeast-2,c8g,ARM,AWS Graviton4,192,384,8.61696,206.807,1447.649,6290.38
aws,ap-northeast-2,c8i,x86(Intel),Intel Xeon 6 6975P-C,2,4,0.10584,2.5402,17.781,77.26
aws,ap-northeast-2,c8i,x86(Intel),Intel Xeon 6 6975P-C,4,8,0.21168,5.0803,35.562,154.53
aws,ap-northeast-2,c8i,x86(Intel),Intel Xeon 6 6975P-C,8,16,0.42336,10.1606,71.124,309.05
aws,ap-northeast-2,c8i,x86(Intel),Intel Xeon 6 6975P-C,16,32,0.84672,20.3213,142.249,618.11
aws,ap-northeast-2,c8i,x86(Intel),Intel Xeon 6 6975P-C,32,64,1.69344,40.6426,284.498,1236.21
aws,ap-northeast-2,c8i,x86(Intel),Intel Xeon 6 6975P-C,48,96,2.54016,60.9638,426.747,1854.32
aws,ap-northeast-2,c8i,x86(Intel),Intel Xeon 6 6975P-C,64,128,3.38688,81.2851,568.996,2472.42
aws,ap-northeast-2,c8i,x86(Intel),Intel Xeon 6 6975P-C,96,192,5.08032,121.9277,853.494,3708.63
aws,ap-northeast-2,c8i,x86(Intel),Intel Xeon 6 6975P-C,128,256,6.77376,162.5702,1137.992,4944.84
aws,ap-northeast-2,c8i,x86(Intel),Intel Xeon 6 6975P-C,192,384,10.16064,243.8554,1706.988,7417.27
aws,ap-northeast-2,c8i,x86(Intel),Intel Xeon 6 6975P-C,384,768,20.32128,487.7107,3413.975,14834.53
aws,ap-northeast-2,m6g,ARM,AWS Graviton2,1,4,0.047,1.128,7.896,34.31
aws,ap-northeast-2,m6g,ARM,AWS Graviton2,2,8,0.094,2.256,15.792,68.62
aws,ap-northeast-2,m6g,ARM,AWS Graviton2,4,16,0.188,4.512,31.584,137.24
aws,ap-northeast-2,m6g,ARM,AWS Graviton2,8,32,0.376,9.024,63.168,274.48
aws,ap-northeast-2,m6g,ARM,AWS Graviton2,16,64,0.752,18.048,126.336,548.96
aws,ap-northeast-2,m6g,ARM,AWS Graviton2,32,128,1.504,36.096,252.672,1097.92
aws,ap-northeast-2,m6g,ARM,AWS Graviton2,48,192,2.256,54.144,379.008,1646.88
aws,ap-northeast-2,m6g,ARM,AWS Graviton2,64,256,3.008,72.192,505.344,2195.84
aws,ap-northeast-2,m6i,x86(Intel),Intel Xeon Platinum 8375C,2,8,0.118,2.832,19.824,86.14
aws,ap-northeast-2,m6i,x86(Intel),Intel Xeon Platinum 8375C,4,16,0.236,5.664,39.648,172.28
aws,ap-northeast-2,m6i,x86(Intel),Intel Xeon Platinum 8375C,8,32,0.472,11.328,79.296,344.56
aws,ap-northeast-2,m6i,x86(Intel),Intel Xeon Platinum 8375C,16,64,0.944,22.656,158.592,689.12
aws,ap-northeast-2,m6i,x86(Intel),Intel Xeon Platinum 8375C,32,128,1.888,45.312,317.184,1378.24
aws,ap-northeast-2,m6i,x86(Intel),Intel Xeon Platinum 8375C,48,192,2.832,67.968,475.776,2067.36
aws,ap-northeast-2,m6i,x86(Intel),Intel Xeon Platinum 8375C,64,256,3.776,90.624,634.368,2756.48
aws,ap-northeast-2,m6i,x86(Intel),Intel Xeon Platinum 8375C,96,384,5.664,135.936,951.552,4134.72
aws,ap-northeast-2,m6i,x86(Intel),Intel Xeon Platinum 8375C,128,512,7.552,181.248,1268.736,5512.96
aws,ap-northeast-2,m7g,ARM,AWS Graviton3,1,4,0.0502,1.2048,8.434,36.65
aws,ap-northeast-2,m7g,ARM,AWS Graviton3,2,8,0.1003,2.4072,16.85,73.22
aws,ap-northeast-2,m7g,ARM,AWS Graviton3,4,16,0.2006,4.8144,33.701,146.44
aws,ap-northeast-2,m7g,ARM,AWS Graviton3,8,32,0.4012,9.6288,67.402,292.88
aws,ap-northeast-2,m7g,ARM,AWS Graviton3,16,64,0.8024,19.2576,134.803,585.75
aws,ap-northeast-2,m7g,ARM,AWS Graviton3,32,128,1.6048,38.5152,269.606,1171.5
aws,ap-northeast-2,m7g,ARM,AWS Graviton3,48,192,2.4072,57.7728,404.41,1757.26
aws,ap-northeast-2,m7g,ARM,AWS Graviton3,64,256,3.2096,77.0304,539.213,2343.01
aws,ap-northeast-2,m7i,x86(Intel),Intel Xeon Platinum 8488C,2,8,0.1239,2.9736,20.815,90.45
aws,ap-northeast-2,m7i,x86(Intel),Intel Xeon Platinum 8488C,4,16,0.2478,5.9472,41.63,180.89
aws,ap-northeast-2,m7i,x86(Intel),Intel Xeon Platinum 8488C,8,32,0.4956,11.8944,83.261,361.79
aws,ap-northeast-2,m7i,x86(Intel),Intel Xeon Platinum 8488C,16,64,0.9912,23.7888,166.522,723.58
aws,ap-northeast-2,m7i,x86(Intel),Intel Xeon Platinum 8488C,32,128,1.9824,47.5776,333.043,1447.15
aws,ap-northeast-2,m7i,x86(Intel),Intel Xeon Platinum 8488C,48,192,2.9736,71.3664,499.565,2170.73
aws,ap-northeast-2,m7i,x86(Intel),Intel Xeon Platinum 8488C,64,256,3.9648,95.1552,666.086,2894.3
aws,ap-northeast-2,m7i,x86(Intel),Intel Xeon Platinum 8488C,96,384,5.9472,142.7328,999.13,4341.46
aws,ap-northeast-2,m7i,x86(Intel),Intel Xeon Platinum 8488C,192,768,11.8944,285.4656,1998.259,8682.91
aws,ap-northeast-2,m8g,ARM,AWS Graviton4,1,4,0.05517,1.3241,9.269,40.27
aws,ap-northeast-2,m8g,ARM,AWS Graviton4,2,8,0.11034,2.6482,18.537,80.55
aws,ap-northeast-2,m8g,ARM,AWS Graviton4,4,16,0.22068,5.2963,37.074,161.1
aws,ap-northeast-2,m8g,ARM,AWS Graviton4,8,32,0.44136,10.5926,74.148,322.19
aws,ap-northeast-2,m8g,ARM,AWS Graviton4,16,64,0.88272,21.1853,148.297,644.39
aws,ap-northeast-2,m8g,ARM,AWS Graviton4,32,128,1.76544,42.3706,296.594,1288.77
aws,ap-northeast-2,m8g,ARM,AWS Graviton4,48,192,2.64816,63.5558,444.891,1933.16
aws,ap-northeast-2,m8g,ARM,AWS Graviton4,64,256,3.53088,84.7411,593.188,2577.54
aws,ap-northeast-2,m8g,ARM,AWS Graviton4,96,384,5.29632,127.1117,889.782,3866.31
aws,ap-northeast-2,m8g,ARM,AWS Graviton4,192,768,10.59264,254.2234,1779.564,7732.63
aws,ap-northeast-2,m8i,x86(Intel),Intel Xeon 6 6975P-C,2,8,0.13009,3.1222,21.855,94.97
aws,ap-northeast-2,m8i,x86(Intel),Intel Xeon 6 6975P-C,4,16,0.26018,6.2443,43.71,189.93
aws,ap-northeast-2,m8i,x86(Intel),Intel Xeon 6 6975P-C,8,32,0.52036,12.4886,87.42,379.86
aws,ap-northeast-2,m8i,x86(Intel),Intel Xeon 6 6975P-C,16,64,1.04072,24.9773,174.841,759.73
aws,ap-northeast-2,m8i,x86(Intel),Intel Xeon 6 6975P-C,32,128,2.08144,49.9546,349.682,1519.45
aws,ap-northeast-2,m8i,x86(Intel),Intel Xeon 6 6975P-C,48,192,3.12216,74.9318,524.523,2279.18
aws,ap-northeast-2,m8i,x86(Intel),Intel Xeon 6 6975P-C,64,256,4.16288,99.9091,699.364,3038.9
aws,ap-northeast-2,m8i,x86(Intel),Intel Xeon 6 6975P-C,96,384,6.24432,149.8637,1049.046,4558.35
aws,ap-northeast-2,m8i,x86(Intel),Intel Xeon 6 6975P-C,128,512,8.32576,199.8182,1398.728,6077.8
aws,ap-northeast-2,m8i,x86(Intel),Intel Xeon 6 6975P-C,192,768,12.48864,299.7274,2098.092,9116.71
aws,ap-northeast-2,m8i,x86(Intel),Intel Xeon 6 6975P-C,384,1536,24.97728,599.4547,4196.183,18233.41
aws,ap-northeast-2,r6g,ARM,AWS Graviton2,1,8,0.061,1.464,10.248,44.53
aws,ap-northeast-2,r6g,ARM,AWS Graviton2,2,16,0.122,2.928,20.496,89.06
aws,ap-northeast-2,r6g,ARM,AWS Graviton2,4,32,0.244,5.856,40.992,178.12
aws,ap-northeast-2,r6g,ARM,AWS Graviton2,8,64,0.488,11.712,81.984,356.24
aws,ap-northeast-2,r6g,ARM,AWS Graviton2,16,128,0.976,23.424,163.968,712.48
aws,ap-northeast-2,r6g,ARM,AWS Graviton2,32,256,1.952,46.848,327.936,1424.96
aws,ap-northeast-2,r6g,ARM,AWS Graviton2,48,384,2.928,70.272,491.904,2137.44
aws,ap-northeast-2,r6g,ARM,AWS Graviton2,64,512,3.904,93.696,655.872,2849.92
aws,ap-northeast-2,r6i,x86(Intel),Intel Xeon Platinum 8375C,2,16,0.152,3.648,25.536,110.96
aws,ap-northeast-2,r6i,x86(Intel),Intel Xeon Platinum 8375C,4,32,0.304,7.296,51.072,221.92
aws,ap-northeast-2,r6i,x86(Intel),Intel Xeon Platinum 8375C,8,64,0.608,14.592,102.144,443.84
aws,ap-northeast-2,r6i,x86(Intel),Intel Xeon Platinum 8375C,16,128,1.216,29.184,204.288,887.68
aws,ap-northeast-2,r6i,x86(Intel),Intel Xeon Platinum 8375C,32,256,2.432,58.368,408.576,1775.36
aws,ap-northeast-2,r6i,x86(Intel),Intel Xeon Platinum 8375C,48,384,3.648,87.552,612.864,2663.04
aws,ap-northeast-2,r6i,x86(Intel),Intel Xeon Platinum 8375C,64,512,4.864,116.736,817.152,3550.72
aws,ap-northeast-2,r6i,x86(Intel),Intel Xeon Platinum 8375C,96,768,7.296,175.104,1225.728,5326.08
aws,ap-northeast-2,r6i,x86(Intel),Intel Xeon Platinum 8375C,128,1024,9.728,233.472,1634.304,7101.44
aws,ap-northeast-2,r7g,ARM,AWS Graviton3,1,8,0.0646,1.5504,10.853,47.16
aws,ap-northeast-2,r7g,ARM,AWS Graviton3,2,16,0.1292,3.1008,21.706,94.32
aws,ap-northeast-2,r7g,ARM,AWS Graviton3,4,32,0.2584,6.2016,43.411,188.63
aws,ap-northeast-2,r7g,ARM,AWS Graviton3,8,64,0.5168,12.4032,86.822,377.26
aws,ap-northeast-2,r7g,ARM,AWS Graviton3,16,128,1.0336,24.8064,173.645,754.53
aws,ap-northeast-2,r7g,ARM,AWS Graviton3,32,256,2.0672,49.6128,347.29,1509.06
aws,ap-northeast-2,r7g,ARM,AWS Graviton3,48,384,3.1008,74.4192,520.934,2263.58
aws,ap-northeast-2,r7g,ARM,AWS Graviton3,64,512,4.1344,99.2256,694.579,3018.11
aws,ap-northeast-2,r7i,x86(Intel),Intel Xeon Platinum 8488C,2,16,0.1596,3.8304,26.813,116.51
aws,ap-northeast-2,r7i,x86(Intel),Intel Xeon Platinum 8488C,4,32,0.3192,7.6608,53.626,233.02
aws,ap-northeast-2,r7i,x86(Intel),Intel Xeon Platinum 8488C,8,64,0.6384,15.3216,107.251,466.03
aws,ap-northeast-2,r7i,x86(Intel),Intel Xeon Platinum 8488C,16,128,1.2768,30.6432,214.502,932.06
aws,ap-northeast-2,r7i,x86(Intel),Intel Xeon Platinum 8488C,32,256,2.5536,61.2864,429.005,1864.13
aws,ap-northeast-2,r7i,x86(Intel),Intel Xeon Platinum 8488C,48,384,3.8304,91.9296,643.507,2796.19
aws,ap-northeast-2,r7i,x86(Intel),Intel Xeon Platinum 8488C,64,512,5.1072,122.5728,858.01,3728.26
aws,ap-northeast-2,r7i,x86(Intel),Intel Xeon Platinum 8488C,96,768,7.6608,183.8592,1287.014,5592.38
aws,ap-northeast-2,r7i,x86(Intel),Intel Xeon Platinum 8488C,192,1536,15.3216,367.7184,2574.029,11184.77
aws,ap-northeast-2,r8g,ARM,AWS Graviton4,1,8,0.07106,1.7054,11.938,51.87
aws,ap-northeast-2,r8g,ARM,AWS Graviton4,2,16,0.14212,3.4109,23.876,103.75
aws,ap-northeast-2,r8g,ARM,AWS Graviton4,4,32,0.28424,6.8218,47.752,207.5
aws,ap-northeast-2,r8g,ARM,AWS Graviton4,8,64,0.56848,13.6435,95.505,414.99
aws,ap-northeast-2,r8g,ARM,AWS Graviton4,16,128,1.13696,27.287,191.009,829.98
aws,ap-northeast-2,r8g,ARM,AWS Graviton4,32,256,2.27392,54.5741,382.019,1659.96
aws,ap-northeast-2,r8g,ARM,AWS Graviton4,48,384,3.41088,81.8611,573.028,2489.94
aws,ap-northeast-2,r8g,ARM,AWS Graviton4,64,512,4.54784,109.1482,764.037,3319.92
aws,ap-northeast-2,r8g,ARM,AWS Graviton4,96,768,6.82176,163.7222,1146.056,4979.88
aws,ap-northeast-2,r8g,ARM,AWS Graviton4,192,1536,13.64352,327.4445,2292.111,9959.77
aws,ap-northeast-2,r8i,x86(Intel),Intel Xeon 6 6985P-C,2,16,0.16758,4.0219,28.153,122.33
aws,ap-northeast-2,r8i,x86(Intel),Intel Xeon 6 6985P-C,4,32,0.33516,8.0438,56.307,244.67
aws,ap-northeast-2,r8i,x86(Intel),Intel Xeon 6 6985P-C,8,64,0.67032,16.0877,112.614,489.33
aws,ap-northeast-2,r8i,x86(Intel),Intel Xeon 6 6985P-C,16,128,1.34064,32.1754,225.228,978.67
aws,ap-northeast-2,r8i,x86(Intel),Intel Xeon 6 6985P-C,32,256,2.68128,64.3507,450.455,1957.33
aws,ap-northeast-2,r8i,x86(Intel),Intel Xeon 6 6985P-C,48,384,4.02192,96.5261,675.683,2936.0
aws,ap-northeast-2,r8i,x86(Intel),Intel Xeon 6 6985P-C,64,512,5.36256,128.7014,900.91,3914.67
aws,ap-northeast-2,r8i,x86(Intel),Intel Xeon 6 6985P-C,96,768,8.04384,193.0522,1351.365,5872.0
aws,ap-northeast-2,r8i,x86(Intel),Intel Xeon 6 6985P-C,128,1024,10.72512,257.4029,1801.82,7829.34
aws,ap-northeast-2,r8i,x86(Intel),Intel Xeon 6 6985P-C,192,1536,16.08768,386.1043,2702.73,11744.01
aws,ap-northeast-2,r8i,x86(Intel),Intel Xeon 6 6985P-C,384,3072,32.17536,772.2086,5405.46,23488.01
aws,ap-northeast-2,x8i,x86(Intel),Intel Xeon 6 6975P-C,2,32,0.31731,7.6154,53.308,231.64
aws,ap-northeast-2,x8i,x86(Intel),Intel Xeon 6 6975P-C,4,64,0.63462,15.2309,106.616,463.27
aws,ap-northeast-2,x8i,x86(Intel),Intel Xeon 6 6975P-C,8,128,1.26924,30.4618,213.232,926.55
aws,ap-northeast-2,x8i,x86(Intel),Intel Xeon 6 6975P-C,16,256,2.53848,60.9235,426.465,1853.09
aws,ap-northeast-2,x8i,x86(Intel),Intel Xeon 6 6975P-C,32,512,5.07696,121.847,852.929,3706.18
aws,ap-northeast-2,x8i,x86(Intel),Intel Xeon 6 6975P-C,48,768,7.61544,182.7706,1279.394,5559.27
aws,ap-northeast-2,x8i,x86(Intel),Intel Xeon 6 6975P-C,64,1024,10.15392,243.6941,1705.859,7412.36
aws,ap-northeast-2,x8i,x86(Intel),Intel Xeon 6 6975P-C,96,1536,15.23088,365.5411,2558.788,11118.54
aws,ap-northeast-2,x8i,x86(Intel),Intel Xeon 6 6975P-C,128,2048,20.30784,487.3882,3411.717,14824.72
aws,ap-northeast-2,x8i,x86(Intel),Intel Xeon 6 6975P-C,192,3072,30.46176,731.0822,5117.576,22237.08
aws,ap-northeast-2,x8i,x86(Intel),Intel Xeon 6 6975P-C,256,4096,40.61568,974.7763,6823.434,29649.45
aws,ap-northeast-2,x8i,x86(Intel),Intel Xeon 6 6975P-C,384,6144,58.70235,1408.8564,9861.995,42852.72
aws,ap-northeast-3,c6g,ARM,AWS Graviton2,1,2,0.043,1.032,7.224,31.39
aws,ap-northeast-3,c6g,ARM,AWS Graviton2,2,4,0.086,2.064,14.448,62.78
aws,ap-northeast-3,c6g,ARM,AWS Graviton2,4,8,0.172,4.128,28.896,125.56
aws,ap-northeast-3,c6g,ARM,AWS Graviton2,8,16,0.344,8.256,57.792,251.12
aws,ap-northeast-3,c6g,ARM,AWS Graviton2,16,32,0.688,16.512,115.584,502.24
aws,ap-northeast-3,c6g,ARM,AWS Graviton2,32,64,1.376,33.024,231.168,1004.48
aws,ap-northeast-3,c6g,ARM,AWS Graviton2,48,96,2.064,49.536,346.752,1506.72
aws,ap-northeast-3,c6g,ARM,AWS Graviton2,64,128,2.752,66.048,462.336,2008.96
aws,ap-northeast-3,c6i,x86(Intel),Intel Xeon Platinum 8375C,2,4,0.107,2.568,17.976,78.11
aws,ap-northeast-3,c6i,x86(Intel),Intel Xeon Platinum 8375C,4,8,0.214,5.136,35.952,156.22
aws,ap-northeast-3,c6i,x86(Intel),Intel Xeon Platinum 8375C,8,16,0.428,10.272,71.904,312.44
aws,ap-northeast-3,c6i,x86(Intel),Intel Xeon Platinum 8375C,16,32,0.856,20.544,143.808,624.88
aws,ap-northeast-3,c6i,x86(Intel),Intel Xeon Platinum 8375C,32,64,1.712,41.088,287.616,1249.76
aws,ap-northeast-3,c6i,x86(Intel),Intel Xeon Platinum 8375C,48,96,2.568,61.632,431.424,1874.64
aws,ap-northeast-3,c6i,x86(Intel),Intel Xeon Platinum 8375C,64,128,3.424,82.176,575.232,2499.52
aws,ap-northeast-3,c6i,x86(Intel),Intel Xeon Platinum 8375C,96,192,5.136,123.264,862.848,3749.28
aws,ap-northeast-3,c6i,x86(Intel),Intel Xeon Platinum 8375C,128,256,6.848,164.352,1150.464,4999.04
aws,ap-northeast-3,c7g,ARM,AWS Graviton3,1,2,0.0455,1.092,7.644,33.21
aws,ap-northeast-3,c7g,ARM,AWS Graviton3,2,4,0.091,2.184,15.288,66.43
aws,ap-northeast-3,c7g,ARM,AWS Graviton3,4,8,0.1819,4.3656,30.559,132.79
aws,ap-northeast-3,c7g,ARM,AWS Graviton3,8,16,0.3638,8.7312,61.118,265.57
aws,ap-northeast-3,c7g,ARM,AWS Graviton3,16,32,0.7276,17.4624,122.237,531.15
aws,ap-northeast-3,c7g,ARM,AWS Graviton3,32,64,1.4552,34.9248,244.474,1062.3
aws,ap-northeast-3,c7g,ARM,AWS Graviton3,48,96,2.1828,52.3872,366.71,1593.44
aws,ap-northeast-3,c7g,ARM,AWS Graviton3,64,128,2.9104,69.8496,488.947,2124.59
aws,ap-northeast-3,c7i,x86(Intel),Intel Xeon Platinum 8488C,2,4,0.11235,2.6964,18.875,82.02
aws,ap-northeast-3,c7i,x86(Intel),Intel Xeon Platinum 8488C,4,8,0.2247,5.3928,37.75,164.03
aws,ap-northeast-3,c7i,x86(Intel),Intel Xeon Platinum 8488C,8,16,0.4494,10.7856,75.499,328.06
aws,ap-northeast-3,c7i,x86(Intel),Intel Xeon Platinum 8488C,16,32,0.8988,21.5712,150.998,656.12
aws,ap-northeast-3,c7i,x86(Intel),Intel Xeon Platinum 8488C,32,64,1.7976,43.1424,301.997,1312.25
aws,ap-northeast-3,c7i,x86(Intel),Intel Xeon Platinum 8488C,48,96,2.6964,64.7136,452.995,1968.37
aws,ap-northeast-3,c7i,x86(Intel),Intel Xeon Platinum 8488C,64,128,3.5952,86.2848,603.994,2624.5
aws,ap-northeast-3,c7i,x86(Intel),Intel Xeon Platinum 8488C,96,192,5.3928,129.4272,905.99,3936.74
aws,ap-northeast-3,c7i,x86(Intel),Intel Xeon Platinum 8488C,192,384,10.7856,258.8544,1811.981,7873.49
aws,ap-northeast-3,c8g,ARM,AWS Graviton4,1,2,0.05002,1.2005,8.403,36.51
aws,ap-northeast-3,c8g,ARM,AWS Graviton4,2,4,0.10004,2.401,16.807,73.03
aws,ap-northeast-3,c8g,ARM,AWS Graviton4,4,8,0.20008,4.8019,33.613,146.06
aws,ap-northeast-3,c8g,ARM,AWS Graviton4,8,16,0.40016,9.6038,67.227,292.12
aws,ap-northeast-3,c8g,ARM,AWS Graviton4,16,32,0.80032,19.2077,134.454,584.23
aws,ap-northeast-3,c8g,ARM,AWS Graviton4,32,64,1.60064,38.4154,268.908,1168.47
aws,ap-northeast-3,c8g,ARM,AWS Graviton4,48,96,2.40096,57.623,403.361,1752.7
aws,ap-northeast-3,c8g,ARM,AWS Graviton4,64,128,3.20128,76.8307,537.815,2336.93
aws,ap-northeast-3,c8g,ARM,AWS Graviton4,96,192,4.80192,115.2461,806.723,3505.4
aws,ap-northeast-3,c8g,ARM,AWS Graviton4,192,384,9.60384,230.4922,1613.445,7010.8
aws,ap-northeast-3,m6g,ARM,AWS Graviton2,1,4,0.0496,1.1904,8.333,36.21
aws,ap-northeast-3,m6g,ARM,AWS Graviton2,2,8,0.0992,2.3808,16.666,72.42
aws,ap-northeast-3,m6g,ARM,AWS Graviton2,4,16,0.1984,4.7616,33.331,144.83
aws,ap-northeast-3,m6g,ARM,AWS Graviton2,8,32,0.3968,9.5232,66.662,289.66
aws,ap-northeast-3,m6g,ARM,AWS Graviton2,16,64,0.7936,19.0464,133.325,579.33
aws,ap-northeast-3,m6g,ARM,AWS Graviton2,32,128,1.5872,38.0928,266.65,1158.66
aws,ap-northeast-3,m6g,ARM,AWS Graviton2,48,192,2.3808,57.1392,399.974,1737.98
aws,ap-northeast-3,m6g,ARM,AWS Graviton2,64,256,3.1744,76.1856,533.299,2317.31
aws,ap-northeast-3,m6i,x86(Intel),Intel Xeon Platinum 8375C,2,8,0.124,2.976,20.832,90.52
aws,ap-northeast-3,m6i,x86(Intel),Intel Xeon Platinum 8375C,4,16,0.248,5.952,41.664,181.04
aws,ap-northeast-3,m6i,x86(Intel),Intel Xeon Platinum 8375C,8,32,0.496,11.904,83.328,362.08
aws,ap-northeast-3,m6i,x86(Intel),Intel Xeon Platinum 8375C,16,64,0.992,23.808,166.656,724.16
aws,ap-northeast-3,m6i,x86(Intel),Intel Xeon Platinum 8375C,32,128,1.984,47.616,333.312,1448.32
aws,ap-northeast-3,m6i,x86(Intel),Intel Xeon Platinum 8375C,48,192,2.976,71.424,499.968,2172.48
aws,ap-northeast-3,m6i,x86(Intel),Intel Xeon Platinum 8375C,64,256,3.968,95.232,666.624,2896.64
aws,ap-northeast-3,m6i,x86(Intel),Intel Xeon Platinum 8375C,96,384,5.952,142.848,999.936,4344.96
aws,ap-northeast-3,m6i,x86(Intel),Intel Xeon Platinum 8375C,128,512,7.936,190.464,1333.248,5793.28
aws,ap-northeast-3,m7g,ARM,AWS Graviton3,1,4,0.0527,1.2648,8.854,38.47
aws,ap-northeast-3,m7g,ARM,AWS Graviton3,2,8,0.1054,2.5296,17.707,76.94
aws,ap-northeast-3,m7g,ARM,AWS Graviton3,4,16,0.2108,5.0592,35.414,153.88
aws,ap-northeast-3,m7g,ARM,AWS Graviton3,8,32,0.4216,10.1184,70.829,307.77
aws,ap-northeast-3,m7g,ARM,AWS Graviton3,16,64,0.8432,20.2368,141.658,615.54
aws,ap-northeast-3,m7g,ARM,AWS Graviton3,32,128,1.6864,40.4736,283.315,1231.07
aws,ap-northeast-3,m7g,ARM,AWS Graviton3,48,192,2.5296,60.7104,424.973,1846.61
aws,ap-northeast-3,m7g,ARM,AWS Graviton3,64,256,3.3728,80.9472,566.63,2462.14
aws,ap-northeast-3,m7i,x86(Intel),Intel Xeon Platinum 8488C,2,8,0.1302,3.1248,21.874,95.05
aws,ap-northeast-3,m7i,x86(Intel),Intel Xeon Platinum 8488C,4,16,0.2604,6.2496,43.747,190.09
aws,ap-northeast-3,m7i,x86(Intel),Intel Xeon Platinum 8488C,8,32,0.5208,12.4992,87.494,380.18
aws,ap-northeast-3,m7i,x86(Intel),Intel Xeon Platinum 8488C,16,64,1.0416,24.9984,174.989,760.37
aws,ap-northeast-3,m7i,x86(Intel),Intel Xeon Platinum 8488C,32,128,2.0832,49.9968,349.978,1520.74
aws,ap-northeast-3,m7i,x86(Intel),Intel Xeon Platinum 8488C,48,192,3.1248,74.9952,524.966,2281.1
aws,ap-northeast-3,m7i,x86(Intel),Intel Xeon Platinum 8488C,64,256,4.1664,99.9936,699.955,3041.47
aws,ap-northeast-3,m7i,x86(Intel),Intel Xeon Platinum 8488C,96,384,6.2496,149.9904,1049.933,4562.21
aws,ap-northeast-3,m7i,x86(Intel),Intel Xeon Platinum 8488C,192,768,12.4992,299.9808,2099.866,9124.42
aws,ap-northeast-3,m8g,ARM,AWS Graviton4,1,4,0.05797,1.3913,9.739,42.32
aws,ap-northeast-3,m8g,ARM,AWS Graviton4,2,8,0.11594,2.7826,19.478,84.64
aws,ap-northeast-3,m8g,ARM,AWS Graviton4,4,16,0.23188,5.5651,38.956,169.27
aws,ap-northeast-3,m8g,ARM,AWS Graviton4,8,32,0.46376,11.1302,77.912,338.54
aws,ap-northeast-3,m8g,ARM,AWS Graviton4,16,64,0.92752,22.2605,155.823,677.09
aws,ap-northeast-3,m8g,ARM,AWS Graviton4,32,128,1.85504,44.521,311.647,1354.18
aws,ap-northeast-3,m8g,ARM,AWS Graviton4,48,192,2.78256,66.7814,467.47,2031.27
aws,ap-northeast-3,m8g,ARM,AWS Graviton4,64,256,3.71008,89.0419,623.293,2708.36
aws,ap-northeast-3,m8g,ARM,AWS Graviton4,96,384,5.56512,133.5629,934.94,4062.54
aws,ap-northeast-3,m8g,ARM,AWS Graviton4,192,768,11.13024,267.1258,1869.88,8125.08
aws,ap-northeast-3,r6g,ARM,AWS Graviton2,1,8,0.0608,1.4592,10.214,44.38
aws,ap-northeast-3,r6g,ARM,AWS Graviton2,2,16,0.1216,2.9184,20.429,88.77
aws,ap-northeast-3,r6g,ARM,AWS Graviton2,4,32,0.2432,5.8368,40.858,177.54
aws,ap-northeast-3,r6g,ARM,AWS Graviton2,8,64,0.4864,11.6736,81.715,355.07
aws,ap-northeast-3,r6g,ARM,AWS Graviton2,16,128,0.9728,23.3472,163.43,710.14
aws,ap-northeast-3,r6g,ARM,AWS Graviton2,32,256,1.9456,46.6944,326.861,1420.29
aws,ap-northeast-3,r6g,ARM,AWS Graviton2,48,384,2.9184,70.0416,490.291,2130.43
aws,ap-northeast-3,r6g,ARM,AWS Graviton2,64,512,3.8912,93.3888,653.722,2840.58
aws,ap-northeast-3,r6i,x86(Intel),Intel Xeon Platinum 8375C,2,16,0.152,3.648,25.536,110.96
aws,ap-northeast-3,r6i,x86(Intel),Intel Xeon Platinum 8375C,4,32,0.304,7.296,51.072,221.92
aws,ap-northeast-3,r6i,x86(Intel),Intel Xeon Platinum 8375C,8,64,0.608,14.592,102.144,443.84
aws,ap-northeast-3,r6i,x86(Intel),Intel Xeon Platinum 8375C,16,128,1.216,29.184,204.288,887.68
aws,ap-northeast-3,r6i,x86(Intel),Intel Xeon Platinum 8375C,32,256,2.432,58.368,408.576,1775.36
aws,ap-northeast-3,r6i,x86(Intel),Intel Xeon Platinum 8375C,48,384,3.648,87.552,612.864,2663.04
aws,ap-northeast-3,r6i,x86(Intel),Intel Xeon Platinum 8375C,64,512,4.864,116.736,817.152,3550.72
aws,ap-northeast-3,r6i,x86(Intel),Intel Xeon Platinum 8375C,96,768,7.296,175.104,1225.728,5326.08
aws,ap-northeast-3,r6i,x86(Intel),Intel Xeon Platinum 8375C,128,1024,9.728,233.472,1634.304,7101.44
aws,ap-northeast-3,r7g,ARM,AWS Graviton3,1,8,0.0646,1.5504,10.853,47.16
aws,ap-northeast-3,r7g,ARM,AWS Graviton3,2,16,0.1292,3.1008,21.706,94.32
aws,ap-northeast-3,r7g,ARM,AWS Graviton3,4,32,0.2584,6.2016,43.411,188.63
aws,ap-northeast-3,r7g,ARM,AWS Graviton3,8,64,0.5168,12.4032,86.822,377.26
aws,ap-northeast-3,r7g,ARM,AWS Graviton3,16,128,1.0336,24.8064,173.645,754.53
aws,ap-northeast-3,r7g,ARM,AWS Graviton3,32,256,2.0672,49.6128,347.29,1509.06
aws,ap-northeast-3,r7g,ARM,AWS Graviton3,48,384,3.1008,74.4192,520.934,2263.58
aws,ap-northeast-3,r7g,ARM,AWS Graviton3,64,512,4.1344,99.2256,694.579,3018.11
aws,ap-northeast-3,r7i,x86(Intel),Intel Xeon Platinum 8488C,2,16,0.1596,3.8304,26.813,116.51
aws,ap-northeast-3,r7i,x86(Intel),Intel Xeon Platinum 8488C,4,32,0.3192,7.6608,53.626,233.02
aws,ap-northeast-3,r7i,x86(Intel),Intel Xeon Platinum 8488C,8,64,0.6384,15.3216,107.251,466.03
aws,ap-northeast-3,r7i,x86(Intel),Intel Xeon Platinum 8488C,16,128,1.2768,30.6432,214.502,932.06
aws,ap-northeast-3,r7i,x86(Intel),Intel Xeon Platinum 8488C,32,256,2.5536,61.2864,429.005,1864.13
aws,ap-northeast-3,r7i,x86(Intel),Intel Xeon Platinum 8488C,48,384,3.8304,91.9296,643.507,2796.19
aws,ap-northeast-3,r7i,x86(Intel),Intel Xeon Platinum 8488C,64,512,5.1072,122.5728,858.01,3728.26
aws,ap-northeast-3,r7i,x86(Intel),Intel Xeon Platinum 8488C,96,768,7.6608,183.8592,1287.014,5592.38
aws,ap-northeast-3,r7i,x86(Intel),Intel Xeon Platinum 8488C,192,1536,15.3216,367.7184,2574.029,11184.77
aws,ap-northeast-3,r8g,ARM,AWS Graviton4,1,8,0.07106,1.7054,11.938,51.87
aws,ap-northeast-3,r8g,ARM,AWS Graviton4,2,16,0.14212,3.4109,23.876,103.75
aws,ap-northeast-3,r8g,ARM,AWS Graviton4,4,32,0.28424,6.8218,47.752,207.5
aws,ap-northeast-3,r8g,ARM,AWS Graviton4,8,64,0.56848,13.6435,95.505,414.99
aws,ap-northeast-3,r8g,ARM,AWS Graviton4,16,128,1.13696,27.287,191.009,829.98
aws,ap-northeast-3,r8g,ARM,AWS Graviton4,32,256,2.27392,54.5741,382.019,1659.96
aws,ap-northeast-3,r8g,ARM,AWS Graviton4,48,384,3.41088,81.8611,573.028,2489.94
aws,ap-northeast-3,r8g,ARM,AWS Graviton4,64,512,4.54784,109.1482,764.037,3319.92
aws,ap-northeast-3,r8g,ARM,AWS Graviton4,96,768,6.82176,163.7222,1146.056,4979.88
aws,ap-northeast-3,r8g,ARM,AWS Graviton4,192,1536,13.64352,327.4445,2292.111,9959.77
aws,ap-south-1,c6a,x86(AMD),AMD EPYC 7R13,2,4,0.04675,1.122,7.854,34.13
aws,ap-south-1,c6a,x86(AMD),AMD EPYC 7R13,4,8,0.0935,2.244,15.708,68.26
aws,ap-south-1,c6a,x86(AMD),AMD EPYC 7R13,8,16,0.187,4.488,31.416,136.51
aws,ap-south-1,c6a,x86(AMD),AMD EPYC 7R13,16,32,0.374,8.976,62.832,273.02
aws,ap-south-1,c6a,x86(AMD),AMD EPYC 7R13,32,64,0.748,17.952,125.664,546.04
aws,ap-south-1,c6a,x86(AMD),AMD EPYC 7R13,48,96,1.122,26.928,188.496,819.06
aws,ap-south-1,c6a,x86(AMD),AMD EPYC 7R13,64,128,1.496,35.904,251.328,1092.08
aws,ap-south-1,c6a,x86(AMD),AMD EPYC 7R13,96,192,2.244,53.856,376.992,1638.12
aws,ap-south-1,c6a,x86(AMD),AMD EPYC 7R13,128,256,2.992,71.808,502.656,2184.16
aws,ap-south-1,c6a,x86(AMD),AMD EPYC 7R13,192,384,4.488,107.712,753.984,3276.24
aws,ap-south-1,c6g,ARM,AWS Graviton2,1,2,0.0213,0.5112,3.578,15.55
aws,ap-south-1,c6g,ARM,AWS Graviton2,2,4,0.0426,1.0224,7.157,31.1
aws,ap-south-1,c6g,ARM,AWS Graviton2,4,8,0.0852,2.0448,14.314,62.2
aws,ap-south-1,c6g,ARM,AWS Graviton2,8,16,0.1704,4.0896,28.627,124.39
aws,ap-south-1,c6g,ARM,AWS Graviton2,16,32,0.3408,8.1792,57.254,248.78
aws,ap-south-1,c6g,ARM,AWS Graviton2,32,64,0.6816,16.3584,114.509,497.57
aws,ap-south-1,c6g,ARM,AWS Graviton2,48,96,1.0224,24.5376,171.763,746.35
aws,ap-south-1,c6g,ARM,AWS Graviton2,64,128,1.3632,32.7168,229.018,995.14
aws,ap-south-1,c6i,x86(Intel),Intel Xeon Platinum 8375C,2,4,0.085,2.04,14.28,62.05
aws,ap-south-1,c6i,x86(Intel),Intel Xeon Platinum 8375C,4,8,0.17,4.08,28.56,124.1
aws,ap-south-1,c6i,x86(Intel),Intel Xeon Platinum 8375C,8,16,0.34,8.16,57.12,248.2
aws,ap-south-1,c6i,x86(Intel),Intel Xeon Platinum 8375C,16,32,0.68,16.32,114.24,496.4
aws,ap-south-1,c6i,x86(Intel),Intel Xeon Platinum 8375C,32,64,1.36,32.64,228.48,992.8
aws,ap-south-1,c6i,x86(Intel),Intel Xeon Platinum 8375C,48,96,2.04,48.96,342.72,1489.2
aws,ap-south-1,c6i,x86(Intel),Intel Xeon Platinum 8375C,64,128,2.72,65.28,456.96,1985.6
aws,ap-south-1,c6i,x86(Intel),Intel Xeon Platinum 8375C,96,192,4.08,97.92,685.44,2978.4
aws,ap-south-1,c6i,x86(Intel),Intel Xeon Platinum 8375C,128,256,5.44,130.56,913.92,3971.2
aws,ap-south-1,c7g,ARM,AWS Graviton3,1,2,0.0245,0.588,4.116,17.89
aws,ap-south-1,c7g,ARM,AWS Graviton3,2,4,0.0491,1.1784,8.249,35.84
aws,ap-south-1,c7g,ARM,AWS Graviton3,4,8,0.0982,2.3568,16.498,71.69
aws,ap-south-1,c7g,ARM,AWS Graviton3,8,16,0.1963,4.7112,32.978,143.3
aws,ap-south-1,c7g,ARM,AWS Graviton3,16,32,0.3926,9.4224,65.957,286.6
aws,ap-south-1,c7g,ARM,AWS Graviton3,32,64,0.7853,18.8472,131.93,573.27
aws,ap-south-1,c7g,ARM,AWS Graviton3,48,96,1.1779,28.2696,197.887,859.87
aws,ap-south-1,c7g,ARM,AWS Graviton3,64,128,1.5706,37.6944,263.861,1146.54
aws,ap-south-1,c7i,x86(Intel),Intel Xeon Platinum 8488C,2,4,0.08925,2.142,14.994,65.15
aws,ap-south-1,c7i,x86(Intel),Intel Xeon Platinum 8488C,4,8,0.1785,4.284,29.988,130.3
aws,ap-south-1,c7i,x86(Intel),Intel Xeon Platinum 8488C,8,16,0.357,8.568,59.976,260.61
aws,ap-south-1,c7i,x86(Intel),Intel Xeon Platinum 8488C,16,32,0.714,17.136,119.952,521.22
aws,ap-south-1,c7i,x86(Intel),Intel Xeon Platinum 8488C,32,64,1.428,34.272,239.904,1042.44
aws,ap-south-1,c7i,x86(Intel),Intel Xeon Platinum 8488C,48,96,2.142,51.408,359.856,1563.66
aws,ap-south-1,c7i,x86(Intel),Intel Xeon Platinum 8488C,64,128,2.856,68.544,479.808,2084.88
aws,ap-south-1,c7i,x86(Intel),Intel Xeon Platinum 8488C,96,192,4.284,102.816,719.712,3127.32
aws,ap-south-1,c7i,x86(Intel),Intel Xeon Platinum 8488C,192,384,8.568,205.632,1439.424,6254.64
aws,ap-south-1,c8g,ARM,AWS Graviton4,1,2,0.02699,0.6478,4.534,19.7
aws,ap-south-1,c8g,ARM,AWS Graviton4,2,4,0.05398,1.2955,9.069,39.41
aws,ap-south-1,c8g,ARM,AWS Graviton4,4,8,0.10796,2.591,18.137,78.81
aws,ap-south-1,c8g,ARM,AWS Graviton4,8,16,0.21592,5.1821,36.275,157.62
aws,ap-south-1,c8g,ARM,AWS Graviton4,16,32,0.43184,10.3642,72.549,315.24
aws,ap-south-1,c8g,ARM,AWS Graviton4,32,64,0.86368,20.7283,145.098,630.49
aws,ap-south-1,c8g,ARM,AWS Graviton4,48,96,1.29552,31.0925,217.647,945.73
aws,ap-south-1,c8g,ARM,AWS Graviton4,64,128,1.72736,41.4566,290.196,1260.97
aws,ap-south-1,c8g,ARM,AWS Graviton4,96,192,2.59104,62.185,435.295,1891.46
aws,ap-south-1,c8g,ARM,AWS Graviton4,192,384,5.18208,124.3699,870.589,3782.92
aws,ap-south-1,c8i,x86(Intel),Intel Xeon 6 6975P-C,2,4,0.09371,2.249,15.743,68.41
aws,ap-south-1,c8i,x86(Intel),Intel Xeon 6 6975P-C,4,8,0.18742,4.4981,31.487,136.82
aws,ap-south-1,c8i,x86(Intel),Intel Xeon 6 6975P-C,8,16,0.37484,8.9962,62.973,273.63
aws,ap-south-1,c8i,x86(Intel),Intel Xeon 6 6975P-C,16,32,0.74968,17.9923,125.946,547.27
aws,ap-south-1,c8i,x86(Intel),Intel Xeon 6 6975P-C,32,64,1.49936,35.9846,251.892,1094.53
aws,ap-south-1,c8i,x86(Intel),Intel Xeon 6 6975P-C,48,96,2.24904,53.977,377.839,1641.8
aws,ap-south-1,c8i,x86(Intel),Intel Xeon 6 6975P-C,64,128,2.99872,71.9693,503.785,2189.07
aws,ap-south-1,c8i,x86(Intel),Intel Xeon 6 6975P-C,96,192,4.49808,107.9539,755.677,3283.6
aws,ap-south-1,c8i,x86(Intel),Intel Xeon 6 6975P-C,128,256,5.99744,143.9386,1007.57,4378.13
aws,ap-south-1,c8i,x86(Intel),Intel Xeon 6 6975P-C,192,384,8.99616,215.9078,1511.355,6567.2
aws,ap-south-1,c8i,x86(Intel),Intel Xeon 6 6975P-C,384,768,17.99232,431.8157,3022.71,13134.39
aws,ap-south-1,m6a,x86(AMD),AMD EPYC 7R13,2,8,0.05555,1.3332,9.332,40.55
aws,ap-south-1,m6a,x86(AMD),AMD EPYC 7R13,4,16,0.1111,2.6664,18.665,81.1
aws,ap-south-1,m6a,x86(AMD),AMD EPYC 7R13,8,32,0.2222,5.3328,37.33,162.21
aws,ap-south-1,m6a,x86(AMD),AMD EPYC 7R13,16,64,0.4444,10.6656,74.659,324.41
aws,ap-south-1,m6a,x86(AMD),AMD EPYC 7R13,32,128,0.8888,21.3312,149.318,648.82
aws,ap-south-1,m6a,x86(AMD),AMD EPYC 7R13,48,192,1.3332,31.9968,223.978,973.24
aws,ap-south-1,m6a,x86(AMD),AMD EPYC 7R13,64,256,1.7776,42.6624,298.637,1297.65
aws,ap-south-1,m6a,x86(AMD),AMD EPYC 7R13,96,384,2.6664,63.9936,447.955,1946.47
aws,ap-south-1,m6a,x86(AMD),AMD EPYC 7R13,128,512,3.5552,85.3248,597.274,2595.3
aws,ap-south-1,m6a,x86(AMD),AMD EPYC 7R13,192,768,5.3328,127.9872,895.91,3892.94
aws,ap-south-1,m6g,ARM,AWS Graviton2,1,4,0.0253,0.6072,4.25,18.47
aws,ap-south-1,m6g,ARM,AWS Graviton2,2,8,0.0506,1.2144,8.501,36.94
aws,ap-south-1,m6g,ARM,AWS Graviton2,4,16,0.1012,2.4288,17.002,73.88
aws,ap-south-1,m6g,ARM,AWS Graviton2,8,32,0.2024,4.8576,34.003,147.75
aws,ap-south-1,m6g,ARM,AWS Graviton2,16,64,0.4048,9.7152,68.006,295.5
aws,ap-south-1,m6g,ARM,AWS Graviton2,32,128,0.8096,19.4304,136.013,591.01
aws,ap-south-1,m6g,ARM,AWS Graviton2,48,192,1.2144,29.1456,204.019,886.51
aws,ap-south-1,m6g,ARM,AWS Graviton2,64,256,1.6192,38.8608,272.026,1182.02
aws,ap-south-1,m6i,x86(Intel),Intel Xeon Platinum 8375C,2,8,0.101,2.424,16.968,73.73
aws,ap-south-1,m6i,x86(Intel),Intel Xeon Platinum 8375C,4,16,0.202,4.848,33.936,147.46
aws,ap-south-1,m6i,x86(Intel),Intel Xeon Platinum 8375C,8,32,0.404,9.696,67.872,294.92
aws,ap-south-1,m6i,x86(Intel),Intel Xeon Platinum 8375C,16,64,0.808,19.392,135.744,589.84
aws,ap-south-1,m6i,x86(Intel),Intel Xeon Platinum 8375C,32,128,1.616,38.784,271.488,1179.68
aws,ap-south-1,m6i,x86(Intel),Intel Xeon Platinum 8375C,48,192,2.424,58.176,407.232,1769.52
aws,ap-south-1,m6i,x86(Intel),Intel Xeon Platinum 8375C,64,256,3.232,77.568,542.976,2359.36
aws,ap-south-1,m6i,x86(Intel),Intel Xeon Platinum 8375C,96,384,4.848,116.352,814.464,3539.04
aws,ap-south-1,m6i,x86(Intel),Intel Xeon Platinum 8375C,128,512,6.464,155.136,1085.952,4718.72
aws,ap-south-1,m7g,ARM,AWS Graviton3,1,4,0.0292,0.7008,4.906,21.32
aws,ap-south-1,m7g,ARM,AWS Graviton3,2,8,0.0583,1.3992,9.794,42.56
aws,ap-south-1,m7g,ARM,AWS Graviton3,4,16,0.1166,2.7984,19.589,85.12
aws,ap-south-1,m7g,ARM,AWS Graviton3,8,32,0.2333,5.5992,39.194,170.31
aws,ap-south-1,m7g,ARM,AWS Graviton3,16,64,0.4666,11.1984,78.389,340.62
aws,ap-south-1,m7g,ARM,AWS Graviton3,32,128,0.9331,22.3944,156.761,681.16
aws,ap-south-1,m7g,ARM,AWS Graviton3,48,192,1.3997,33.5928,235.15,1021.78
aws,ap-south-1,m7g,ARM,AWS Graviton3,64,256,1.8662,44.7888,313.522,1362.33
aws,ap-south-1,m7i,x86(Intel),Intel Xeon Platinum 8488C,2,8,0.10605,2.5452,17.816,77.42
aws,ap-south-1,m7i,x86(Intel),Intel Xeon Platinum 8488C,4,16,0.2121,5.0904,35.633,154.83
aws,ap-south-1,m7i,x86(Intel),Intel Xeon Platinum 8488C,8,32,0.4242,10.1808,71.266,309.67
aws,ap-south-1,m7i,x86(Intel),Intel Xeon Platinum 8488C,16,64,0.8484,20.3616,142.531,619.33
aws,ap-south-1,m7i,x86(Intel),Intel Xeon Platinum 8488C,32,128,1.6968,40.7232,285.062,1238.66
aws,ap-south-1,m7i,x86(Intel),Intel Xeon Platinum 8488C,48,192,2.5452,61.0848,427.594,1858.0
aws,ap-south-1,m7i,x86(Intel),Intel Xeon Platinum 8488C,64,256,3.3936,81.4464,570.125,2477.33
aws,ap-south-1,m7i,x86(Intel),Intel Xeon Platinum 8488C,96,384,5.0904,122.1696,855.187,3715.99
aws,ap-south-1,m7i,x86(Intel),Intel Xeon Platinum 8488C,192,768,10.1808,244.3392,1710.374,7431.98
aws,ap-south-1,m8a,x86(AMD),AMD EPYC 9R45,1,4,0.06403,1.5367,10.757,46.74
aws,ap-south-1,m8a,x86(AMD),AMD EPYC 9R45,2,8,0.12806,3.0734,21.514,93.48
aws,ap-south-1,m8a,x86(AMD),AMD EPYC 9R45,4,16,0.25612,6.1469,43.028,186.97
aws,ap-south-1,m8a,x86(AMD),AMD EPYC 9R45,8,32,0.51224,12.2938,86.056,373.94
aws,ap-south-1,m8a,x86(AMD),AMD EPYC 9R45,16,64,1.02448,24.5875,172.113,747.87
aws,ap-south-1,m8a,x86(AMD),AMD EPYC 9R45,32,128,2.04896,49.175,344.225,1495.74
aws,ap-south-1,m8a,x86(AMD),AMD EPYC 9R45,48,192,3.07344,73.7626,516.338,2243.61
aws,ap-south-1,m8a,x86(AMD),AMD EPYC 9R45,64,256,4.09792,98.3501,688.451,2991.48
aws,ap-south-1,m8a,x86(AMD),AMD EPYC 9R45,96,384,6.14688,147.5251,1032.676,4487.22
aws,ap-south-1,m8a,x86(AMD),AMD EPYC 9R45,192,768,12.29376,295.0502,2065.352,8974.44
aws,ap-south-1,m8g,ARM,AWS Graviton4,1,4,0.03208,0.7699,5.389,23.42
aws,ap-south-1,m8g,ARM,AWS Graviton4,2,8,0.06416,1.5398,10.779,46.84
aws,ap-south-1,m8g,ARM,AWS Graviton4,4,16,0.12832,3.0797,21.558,93.67
aws,ap-south-1,m8g,ARM,AWS Graviton4,8,32,0.25664,6.1594,43.116,187.35
aws,ap-south-1,m8g,ARM,AWS Graviton4,16,64,0.51328,12.3187,86.231,374.69
aws,ap-south-1,m8g,ARM,AWS Graviton4,32,128,1.02656,24.6374,172.462,749.39
aws,ap-south-1,m8g,ARM,AWS Graviton4,48,192,1.53984,36.9562,258.693,1124.08
aws,ap-south-1,m8g,ARM,AWS Graviton4,64,256,2.05312,49.2749,344.924,1498.78
aws,ap-south-1,m8g,ARM,AWS Graviton4,96,384,3.07968,73.9123,517.386,2248.17
aws,ap-south-1,m8g,ARM,AWS Graviton4,192,768,6.15936,147.8246,1034.772,4496.33
aws,ap-south-1,m8i,x86(Intel),Intel Xeon 6 6975P-C,2,8,0.11135,2.6724,18.707,81.29
aws,ap-south-1,m8i,x86(Intel),Intel Xeon 6 6975P-C,4,16,0.2227,5.3448,37.414,162.57
aws,ap-south-1,m8i,x86(Intel),Intel Xeon 6 6975P-C,8,32,0.4454,10.6896,74.827,325.14
aws,ap-south-1,m8i,x86(Intel),Intel Xeon 6 6975P-C,16,64,0.8908,21.3792,149.654,650.28
aws,ap-south-1,m8i,x86(Intel),Intel Xeon 6 6975P-C,32,128,1.7816,42.7584,299.309,1300.57
aws,ap-south-1,m8i,x86(Intel),Intel Xeon 6 6975P-C,48,192,2.6724,64.1376,448.963,1950.85
aws,ap-south-1,m8i,x86(Intel),Intel Xeon 6 6975P-C,64,256,3.5632,85.5168,598.618,2601.14
aws,ap-south-1,m8i,x86(Intel),Intel Xeon 6 6975P-C,96,384,5.3448,128.2752,897.926,3901.7
aws,ap-south-1,m8i,x86(Intel),Intel Xeon 6 6975P-C,128,512,7.1264,171.0336,1197.235,5202.27
aws,ap-south-1,m8i,x86(Intel),Intel Xeon 6 6975P-C,192,768,10.6896,256.5504,1795.853,7803.41
aws,ap-south-1,m8i,x86(Intel),Intel Xeon 6 6975P-C,384,1536,21.3792,513.1008,3591.706,15606.82
aws,ap-south-1,r6a,x86(AMD),AMD EPYC 7R13,2,16,0.0715,1.716,12.012,52.19
aws,ap-south-1,r6a,x86(AMD),AMD EPYC 7R13,4,32,0.143,3.432,24.024,104.39
aws,ap-south-1,r6a,x86(AMD),AMD EPYC 7R13,8,64,0.286,6.864,48.048,208.78
aws,ap-south-1,r6a,x86(AMD),AMD EPYC 7R13,16,128,0.572,13.728,96.096,417.56
aws,ap-south-1,r6a,x86(AMD),AMD EPYC 7R13,32,256,1.144,27.456,192.192,835.12
aws,ap-south-1,r6a,x86(AMD),AMD EPYC 7R13,48,384,1.716,41.184,288.288,1252.68
aws,ap-south-1,r6a,x86(AMD),AMD EPYC 7R13,64,512,2.288,54.912,384.384,1670.24
aws,ap-south-1,r6a,x86(AMD),AMD EPYC 7R13,96,768,3.432,82.368,576.576,2505.36
aws,ap-south-1,r6a,x86(AMD),AMD EPYC 7R13,128,1024,4.576,109.824,768.768,3340.48
aws,ap-south-1,r6a,x86(AMD),AMD EPYC 7R13,192,1536,6.864,164.736,1153.152,5010.72
aws,ap-south-1,r6g,ARM,AWS Graviton2,1,8,0.0325,0.78,5.46,23.72
aws,ap-south-1,r6g,ARM,AWS Graviton2,2,16,0.065,1.56,10.92,47.45
aws,ap-south-1,r6g,ARM,AWS Graviton2,4,32,0.13,3.12,21.84,94.9
aws,ap-south-1,r6g,ARM,AWS Graviton2,8,64,0.26,6.24,43.68,189.8
aws,ap-south-1,r6g,ARM,AWS Graviton2,16,128,0.52,12.48,87.36,379.6
aws,ap-south-1,r6g,ARM,AWS Graviton2,32,256,1.04,24.96,174.72,759.2
aws,ap-south-1,r6g,ARM,AWS Graviton2,48,384,1.56,37.44,262.08,1138.8
aws,ap-south-1,r6g,ARM,AWS Graviton2,64,512,2.08,49.92,349.44,1518.4
aws,ap-south-1,r6i,x86(Intel),Intel Xeon Platinum 8375C,2,16,0.13,3.12,21.84,94.9
aws,ap-south-1,r6i,x86(Intel),Intel Xeon Platinum 8375C,4,32,0.26,6.24,43.68,189.8
aws,ap-south-1,r6i,x86(Intel),Intel Xeon Platinum 8375C,8,64,0.52,12.48,87.36,379.6
aws,ap-south-1,r6i,x86(Intel),Intel Xeon Platinum 8375C,16,128,1.04,24.96,174.72,759.2
aws,ap-south-1,r6i,x86(Intel),Intel Xeon Platinum 8375C,32,256,2.08,49.92,349.44,1518.4
aws,ap-south-1,r6i,x86(Intel),Intel Xeon Platinum 8375C,48,384,3.12,74.88,524.16,2277.6
aws,ap-south-1,r6i,x86(Intel),Intel Xeon Platinum 8375C,64,512,4.16,99.84,698.88,3036.8
aws,ap-south-1,r6i,x86(Intel),Intel Xeon Platinum 8375C,96,768,6.24,149.76,1048.32,4555.2
aws,ap-south-1,r6i,x86(Intel),Intel Xeon Platinum 8375C,128,1024,8.32,199.68,1397.76,6073.6
aws,ap-south-1,r7g,ARM,AWS Graviton3,1,8,0.0375,0.9,6.3,27.38
aws,ap-south-1,r7g,ARM,AWS Graviton3,2,16,0.0751,1.8024,12.617,54.82
aws,ap-south-1,r7g,ARM,AWS Graviton3,4,32,0.1502,3.6048,25.234,109.65
aws,ap-south-1,r7g,ARM,AWS Graviton3,8,64,0.3003,7.2072,50.45,219.22
aws,ap-south-1,r7g,ARM,AWS Graviton3,16,128,0.6006,14.4144,100.901,438.44
aws,ap-south-1,r7g,ARM,AWS Graviton3,32,256,1.2013,28.8312,201.818,876.95
aws,ap-south-1,r7g,ARM,AWS Graviton3,48,384,1.8019,43.2456,302.719,1315.39
aws,ap-south-1,r7g,ARM,AWS Graviton3,64,512,2.4026,57.6624,403.637,1753.9
aws,ap-south-1,r7i,x86(Intel),Intel Xeon Platinum 8488C,2,16,0.1365,3.276,22.932,99.65
aws,ap-south-1,r7i,x86(Intel),Intel Xeon Platinum 8488C,4,32,0.273,6.552,45.864,199.29
aws,ap-south-1,r7i,x86(Intel),Intel Xeon Platinum 8488C,8,64,0.546,13.104,91.728,398.58
aws,ap-south-1,r7i,x86(Intel),Intel Xeon Platinum 8488C,16,128,1.092,26.208,183.456,797.16
aws,ap-south-1,r7i,x86(Intel),Intel Xeon Platinum 8488C,32,256,2.184,52.416,366.912,1594.32
aws,ap-south-1,r7i,x86(Intel),Intel Xeon Platinum 8488C,48,384,3.276,78.624,550.368,2391.48
aws,ap-south-1,r7i,x86(Intel),Intel Xeon Platinum 8488C,64,512,4.368,104.832,733.824,3188.64
aws,ap-south-1,r7i,x86(Intel),Intel Xeon Platinum 8488C,96,768,6.552,157.248,1100.736,4782.96
aws,ap-south-1,r7i,x86(Intel),Intel Xeon Platinum 8488C,192,1536,13.104,314.496,2201.472,9565.92
aws,ap-south-1,r8g,ARM,AWS Graviton4,1,8,0.04129,0.991,6.937,30.14
aws,ap-south-1,r8g,ARM,AWS Graviton4,2,16,0.08258,1.9819,13.873,60.28
aws,ap-south-1,r8g,ARM,AWS Graviton4,4,32,0.16516,3.9638,27.747,120.57
aws,ap-south-1,r8g,ARM,AWS Graviton4,8,64,0.33032,7.9277,55.494,241.13
aws,ap-south-1,r8g,ARM,AWS Graviton4,16,128,0.66064,15.8554,110.988,482.27
aws,ap-south-1,r8g,ARM,AWS Graviton4,32,256,1.32128,31.7107,221.975,964.53
aws,ap-south-1,r8g,ARM,AWS Graviton4,48,384,1.98192,47.5661,332.963,1446.8
aws,ap-south-1,r8g,ARM,AWS Graviton4,64,512,2.64256,63.4214,443.95,1929.07
aws,ap-south-1,r8g,ARM,AWS Graviton4,96,768,3.96384,95.1322,665.925,2893.6
aws,ap-south-1,r8g,ARM,AWS Graviton4,192,1536,7.92768,190.2643,1331.85,5787.21
aws,ap-south-1,r8i,x86(Intel),Intel Xeon 6 6985P-C,2,16,0.14333,3.4399,24.079,104.63
aws,ap-south-1,r8i,x86(Intel),Intel Xeon 6 6985P-C,4,32,0.28666,6.8798,48.159,209.26
aws,ap-south-1,r8i,x86(Intel),Intel Xeon 6 6985P-C,8,64,0.57332,13.7597,96.318,418.52
aws,ap-south-1,r8i,x86(Intel),Intel Xeon 6 6985P-C,16,128,1.14664,27.5194,192.636,837.05
aws,ap-south-1,r8i,x86(Intel),Intel Xeon 6 6985P-C,32,256,2.29328,55.0387,385.271,1674.09
aws,ap-south-1,r8i,x86(Intel),Intel Xeon 6 6985P-C,48,384,3.43992,82.5581,577.907,2511.14
aws,ap-south-1,r8i,x86(Intel),Intel Xeon 6 6985P-C,64,512,4.58656,110.0774,770.542,3348.19
aws,ap-south-1,r8i,x86(Intel),Intel Xeon 6 6985P-C,96,768,6.87984,165.1162,1155.813,5022.28
aws,ap-south-1,r8i,x86(Intel),Intel Xeon 6 6985P-C,128,1024,9.17312,220.1549,1541.084,6696.38
aws,ap-south-1,r8i,x86(Intel),Intel Xeon 6 6985P-C,192,1536,13.75968,330.2323,2311.626,10044.57
aws,ap-south-1,r8i,x86(Intel),Intel Xeon 6 6985P-C,384,3072,27.51936,660.4646,4623.252,20089.13
aws,ap-south-1,x8i,x86(Intel),Intel Xeon 6 6975P-C,2,32,0.22578,5.4187,37.931,164.82
aws,ap-south-1,x8i,x86(Intel),Intel Xeon 6 6975P-C,4,64,0.45156,10.8374,75.862,329.64
aws,ap-south-1,x8i,x86(Intel),Intel Xeon 6 6975P-C,8,128,0.90312,21.6749,151.724,659.28
aws,ap-south-1,x8i,x86(Intel),Intel Xeon 6 6975P-C,16,256,1.80624,43.3498,303.448,1318.56
aws,ap-south-1,x8i,x86(Intel),Intel Xeon 6 6975P-C,32,512,3.61248,86.6995,606.897,2637.11
aws,ap-south-1,x8i,x86(Intel),Intel Xeon 6 6975P-C,48,768,5.41872,130.0493,910.345,3955.67
aws,ap-south-1,x8i,x86(Intel),Intel Xeon 6 6975P-C,64,1024,7.22496,173.399,1213.793,5274.22
aws,ap-south-1,x8i,x86(Intel),Intel Xeon 6 6975P-C,96,1536,10.83744,260.0986,1820.69,7911.33
aws,ap-south-1,x8i,x86(Intel),Intel Xeon 6 6975P-C,128,2048,14.44992,346.7981,2427.587,10548.44
aws,ap-south-1,x8i,x86(Intel),Intel Xeon 6 6975P-C,192,3072,21.67488,520.1971,3641.38,15822.66
aws,ap-south-1,x8i,x86(Intel),Intel Xeon 6 6975P-C,256,4096,28.89984,693.5962,4855.173,21096.88
aws,ap-south-1,x8i,x86(Intel),Intel Xeon 6 6975P-C,384,6144,50.23605,1205.6652,8439.656,36672.32
aws,ap-south-2,c6a,x86(AMD),AMD EPYC 7R13,2,4,0.04675,1.122,7.854,34.13
aws,ap-south-2,c6a,x86(AMD),AMD EPYC 7R13,4,8,0.0935,2.244,15.708,68.26
aws,ap-south-2,c6a,x86(AMD),AMD EPYC 7R13,8,16,0.187,4.488,31.416,136.51
aws,ap-south-2,c6a,x86(AMD),AMD EPYC 7R13,16,32,0.374,8.976,62.832,273.02
aws,ap-south-2,c6a,x86(AMD),AMD EPYC 7R13,32,64,0.748,17.952,125.664,546.04
aws,ap-south-2,c6a,x86(AMD),AMD EPYC 7R13,48,96,1.122,26.928,188.496,819.06
aws,ap-south-2,c6a,x86(AMD),AMD EPYC 7R13,64,128,1.496,35.904,251.328,1092.08
aws,ap-south-2,c6a,x86(AMD),AMD EPYC 7R13,96,192,2.244,53.856,376.992,1638.12
aws,ap-south-2,c6a,x86(AMD),AMD EPYC 7R13,128,256,2.992,71.808,502.656,2184.16
aws,ap-south-2,c6a,x86(AMD),AMD EPYC 7R13,192,384,4.488,107.712,753.984,3276.24
aws,ap-south-2,c6g,ARM,AWS Graviton2,1,2,0.0213,0.5112,3.578,15.55
aws,ap-south-2,c6g,ARM,AWS Graviton2,2,4,0.0426,1.0224,7.157,31.1
aws,ap-south-2,c6g,ARM,AWS Graviton2,4,8,0.0852,2.0448,14.314,62.2
aws,ap-south-2,c6g,ARM,AWS Graviton2,8,16,0.1704,4.0896,28.627,124.39
aws,ap-south-2,c6g,ARM,AWS Graviton2,16,32,0.3408,8.1792,57.254,248.78
aws,ap-south-2,c6g,ARM,AWS Graviton2,32,64,0.6816,16.3584,114.509,497.57
aws,ap-south-2,c6g,ARM,AWS Graviton2,48,96,1.0224,24.5376,171.763,746.35
aws,ap-south-2,c6g,ARM,AWS Graviton2,64,128,1.3632,32.7168,229.018,995.14
aws,ap-south-2,c6i,x86(Intel),Intel Xeon Platinum 8375C,2,4,0.085,2.04,14.28,62.05
aws,ap-south-2,c6i,x86(Intel),Intel Xeon Platinum 8375C,4,8,0.17,4.08,28.56,124.1
aws,ap-south-2,c6i,x86(Intel),Intel Xeon Platinum 8375C,8,16,0.34,8.16,57.12,248.2
aws,ap-south-2,c6i,x86(Intel),Intel Xeon Platinum 8375C,16,32,0.68,16.32,114.24,496.4
aws,ap-south-2,c6i,x86(Intel),Intel Xeon Platinum 8375C,32,64,1.36,32.64,228.48,992.8
aws,ap-south-2,c6i,x86(Intel),Intel Xeon Platinum 8375C,48,96,2.04,48.96,342.72,1489.2
aws,ap-south-2,c6i,x86(Intel),Intel Xeon Platinum 8375C,64,128,2.72,65.28,456.96,1985.6
aws,ap-south-2,c6i,x86(Intel),Intel Xeon Platinum 8375C,96,192,4.08,97.92,685.44,2978.4
aws,ap-south-2,c6i,x86(Intel),Intel Xeon Platinum 8375C,128,256,5.44,130.56,913.92,3971.2
aws,ap-south-2,c7g,ARM,AWS Graviton3,1,2,0.0245,0.588,4.116,17.89
aws,ap-south-2,c7g,ARM,AWS Graviton3,2,4,0.0491,1.1784,8.249,35.84
aws,ap-south-2,c7g,ARM,AWS Graviton3,4,8,0.0982,2.3568,16.498,71.69
aws,ap-south-2,c7g,ARM,AWS Graviton3,8,16,0.1963,4.7112,32.978,143.3
aws,ap-south-2,c7g,ARM,AWS Graviton3,16,32,0.3926,9.4224,65.957,286.6
aws,ap-south-2,c7g,ARM,AWS Graviton3,32,64,0.7853,18.8472,131.93,573.27
aws,ap-south-2,c7g,ARM,AWS Graviton3,48,96,1.1779,28.2696,197.887,859.87
aws,ap-south-2,c7g,ARM,AWS Graviton3,64,128,1.5706,37.6944,263.861,1146.54
aws,ap-south-2,c7i,x86(Intel),Intel Xeon Platinum 8488C,2,4,0.08925,2.142,14.994,65.15
aws,ap-south-2,c7i,x86(Intel),Intel Xeon Platinum 8488C,4,8,0.1785,4.284,29.988,130.3
aws,ap-south-2,c7i,x86(Intel),Intel Xeon Platinum 8488C,8,16,0.357,8.568,59.976,260.61
aws,ap-south-2,c7i,x86(Intel),Intel Xeon Platinum 8488C,16,32,0.714,17.136,119.952,521.22
aws,ap-south-2,c7i,x86(Intel),Intel Xeon Platinum 8488C,32,64,1.428,34.272,239.904,1042.44
aws,ap-south-2,c7i,x86(Intel),Intel Xeon Platinum 8488C,48,96,2.142,51.408,359.856,1563.66
aws,ap-south-2,c7i,x86(Intel),Intel Xeon Platinum 8488C,64,128,2.856,68.544,479.808,2084.88
aws,ap-south-2,c7i,x86(Intel),Intel Xeon Platinum 8488C,96,192,4.284,102.816,719.712,3127.32
aws,ap-south-2,c7i,x86(Intel),Intel Xeon Platinum 8488C,192,384,8.568,205.632,1439.424,6254.64
aws,ap-south-2,c8g,ARM,AWS Graviton4,1,2,0.02699,0.6478,4.534,19.7
aws,ap-south-2,c8g,ARM,AWS Graviton4,2,4,0.05398,1.2955,9.069,39.41
aws,ap-south-2,c8g,ARM,AWS Graviton4,4,8,0.10796,2.591,18.137,78.81
aws,ap-south-2,c8g,ARM,AWS Graviton4,8,16,0.21592,5.1821,36.275,157.62
aws,ap-south-2,c8g,ARM,AWS Graviton4,16,32,0.43184,10.3642,72.549,315.24
aws,ap-south-2,c8g,ARM,AWS Graviton4,32,64,0.86368,20.7283,145.098,630.49
aws,ap-south-2,c8g,ARM,AWS Graviton4,48,96,1.29552,31.0925,217.647,945.73
aws,ap-south-2,c8g,ARM,AWS Graviton4,64,128,1.72736,41.4566,290.196,1260.97
aws,ap-south-2,c8g,ARM,AWS Graviton4,96,192,2.59104,62.185,435.295,1891.46
aws,ap-south-2,c8g,ARM,AWS Graviton4,192,384,5.18208,124.3699,870.589,3782.92
aws,ap-south-2,c8i,x86(Intel),Intel Xeon 6 6975P-C,2,4,0.09371,2.249,15.743,68.41
aws,ap-south-2,c8i,x86(Intel),Intel Xeon 6 6975P-C,4,8,0.18742,4.4981,31.487,136.82
aws,ap-south-2,c8i,x86(Intel),Intel Xeon 6 6975P-C,8,16,0.37484,8.9962,62.973,273.63
aws,ap-south-2,c8i,x86(Intel),Intel Xeon 6 6975P-C,16,32,0.74968,17.9923,125.946,547.27
aws,ap-south-2,c8i,x86(Intel),Intel Xeon 6 6975P-C,32,64,1.49936,35.9846,251.892,1094.53
aws,ap-south-2,c8i,x86(Intel),Intel Xeon 6 6975P-C,48,96,2.24904,53.977,377.839,1641.8
aws,ap-south-2,c8i,x86(Intel),Intel Xeon 6 6975P-C,64,128,2.99872,71.9693,503.785,2189.07
aws,ap-south-2,c8i,x86(Intel),Intel Xeon 6 6975P-C,96,192,4.49808,107.9539,755.677,3283.6
aws,ap-south-2,c8i,x86(Intel),Intel Xeon 6 6975P-C,128,256,5.99744,143.9386,1007.57,4378.13
aws,ap-south-2,c8i,x86(Intel),Intel Xeon 6 6975P-C,192,384,8.99616,215.9078,1511.355,6567.2
aws,ap-south-2,c8i,x86(Intel),Intel Xeon 6 6975P-C,384,768,17.99232,431.8157,3022.71,13134.39
aws,ap-south-2,m6a,x86(AMD),AMD EPYC 7R13,2,8,0.05555,1.3332,9.332,40.55
aws,ap-south-2,m6a,x86(AMD),AMD EPYC 7R13,4,16,0.1111,2.6664,18.665,81.1
aws,ap-south-2,m6a,x86(AMD),AMD EPYC 7R13,8,32,0.2222,5.3328,37.33,162.21
aws,ap-south-2,m6a,x86(AMD),AMD EPYC 7R13,16,64,0.4444,10.6656,74.659,324.41
aws,ap-south-2,m6a,x86(AMD),AMD EPYC 7R13,32,128,0.8888,21.3312,149.318,648.82
aws,ap-south-2,m6a,x86(AMD),AMD EPYC 7R13,48,192,1.3332,31.9968,223.978,973.24
aws,ap-south-2,m6a,x86(AMD),AMD EPYC 7R13,64,256,1.7776,42.6624,298.637,1297.65
aws,ap-south-2,m6a,x86(AMD),AMD EPYC 7R13,96,384,2.6664,63.9936,447.955,1946.47
aws,ap-south-2,m6a,x86(AMD),AMD EPYC 7R13,128,512,3.5552,85.3248,597.274,2595.3
aws,ap-south-2,m6a,x86(AMD),AMD EPYC 7R13,192,768,5.3328,127.9872,895.91,3892.94
aws,ap-south-2,m6g,ARM,AWS Graviton2,1,4,0.0253,0.6072,4.25,18.47
aws,ap-south-2,m6g,ARM,AWS Graviton2,2,8,0.0506,1.2144,8.501,36.94
aws,ap-south-2,m6g,ARM,AWS Graviton2,4,16,0.1012,2.4288,17.002,73.88
aws,ap-south-2,m6g,ARM,AWS Graviton2,8,32,0.2024,4.8576,34.003,147.75
aws,ap-south-2,m6g,ARM,AWS Graviton2,16,64,0.4048,9.7152,68.006,295.5
aws,ap-south-2,m6g,ARM,AWS Graviton2,32,128,0.8096,19.4304,136.013,591.01
aws,ap-south-2,m6g,ARM,AWS Graviton2,48,192,1.2144,29.1456,204.019,886.51
aws,ap-south-2,m6g,ARM,AWS Graviton2,64,256,1.6192,38.8608,272.026,1182.02
aws,ap-south-2,m6i,x86(Intel),Intel Xeon Platinum 8375C,2,8,0.101,2.424,16.968,73.73
aws,ap-south-2,m6i,x86(Intel),Intel Xeon Platinum 8375C,4,16,0.202,4.848,33.936,147.46
aws,ap-south-2,m6i,x86(Intel),Intel Xeon Platinum 8375C,8,32,0.404,9.696,67.872,294.92
aws,ap-south-2,m6i,x86(Intel),Intel Xeon Platinum 8375C,16,64,0.808,19.392,135.744,589.84
aws,ap-south-2,m6i,x86(Intel),Intel Xeon Platinum 8375C,32,128,1.616,38.784,271.488,1179.68
aws,ap-south-2,m6i,x86(Intel),Intel Xeon Platinum 8375C,48,192,2.424,58.176,407.232,1769.52
aws,ap-south-2,m6i,x86(Intel),Intel Xeon Platinum 8375C,64,256,3.232,77.568,542.976,2359.36
aws,ap-south-2,m6i,x86(Intel),Intel Xeon Platinum 8375C,96,384,4.848,116.352,814.464,3539.04
aws,ap-south-2,m6i,x86(Intel),Intel Xeon Platinum 8375C,128,512,6.464,155.136,1085.952,4718.72
aws,ap-south-2,m7g,ARM,AWS Graviton3,1,4,0.0292,0.7008,4.906,21.32
aws,ap-south-2,m7g,ARM,AWS Graviton3,2,8,0.0583,1.3992,9.794,42.56
aws,ap-south-2,m7g,ARM,AWS Graviton3,4,16,0.1166,2.7984,19.589,85.12
aws,ap-south-2,m7g,ARM,AWS Graviton3,8,32,0.2333,5.5992,39.194,170.31
aws,ap-south-2,m7g,ARM,AWS Graviton3,16,64,0.4666,11.1984,78.389,340.62
aws,ap-south-2,m7g,ARM,AWS Graviton3,32,128,0.9331,22.3944,156.761,681.16
aws,ap-south-2,m7g,ARM,AWS Graviton3,48,192,1.3997,33.5928,235.15,1021.78
aws,ap-south-2,m7g,ARM,AWS Graviton3,64,256,1.8662,44.7888,313.522,1362.33
aws,ap-south-2,m7i,x86(Intel),Intel Xeon Platinum 8488C,2,8,0.10605,2.5452,17.816,77.42
aws,ap-south-2,m7i,x86(Intel),Intel Xeon Platinum 8488C,4,16,0.2121,5.0904,35.633,154.83
aws,ap-south-2,m7i,x86(Intel),Intel Xeon Platinum 8488C,8,32,0.4242,10.1808,71.266,309.67
aws,ap-south-2,m7i,x86(Intel),Intel Xeon Platinum 8488C,16,64,0.8484,20.3616,142.531,619.33
aws,ap-south-2,m7i,x86(Intel),Intel Xeon Platinum 8488C,32,128,1.6968,40.7232,285.062,1238.66
aws,ap-south-2,m7i,x86(Intel),Intel Xeon Platinum 8488C,48,192,2.5452,61.0848,427.594,1858.0
aws,ap-south-2,m7i,x86(Intel),Intel Xeon Platinum 8488C,64,256,3.3936,81.4464,570.125,2477.33
aws,ap-south-2,m7i,x86(Intel),Intel Xeon Platinum 8488C,96,384,5.0904,122.1696,855.187,3715.99
aws,ap-south-2,m7i,x86(Intel),Intel Xeon Platinum 8488C,192,768,10.1808,244.3392,1710.374,7431.98
aws,ap-south-2,m8g,ARM,AWS Graviton4,1,4,0.03208,0.7699,5.389,23.42
aws,ap-south-2,m8g,ARM,AWS Graviton4,2,8,0.06416,1.5398,10.779,46.84
aws,ap-south-2,m8g,ARM,AWS Graviton4,4,16,0.12832,3.0797,21.558,93.67
aws,ap-south-2,m8g,ARM,AWS Graviton4,8,32,0.25664,6.1594,43.116,187.35
aws,ap-south-2,m8g,ARM,AWS Graviton4,16,64,0.51328,12.3187,86.231,374.69
aws,ap-south-2,m8g,ARM,AWS Graviton4,32,128,1.02656,24.6374,172.462,749.39
aws,ap-south-2,m8g,ARM,AWS Graviton4,48,192,1.53984,36.9562,258.693,1124.08
aws,ap-south-2,m8g,ARM,AWS Graviton4,64,256,2.05312,49.2749,344.924,1498.78
aws,ap-south-2,m8g,ARM,AWS Graviton4,96,384,3.07968,73.9123,517.386,2248.17
aws,ap-south-2,m8g,ARM,AWS Graviton4,192,768,6.15936,147.8246,1034.772,4496.33
aws,ap-south-2,m8i,x86(Intel),Intel Xeon 6 6975P-C,2,8,0.11135,2.6724,18.707,81.29
aws,ap-south-2,m8i,x86(Intel),Intel Xeon 6 6975P-C,4,16,0.2227,5.3448,37.414,162.57
aws,ap-south-2,m8i,x86(Intel),Intel Xeon 6 6975P-C,8,32,0.4454,10.6896,74.827,325.14
aws,ap-south-2,m8i,x86(Intel),Intel Xeon 6 6975P-C,16,64,0.8908,21.3792,149.654,650.28
aws,ap-south-2,m8i,x86(Intel),Intel Xeon 6 6975P-C,32,128,1.7816,42.7584,299.309,1300.57
aws,ap-south-2,m8i,x86(Intel),Intel Xeon 6 6975P-C,48,192,2.6724,64.1376,448.963,1950.85
aws,ap-south-2,m8i,x86(Intel),Intel Xeon 6 6975P-C,64,256,3.5632,85.5168,598.618,2601.14
aws,ap-south-2,m8i,x86(Intel),Intel Xeon 6 6975P-C,96,384,5.3448,128.2752,897.926,3901.7
aws,ap-south-2,m8i,x86(Intel),Intel Xeon 6 6975P-C,128,512,7.1264,171.0336,1197.235,5202.27
aws,ap-south-2,m8i,x86(Intel),Intel Xeon 6 6975P-C,192,768,10.6896,256.5504,1795.853,7803.41
aws,ap-south-2,m8i,x86(Intel),Intel Xeon 6 6975P-C,384,1536,21.3792,513.1008,3591.706,15606.82
aws,ap-south-2,r6a,x86(AMD),AMD EPYC 7R13,2,16,0.0715,1.716,12.012,52.19
aws,ap-south-2,r6a,x86(AMD),AMD EPYC 7R13,4,32,0.143,3.432,24.024,104.39
aws,ap-south-2,r6a,x86(AMD),AMD EPYC 7R13,8,64,0.286,6.864,48.048,208.78
aws,ap-south-2,r6a,x86(AMD),AMD EPYC 7R13,16,128,0.572,13.728,96.096,417.56
aws,ap-south-2,r6a,x86(AMD),AMD EPYC 7R13,32,256,1.144,27.456,192.192,835.12
aws,ap-south-2,r6a,x86(AMD),AMD EPYC 7R13,48,384,1.716,41.184,288.288,1252.68
aws,ap-south-2,r6a,x86(AMD),AMD EPYC 7R13,64,512,2.288,54.912,384.384,1670.24
aws,ap-south-2,r6a,x86(AMD),AMD EPYC 7R13,96,768,3.432,82.368,576.576,2505.36
aws,ap-south-2,r6a,x86(AMD),AMD EPYC 7R13,128,1024,4.576,109.824,768.768,3340.48
aws,ap-south-2,r6a,x86(AMD),AMD EPYC 7R13,192,1536,6.864,164.736,1153.152,5010.72
aws,ap-south-2,r6g,ARM,AWS Graviton2,1,8,0.0325,0.78,5.46,23.72
aws,ap-south-2,r6g,ARM,AWS Graviton2,2,16,0.065,1.56,10.92,47.45
aws,ap-south-2,r6g,ARM,AWS Graviton2,4,32,0.13,3.12,21.84,94.9
aws,ap-south-2,r6g,ARM,AWS Graviton2,8,64,0.26,6.24,43.68,189.8
aws,ap-south-2,r6g,ARM,AWS Graviton2,16,128,0.52,12.48,87.36,379.6
aws,ap-south-2,r6g,ARM,AWS Graviton2,32,256,1.04,24.96,174.72,759.2
aws,ap-south-2,r6g,ARM,AWS Graviton2,48,384,1.56,37.44,262.08,1138.8
aws,ap-south-2,r6g,ARM,AWS Graviton2,64,512,2.08,49.92,349.44,1518.4
aws,ap-south-2,r6i,x86(Intel),Intel Xeon Platinum 8375C,2,16,0.13,3.12,21.84,94.9
aws,ap-south-2,r6i,x86(Intel),Intel Xeon Platinum 8375C,4,32,0.26,6.24,43.68,189.8
aws,ap-south-2,r6i,x86(Intel),Intel Xeon Platinum 8375C,8,64,0.52,12.48,87.36,379.6
aws,ap-south-2,r6i,x86(Intel),Intel Xeon Platinum 8375C,16,128,1.04,24.96,174.72,759.2
aws,ap-south-2,r6i,x86(Intel),Intel Xeon Platinum 8375C,32,256,2.08,49.92,349.44,1518.4
aws,ap-south-2,r6i,x86(Intel),Intel Xeon Platinum 8375C,48,384,3.12,74.88,524.16,2277.6
aws,ap-south-2,r6i,x86(Intel),Intel Xeon Platinum 8375C,64,512,4.16,99.84,698.88,3036.8
aws,ap-south-2,r6i,x86(Intel),Intel Xeon Platinum 8375C,96,768,6.24,149.76,1048.32,4555.2
aws,ap-south-2,r6i,x86(Intel),Intel Xeon Platinum 8375C,128,1024,8.32,199.68,1397.76,6073.6
aws,ap-south-2,r7a,x86(AMD),AMD EPYC 9R14,1,8,0.07849,1.8838,13.186,57.3
aws,ap-south-2,r7a,x86(AMD),AMD EPYC 9R14,2,16,0.15698,3.7675,26.373,114.6
aws,ap-south-2,r7a,x86(AMD),AMD EPYC 9R14,4,32,0.31396,7.535,52.745,229.19
aws,ap-south-2,r7a,x86(AMD),AMD EPYC 9R14,8,64,0.62792,15.0701,105.491,458.38
aws,ap-south-2,r7a,x86(AMD),AMD EPYC 9R14,16,128,1.25584,30.1402,210.981,916.76
aws,ap-south-2,r7a,x86(AMD),AMD EPYC 9R14,32,256,2.51168,60.2803,421.962,1833.53
aws,ap-south-2,r7a,x86(AMD),AMD EPYC 9R14,48,384,3.76752,90.4205,632.943,2750.29
aws,ap-south-2,r7a,x86(AMD),AMD EPYC 9R14,64,512,5.02336,120.5606,843.924,3667.05
aws,ap-south-2,r7a,x86(AMD),AMD EPYC 9R14,96,768,7.53504,180.841,1265.887,5500.58
aws,ap-south-2,r7a,x86(AMD),AMD EPYC 9R14,128,1024,10.04672,241.1213,1687.849,7334.11
aws,ap-south-2,r7a,x86(AMD),AMD EPYC 9R14,192,1536,15.07008,361.6819,2531.773,11001.16
aws,ap-south-2,r7g,ARM,AWS Graviton3,1,8,0.0375,0.9,6.3,27.38
aws,ap-south-2,r7g,ARM,AWS Graviton3,2,16,0.0751,1.8024,12.617,54.82
aws,ap-south-2,r7g,ARM,AWS Graviton3,4,32,0.1502,3.6048,25.234,109.65
aws,ap-south-2,r7g,ARM,AWS Graviton3,8,64,0.3003,7.2072,50.45,219.22
aws,ap-south-2,r7g,ARM,AWS Graviton3,16,128,0.6006,14.4144,100.901,438.44
aws,ap-south-2,r7g,ARM,AWS Graviton3,32,256,1.2013,28.8312,201.818,876.95
aws,ap-south-2,r7g,ARM,AWS Graviton3,48,384,1.8019,43.2456,302.719,1315.39
aws,ap-south-2,r7g,ARM,AWS Graviton3,64,512,2.4026,57.6624,403.637,1753.9
aws,ap-south-2,r7i,x86(Intel),Intel Xeon Platinum 8488C,2,16,0.1365,3.276,22.932,99.65
aws,ap-south-2,r7i,x86(Intel),Intel Xeon Platinum 8488C,4,32,0.273,6.552,45.864,199.29
aws,ap-south-2,r7i,x86(Intel),Intel Xeon Platinum 8488C,8,64,0.546,13.104,91.728,398.58
aws,ap-south-2,r7i,x86(Intel),Intel Xeon Platinum 8488C,16,128,1.092,26.208,183.456,797.16
aws,ap-south-2,r7i,x86(Intel),Intel Xeon Platinum 8488C,32,256,2.184,52.416,366.912,1594.32
aws,ap-south-2,r7i,x86(Intel),Intel Xeon Platinum 8488C,48,384,3.276,78.624,550.368,2391.48
aws,ap-south-2,r7i,x86(Intel),Intel Xeon Platinum 8488C,64,512,4.368,104.832,733.824,3188.64
aws,ap-south-2,r7i,x86(Intel),Intel Xeon Platinum 8488C,96,768,6.552,157.248,1100.736,4782.96
aws,ap-south-2,r7i,x86(Intel),Intel Xeon Platinum 8488C,192,1536,13.104,314.496,2201.472,9565.92
aws,ap-south-2,r8g,ARM,AWS Graviton4,1,8,0.04129,0.991,6.937,30.14
aws,ap-south-2,r8g,ARM,AWS Graviton4,2,16,0.08258,1.9819,13.873,60.28
aws,ap-south-2,r8g,ARM,AWS Graviton4,4,32,0.16516,3.9638,27.747,120.57
aws,ap-south-2,r8g,ARM,AWS Graviton4,8,64,0.33032,7.9277,55.494,241.13
aws,ap-south-2,r8g,ARM,AWS Graviton4,16,128,0.66064,15.8554,110.988,482.27
aws,ap-south-2,r8g,ARM,AWS Graviton4,32,256,1.32128,31.7107,221.975,964.53
aws,ap-south-2,r8g,ARM,AWS Graviton4,48,384,1.98192,47.5661,332.963,1446.8
aws,ap-south-2,r8g,ARM,AWS Graviton4,64,512,2.64256,63.4214,443.95,1929.07
aws,ap-south-2,r8g,ARM,AWS Graviton4,96,768,3.96384,95.1322,665.925,2893.6
aws,ap-south-2,r8g,ARM,AWS Graviton4,192,1536,7.92768,190.2643,1331.85,5787.21
aws,ap-south-2,r8i,x86(Intel),Intel Xeon 6 6985P-C,2,16,0.14333,3.4399,24.079,104.63
aws,ap-south-2,r8i,x86(Intel),Intel Xeon 6 6985P-C,4,32,0.28666,6.8798,48.159,209.26
aws,ap-south-2,r8i,x86(Intel),Intel Xeon 6 6985P-C,8,64,0.57332,13.7597,96.318,418.52
aws,ap-south-2,r8i,x86(Intel),Intel Xeon 6 6985P-C,16,128,1.14664,27.5194,192.636,837.05
aws,ap-south-2,r8i,x86(Intel),Intel Xeon 6 6985P-C,32,256,2.29328,55.0387,385.271,1674.09
aws,ap-south-2,r8i,x86(Intel),Intel Xeon 6 6985P-C,48,384,3.43992,82.5581,577.907,2511.14
aws,ap-south-2,r8i,x86(Intel),Intel Xeon 6 6985P-C,64,512,4.58656,110.0774,770.542,3348.19
aws,ap-south-2,r8i,x86(Intel),Intel Xeon 6 6985P-C,96,768,6.87984,165.1162,1155.813,5022.28
aws,ap-south-2,r8i,x86(Intel),Intel Xeon 6 6985P-C,128,1024,9.17312,220.1549,1541.084,6696.38
aws,ap-south-2,r8i,x86(Intel),Intel Xeon 6 6985P-C,192,1536,13.75968,330.2323,2311.626,10044.57
aws,ap-south-2,r8i,x86(Intel),Intel Xeon 6 6985P-C,384,3072,27.51936,660.4646,4623.252,20089.13
aws,ap-southeast-1,c6a,x86(AMD),AMD EPYC 7R13,2,4,0.0882,2.1168,14.818,64.39
aws,ap-southeast-1,c6a,x86(AMD),AMD EPYC 7R13,4,8,0.1764,4.2336,29.635,128.77
aws,ap-southeast-1,c6a,x86(AMD),AMD EPYC 7R13,8,16,0.3528,8.4672,59.27,257.54
aws,ap-southeast-1,c6a,x86(AMD),AMD EPYC 7R13,16,32,0.7056,16.9344,118.541,515.09
aws,ap-southeast-1,c6a,x86(AMD),AMD EPYC 7R13,32,64,1.4112,33.8688,237.082,1030.18
aws,ap-southeast-1,c6a,x86(AMD),AMD EPYC 7R13,48,96,2.1168,50.8032,355.622,1545.26
aws,ap-southeast-1,c6a,x86(AMD),AMD EPYC 7R13,64,128,2.8224,67.7376,474.163,2060.35
aws,ap-southeast-1,c6a,x86(AMD),AMD EPYC 7R13,96,192,4.2336,101.6064,711.245,3090.53
aws,ap-southeast-1,c6a,x86(AMD),AMD EPYC 7R13,128,256,5.6448,135.4752,948.326,4120.7
aws,ap-southeast-1,c6a,x86(AMD),AMD EPYC 7R13,192,384,8.4672,203.2128,1422.49,6181.06
aws,ap-southeast-1,c6g,ARM,AWS Graviton2,1,2,0.0392,0.9408,6.586,28.62
aws,ap-southeast-1,c6g,ARM,AWS Graviton2,2,4,0.0784,1.8816,13.171,57.23
aws,ap-southeast-1,c6g,ARM,AWS Graviton2,4,8,0.1568,3.7632,26.342,114.46
aws,ap-southeast-1,c6g,ARM,AWS Graviton2,8,16,0.3136,7.5264,52.685,228.93
aws,ap-southeast-1,c6g,ARM,AWS Graviton2,16,32,0.6272,15.0528,105.37,457.86
aws,ap-southeast-1,c6g,ARM,AWS Graviton2,32,64,1.2544,30.1056,210.739,915.71
aws,ap-southeast-1,c6g,ARM,AWS Graviton2,48,96,1.8816,45.1584,316.109,1373.57
aws,ap-southeast-1,c6g,ARM,AWS Graviton2,64,128,2.5088,60.2112,421.478,1831.42
aws,ap-southeast-1,c6i,x86(Intel),Intel Xeon Platinum 8375C,2,4,0.098,2.352,16.464,71.54
aws,ap-southeast-1,c6i,x86(Intel),Intel Xeon Platinum 8375C,4,8,0.196,4.704,32.928,143.08
aws,ap-southeast-1,c6i,x86(Intel),Intel Xeon Platinum 8375C,8,16,0.392,9.408,65.856,286.16
aws,ap-southeast-1,c6i,x86(Intel),Intel Xeon Platinum 8375C,16,32,0.784,18.816,131.712,572.32
aws,ap-southeast-1,c6i,x86(Intel),Intel Xeon Platinum 8375C,32,64,1.568,37.632,263.424,1144.64
aws,ap-southeast-1,c6i,x86(Intel),Intel Xeon Platinum 8375C,48,96,2.352,56.448,395.136,1716.96
aws,ap-southeast-1,c6i,x86(Intel),Intel Xeon Platinum 8375C,64,128,3.136,75.264,526.848,2289.28
aws,ap-southeast-1,c6i,x86(Intel),Intel Xeon Platinum 8375C,96,192,4.704,112.896,790.272,3433.92
aws,ap-southeast-1,c6i,x86(Intel),Intel Xeon Platinum 8375C,128,256,6.272,150.528,1053.696,4578.56
aws,ap-southeast-1,c7a,x86(AMD),AMD EPYC 9R14,1,2,0.05917,1.4201,9.941,43.19
aws,ap-southeast-1,c7a,x86(AMD),AMD EPYC 9R14,2,4,0.11834,2.8402,19.881,86.39
aws,ap-southeast-1,c7a,x86(AMD),AMD EPYC 9R14,4,8,0.23668,5.6803,39.762,172.78
aws,ap-southeast-1,c7a,x86(AMD),AMD EPYC 9R14,8,16,0.47336,11.3606,79.524,345.55
aws,ap-southeast-1,c7a,x86(AMD),AMD EPYC 9R14,16,32,0.94672,22.7213,159.049,691.11
aws,ap-southeast-1,c7a,x86(AMD),AMD EPYC 9R14,32,64,1.89344,45.4426,318.098,1382.21
aws,ap-southeast-1,c7a,x86(AMD),AMD EPYC 9R14,48,96,2.84016,68.1638,477.147,2073.32
aws,ap-southeast-1,c7a,x86(AMD),AMD EPYC 9R14,64,128,3.78688,90.8851,636.196,2764.42
aws,ap-southeast-1,c7a,x86(AMD),AMD EPYC 9R14,96,192,5.68032,136.3277,954.294,4146.63
aws,ap-southeast-1,c7a,x86(AMD),AMD EPYC 9R14,128,256,7.57376,181.7702,1272.392,5528.84
aws,ap-southeast-1,c7a,x86(AMD),AMD EPYC 9R14,192,384,11.36064,272.6554,1908.588,8293.27
aws,ap-southeast-1,c7g,ARM,AWS Graviton3,1,2,0.0417,1.0008,7.006,30.44
aws,ap-southeast-1,c7g,ARM,AWS Graviton3,2,4,0.0833,1.9992,13.994,60.81
aws,ap-southeast-1,c7g,ARM,AWS Graviton3,4,8,0.1666,3.9984,27.989,121.62
aws,ap-southeast-1,c7g,ARM,AWS Graviton3,8,16,0.3332,7.9968,55.978,243.24
aws,ap-southeast-1,c7g,ARM,AWS Graviton3,16,32,0.6664,15.9936,111.955,486.47
aws,ap-southeast-1,c7g,ARM,AWS Graviton3,32,64,1.3328,31.9872,223.91,972.94
aws,ap-southeast-1,c7g,ARM,AWS Graviton3,48,96,1.9992,47.9808,335.866,1459.42
aws,ap-southeast-1,c7g,ARM,AWS Graviton3,64,128,2.6656,63.9744,447.821,1945.89
aws,ap-southeast-1,c7i,x86(Intel),Intel Xeon Platinum 8488C,2,4,0.1029,2.4696,17.287,75.12
aws,ap-southeast-1,c7i,x86(Intel),Intel Xeon Platinum 8488C,4,8,0.2058,4.9392,34.574,150.23
aws,ap-southeast-1,c7i,x86(Intel),Intel Xeon Platinum 8488C,8,16,0.4116,9.8784,69.149,300.47
aws,ap-southeast-1,c7i,x86(Intel),Intel Xeon Platinum 8488C,16,32,0.8232,19.7568,138.298,600.94
aws,ap-southeast-1,c7i,x86(Intel),Intel Xeon Platinum 8488C,32,64,1.6464,39.5136,276.595,1201.87
aws,ap-southeast-1,c7i,x86(Intel),Intel Xeon Platinum 8488C,48,96,2.4696,59.2704,414.893,1802.81
aws,ap-southeast-1,c7i,x86(Intel),Intel Xeon Platinum 8488C,64,128,3.2928,79.0272,553.19,2403.74
aws,ap-southeast-1,c7i,x86(Intel),Intel Xeon Platinum 8488C,96,192,4.9392,118.5408,829.786,3605.62
aws,ap-southeast-1,c7i,x86(Intel),Intel Xeon Platinum 8488C,192,384,9.8784,237.0816,1659.571,7211.23
aws,ap-southeast-1,c8g,ARM,AWS Graviton4,1,2,0.04582,1.0997,7.698,33.45
aws,ap-southeast-1,c8g,ARM,AWS Graviton4,2,4,0.09164,2.1994,15.396,66.9
aws,ap-southeast-1,c8g,ARM,AWS Graviton4,4,8,0.18328,4.3987,30.791,133.79
aws,ap-southeast-1,c8g,ARM,AWS Graviton4,8,16,0.36656,8.7974,61.582,267.59
aws,ap-southeast-1,c8g,ARM,AWS Graviton4,16,32,0.73312,17.5949,123.164,535.18
aws,ap-southeast-1,c8g,ARM,AWS Graviton4,32,64,1.46624,35.1898,246.328,1070.36
aws,ap-southeast-1,c8g,ARM,AWS Graviton4,48,96,2.19936,52.7846,369.492,1605.53
aws,ap-southeast-1,c8g,ARM,AWS Graviton4,64,128,2.93248,70.3795,492.657,2140.71
aws,ap-southeast-1,c8g,ARM,AWS Graviton4,96,192,4.39872,105.5693,738.985,3211.07
aws,ap-southeast-1,c8g,ARM,AWS Graviton4,192,384,8.79744,211.1386,1477.97,6422.13
aws,ap-southeast-1,c8i,x86(Intel),Intel Xeon 6 6975P-C,2,4,0.10805,2.5932,18.152,78.88
aws,ap-southeast-1,c8i,x86(Intel),Intel Xeon 6 6975P-C,4,8,0.2161,5.1864,36.305,157.75
aws,ap-southeast-1,c8i,x86(Intel),Intel Xeon 6 6975P-C,8,16,0.4322,10.3728,72.61,315.51
aws,ap-southeast-1,c8i,x86(Intel),Intel Xeon 6 6975P-C,16,32,0.8644,20.7456,145.219,631.01
aws,ap-southeast-1,c8i,x86(Intel),Intel Xeon 6 6975P-C,32,64,1.7288,41.4912,290.438,1262.02
aws,ap-southeast-1,c8i,x86(Intel),Intel Xeon 6 6975P-C,48,96,2.5932,62.2368,435.658,1893.04
aws,ap-southeast-1,c8i,x86(Intel),Intel Xeon 6 6975P-C,64,128,3.4576,82.9824,580.877,2524.05
aws,ap-southeast-1,c8i,x86(Intel),Intel Xeon 6 6975P-C,96,192,5.1864,124.4736,871.315,3786.07
aws,ap-southeast-1,c8i,x86(Intel),Intel Xeon 6 6975P-C,128,256,6.9152,165.9648,1161.754,5048.1
aws,ap-southeast-1,c8i,x86(Intel),Intel Xeon 6 6975P-C,192,384,10.3728,248.9472,1742.63,7572.14
aws,ap-southeast-1,c8i,x86(Intel),Intel Xeon 6 6975P-C,384,768,20.7456,497.8944,3485.261,15144.29
aws,ap-southeast-1,m6a,x86(AMD),AMD EPYC 7R13,2,8,0.108,2.592,18.144,78.84
aws,ap-southeast-1,m6a,x86(AMD),AMD EPYC 7R13,4,16,0.216,5.184,36.288,157.68
aws,ap-southeast-1,m6a,x86(AMD),AMD EPYC 7R13,8,32,0.432,10.368,72.576,315.36
aws,ap-southeast-1,m6a,x86(AMD),AMD EPYC 7R13,16,64,0.864,20.736,145.152,630.72
aws,ap-southeast-1,m6a,x86(AMD),AMD EPYC 7R13,32,128,1.728,41.472,290.304,1261.44
aws,ap-southeast-1,m6a,x86(AMD),AMD EPYC 7R13,48,192,2.592,62.208,435.456,1892.16
aws,ap-southeast-1,m6a,x86(AMD),AMD EPYC 7R13,64,256,3.456,82.944,580.608,2522.88
aws,ap-southeast-1,m6a,x86(AMD),AMD EPYC 7R13,96,384,5.184,124.416,870.912,3784.32
aws,ap-southeast-1,m6a,x86(AMD),AMD EPYC 7R13,128,512,6.912,165.888,1161.216,5045.76
aws,ap-southeast-1,m6a,x86(AMD),AMD EPYC 7R13,192,768,10.368,248.832,1741.824,7568.64
aws,ap-southeast-1,m6g,ARM,AWS Graviton2,1,4,0.048,1.152,8.064,35.04
aws,ap-southeast-1,m6g,ARM,AWS Graviton2,2,8,0.096,2.304,16.128,70.08
aws,ap-southeast-1,m6g,ARM,AWS Graviton2,4,16,0.192,4.608,32.256,140.16
aws,ap-southeast-1,m6g,ARM,AWS Graviton2,8,32,0.384,9.216,64.512,280.32
aws,ap-southeast-1,m6g,ARM,AWS Graviton2,16,64,0.768,18.432,129.024,560.64
aws,ap-southeast-1,m6g,ARM,AWS Graviton2,32,128,1.536,36.864,258.048,1121.28
aws,ap-southeast-1,m6g,ARM,AWS Graviton2,48,192,2.304,55.296,387.072,1681.92
aws,ap-southeast-1,m6g,ARM,AWS Graviton2,64,256,3.072,73.728,516.096,2242.56
aws,ap-southeast-1,m6i,x86(Intel),Intel Xeon Platinum 8375C,2,8,0.12,2.88,20.16,87.6
aws,ap-southeast-1,m6i,x86(Intel),Intel Xeon Platinum 8375C,4,16,0.24,5.76,40.32,175.2
aws,ap-southeast-1,m6i,x86(Intel),Intel Xeon Platinum 8375C,8,32,0.48,11.52,80.64,350.4
aws,ap-southeast-1,m6i,x86(Intel),Intel Xeon Platinum 8375C,16,64,0.96,23.04,161.28,700.8
aws,ap-southeast-1,m6i,x86(Intel),Intel Xeon Platinum 8375C,32,128,1.92,46.08,322.56,1401.6
aws,ap-southeast-1,m6i,x86(Intel),Intel Xeon Platinum 8375C,48,192,2.88,69.12,483.84,2102.4
aws,ap-southeast-1,m6i,x86(Intel),Intel Xeon Platinum 8375C,64,256,3.84,92.16,645.12,2803.2
aws,ap-southeast-1,m6i,x86(Intel),Intel Xeon Platinum 8375C,96,384,5.76,138.24,967.68,4204.8
aws,ap-southeast-1,m6i,x86(Intel),Intel Xeon Platinum 8375C,128,512,7.68,184.32,1290.24,5606.4
aws,ap-southeast-1,m7g,ARM,AWS Graviton3,1,4,0.051,1.224,8.568,37.23
aws,ap-southeast-1,m7g,ARM,AWS Graviton3,2,8,0.102,2.448,17.136,74.46
aws,ap-southeast-1,m7g,ARM,AWS Graviton3,4,16,0.204,4.896,34.272,148.92
aws,ap-southeast-1,m7g,ARM,AWS Graviton3,8,32,0.408,9.792,68.544,297.84
aws,ap-southeast-1,m7g,ARM,AWS Graviton3,16,64,0.816,19.584,137.088,595.68
aws,ap-southeast-1,m7g,ARM,AWS Graviton3,32,128,1.632,39.168,274.176,1191.36
aws,ap-southeast-1,m7g,ARM,AWS Graviton3,48,192,2.448,58.752,411.264,1787.04
aws,ap-southeast-1,m7g,ARM,AWS Graviton3,64,256,3.264,78.336,548.352,2382.72
aws,ap-southeast-1,m7i,x86(Intel),Intel Xeon Platinum 8488C,2,8,0.126,3.024,21.168,91.98
aws,ap-southeast-1,m7i,x86(Intel),Intel Xeon Platinum 8488C,4,16,0.252,6.048,42.336,183.96
aws,ap-southeast-1,m7i,x86(Intel),Intel Xeon Platinum 8488C,8,32,0.504,12.096,84.672,367.92
aws,ap-southeast-1,m7i,x86(Intel),Intel Xeon Platinum 8488C,16,64,1.008,24.192,169.344,735.84
aws,ap-southeast-1,m7i,x86(Intel),Intel Xeon Platinum 8488C,32,128,2.016,48.384,338.688,1471.68
aws,ap-southeast-1,m7i,x86(Intel),Intel Xeon Platinum 8488C,48,192,3.024,72.576,508.032,2207.52
aws,ap-southeast-1,m7i,x86(Intel),Intel Xeon Platinum 8488C,64,256,4.032,96.768,677.376,2943.36
aws,ap-southeast-1,m7i,x86(Intel),Intel Xeon Platinum 8488C,96,384,6.048,145.152,1016.064,4415.04
aws,ap-southeast-1,m7i,x86(Intel),Intel Xeon Platinum 8488C,192,768,12.096,290.304,2032.128,8830.08
aws,ap-southeast-1,m8g,ARM,AWS Graviton4,1,4,0.0561,1.3464,9.425,40.95
aws,ap-southeast-1,m8g,ARM,AWS Graviton4,2,8,0.1122,2.6928,18.85,81.91
aws,ap-southeast-1,m8g,ARM,AWS Graviton4,4,16,0.2244,5.3856,37.699,163.81
aws,ap-southeast-1,m8g,ARM,AWS Graviton4,8,32,0.4488,10.7712,75.398,327.62
aws,ap-southeast-1,m8g,ARM,AWS Graviton4,16,64,0.8976,21.5424,150.797,655.25
aws,ap-southeast-1,m8g,ARM,AWS Graviton4,32,128,1.7952,43.0848,301.594,1310.5
aws,ap-southeast-1,m8g,ARM,AWS Graviton4,48,192,2.6928,64.6272,452.39,1965.74
aws,ap-southeast-1,m8g,ARM,AWS Graviton4,64,256,3.5904,86.1696,603.187,2620.99
aws,ap-southeast-1,m8g,ARM,AWS Graviton4,96,384,5.3856,129.2544,904.781,3931.49
aws,ap-southeast-1,m8g,ARM,AWS Graviton4,192,768,10.7712,258.5088,1809.562,7862.98
aws,ap-southeast-1,m8i,x86(Intel),Intel Xeon 6 6975P-C,2,8,0.1323,3.1752,22.226,96.58
aws,ap-southeast-1,m8i,x86(Intel),Intel Xeon 6 6975P-C,4,16,0.2646,6.3504,44.453,193.16
aws,ap-southeast-1,m8i,x86(Intel),Intel Xeon 6 6975P-C,8,32,0.5292,12.7008,88.906,386.32
aws,ap-southeast-1,m8i,x86(Intel),Intel Xeon 6 6975P-C,16,64,1.0584,25.4016,177.811,772.63
aws,ap-southeast-1,m8i,x86(Intel),Intel Xeon 6 6975P-C,32,128,2.1168,50.8032,355.622,1545.26
aws,ap-southeast-1,m8i,x86(Intel),Intel Xeon 6 6975P-C,48,192,3.1752,76.2048,533.434,2317.9
aws,ap-southeast-1,m8i,x86(Intel),Intel Xeon 6 6975P-C,64,256,4.2336,101.6064,711.245,3090.53
aws,ap-southeast-1,m8i,x86(Intel),Intel Xeon 6 6975P-C,96,384,6.3504,152.4096,1066.867,4635.79
aws,ap-southeast-1,m8i,x86(Intel),Intel Xeon 6 6975P-C,128,512,8.4672,203.2128,1422.49,6181.06
aws,ap-southeast-1,m8i,x86(Intel),Intel Xeon 6 6975P-C,192,768,12.7008,304.8192,2133.734,9271.58
aws,ap-southeast-1,m8i,x86(Intel),Intel Xeon 6 6975P-C,384,1536,25.4016,609.6384,4267.469,18543.17
aws,ap-southeast-1,r6a,x86(AMD),AMD EPYC 7R13,2,16,0.1368,3.2832,22.982,99.86
aws,ap-southeast-1,r6a,x86(AMD),AMD EPYC 7R13,4,32,0.2736,6.5664,45.965,199.73
aws,ap-southeast-1,r6a,x86(AMD),AMD EPYC 7R13,8,64,0.5472,13.1328,91.93,399.46
aws,ap-southeast-1,r6a,x86(AMD),AMD EPYC 7R13,16,128,1.0944,26.2656,183.859,798.91
aws,ap-southeast-1,r6a,x86(AMD),AMD EPYC 7R13,32,256,2.1888,52.5312,367.718,1597.82
aws,ap-southeast-1,r6a,x86(AMD),AMD EPYC 7R13,48,384,3.2832,78.7968,551.578,2396.74
aws,ap-southeast-1,r6a,x86(AMD),AMD EPYC 7R13,64,512,4.3776,105.0624,735.437,3195.65
aws,ap-southeast-1,r6a,x86(AMD),AMD EPYC 7R13,96,768,6.5664,157.5936,1103.155,4793.47
aws,ap-southeast-1,r6a,x86(AMD),AMD EPYC 7R13,128,1024,8.7552,210.1248,1470.874,6391.3
aws,ap-southeast-1,r6a,x86(AMD),AMD EPYC 7R13,192,1536,13.1328,315.1872,2206.31,9586.94
aws,ap-southeast-1,r6g,ARM,AWS Graviton2,1,8,0.0608,1.4592,10.214,44.38
aws,ap-southeast-1,r6g,ARM,AWS Graviton2,2,16,0.1216,2.9184,20.429,88.77
aws,ap-southeast-1,r6g,ARM,AWS Graviton2,4,32,0.2432,5.8368,40.858,177.54
aws,ap-southeast-1,r6g,ARM,AWS Graviton2,8,64,0.4864,11.6736,81.715,355.07
aws,ap-southeast-1,r6g,ARM,AWS Graviton2,16,128,0.9728,23.3472,163.43,710.14
aws,ap-southeast-1,r6g,ARM,AWS Graviton2,32,256,1.9456,46.6944,326.861,1420.29
aws,ap-southeast-1,r6g,ARM,AWS Graviton2,48,384,2.9184,70.0416,490.291,2130.43
aws,ap-southeast-1,r6g,ARM,AWS Graviton2,64,512,3.8912,93.3888,653.722,2840.58
aws,ap-southeast-1,r6i,x86(Intel),Intel Xeon Platinum 8375C,2,16,0.152,3.648,25.536,110.96
aws,ap-southeast-1,r6i,x86(Intel),Intel Xeon Platinum 8375C,4,32,0.304,7.296,51.072,221.92
aws,ap-southeast-1,r6i,x86(Intel),Intel Xeon Platinum 8375C,8,64,0.608,14.592,102.144,443.84
aws,ap-southeast-1,r6i,x86(Intel),Intel Xeon Platinum 8375C,16,128,1.216,29.184,204.288,887.68
aws,ap-southeast-1,r6i,x86(Intel),Intel Xeon Platinum 8375C,32,256,2.432,58.368,408.576,1775.36
aws,ap-southeast-1,r6i,x86(Intel),Intel Xeon Platinum 8375C,48,384,3.648,87.552,612.864,2663.04
aws,ap-southeast-1,r6i,x86(Intel),Intel Xeon Platinum 8375C,64,512,4.864,116.736,817.152,3550.72
aws,ap-southeast-1,r6i,x86(Intel),Intel Xeon Platinum 8375C,96,768,7.296,175.104,1225.728,5326.08
aws,ap-southeast-1,r6i,x86(Intel),Intel Xeon Platinum 8375C,128,1024,9.728,233.472,1634.304,7101.44
aws,ap-southeast-1,r7g,ARM,AWS Graviton3,1,8,0.0646,1.5504,10.853,47.16
aws,ap-southeast-1,r7g,ARM,AWS Graviton3,2,16,0.1292,3.1008,21.706,94.32
aws,ap-southeast-1,r7g,ARM,AWS Graviton3,4,32,0.2584,6.2016,43.411,188.63
aws,ap-southeast-1,r7g,ARM,AWS Graviton3,8,64,0.5168,12.4032,86.822,377.26
aws,ap-southeast-1,r7g,ARM,AWS Graviton3,16,128,1.0336,24.8064,173.645,754.53
aws,ap-southeast-1,r7g,ARM,AWS Graviton3,32,256,2.0672,49.6128,347.29,1509.06
aws,ap-southeast-1,r7g,ARM,AWS Graviton3,48,384,3.1008,74.4192,520.934,2263.58
aws,ap-southeast-1,r7g,ARM,AWS Graviton3,64,512,4.1344,99.2256,694.579,3018.11
aws,ap-southeast-1,r7i,x86(Intel),Intel Xeon Platinum 8488C,2,16,0.1596,3.8304,26.813,116.51
aws,ap-southeast-1,r7i,x86(Intel),Intel Xeon Platinum 8488C,4,32,0.3192,7.6608,53.626,233.02
aws,ap-southeast-1,r7i,x86(Intel),Intel Xeon Platinum 8488C,8,64,0.6384,15.3216,107.251,466.03
aws,ap-southeast-1,r7i,x86(Intel),Intel Xeon Platinum 8488C,16,128,1.2768,30.6432,214.502,932.06
aws,ap-southeast-1,r7i,x86(Intel),Intel Xeon Platinum 8488C,32,256,2.5536,61.2864,429.005,1864.13
aws,ap-southeast-1,r7i,x86(Intel),Intel Xeon Platinum 8488C,48,384,3.8304,91.9296,643.507,2796.19
aws,ap-southeast-1,r7i,x86(Intel),Intel Xeon Platinum 8488C,64,512,5.1072,122.5728,858.01,3728.26
aws,ap-southeast-1,r7i,x86(Intel),Intel Xeon Platinum 8488C,96,768,7.6608,183.8592,1287.014,5592.38
aws,ap-southeast-1,r7i,x86(Intel),Intel Xeon Platinum 8488C,192,1536,15.3216,367.7184,2574.029,11184.77
aws,ap-southeast-1,r8g,ARM,AWS Graviton4,1,8,0.07106,1.7054,11.938,51.87
aws,ap-southeast-1,r8g,ARM,AWS Graviton4,2,16,0.14212,3.4109,23.876,103.75
aws,ap-southeast-1,r8g,ARM,AWS Graviton4,4,32,0.28424,6.8218,47.752,207.5
aws,ap-southeast-1,r8g,ARM,AWS Graviton4,8,64,0.56848,13.6435,95.505,414.99
aws,ap-southeast-1,r8g,ARM,AWS Graviton4,16,128,1.13696,27.287,191.009,829.98
aws,ap-southeast-1,r8g,ARM,AWS Graviton4,32,256,2.27392,54.5741,382.019,1659.96
aws,ap-southeast-1,r8g,ARM,AWS Graviton4,48,384,3.41088,81.8611,573.028,2489.94
aws,ap-southeast-1,r8g,ARM,AWS Graviton4,64,512,4.54784,109.1482,764.037,3319.92
aws,ap-southeast-1,r8g,ARM,AWS Graviton4,96,768,6.82176,163.7222,1146.056,4979.88
aws,ap-southeast-1,r8g,ARM,AWS Graviton4,192,1536,13.64352,327.4445,2292.111,9959.77
aws,ap-southeast-1,r8i,x86(Intel),Intel Xeon 6 6985P-C,2,16,0.16758,4.0219,28.153,122.33
aws,ap-southeast-1,r8i,x86(Intel),Intel Xeon 6 6985P-C,4,32,0.33516,8.0438,56.307,244.67
aws,ap-southeast-1,r8i,x86(Intel),Intel Xeon 6 6985P-C,8,64,0.67032,16.0877,112.614,489.33
aws,ap-southeast-1,r8i,x86(Intel),Intel Xeon 6 6985P-C,16,128,1.34064,32.1754,225.228,978.67
aws,ap-southeast-1,r8i,x86(Intel),Intel Xeon 6 6985P-C,32,256,2.68128,64.3507,450.455,1957.33
aws,ap-southeast-1,r8i,x86(Intel),Intel Xeon 6 6985P-C,48,384,4.02192,96.5261,675.683,2936.0
aws,ap-southeast-1,r8i,x86(Intel),Intel Xeon 6 6985P-C,64,512,5.36256,128.7014,900.91,3914.67
aws,ap-southeast-1,r8i,x86(Intel),Intel Xeon 6 6985P-C,96,768,8.04384,193.0522,1351.365,5872.0
aws,ap-southeast-1,r8i,x86(Intel),Intel Xeon 6 6985P-C,128,1024,10.72512,257.4029,1801.82,7829.34
aws,ap-southeast-1,r8i,x86(Intel),Intel Xeon 6 6985P-C,192,1536,16.08768,386.1043,2702.73,11744.01
aws,ap-southeast-1,r8i,x86(Intel),Intel Xeon 6 6985P-C,384,3072,32.17536,772.2086,5405.46,23488.01
aws,ap-southeast-1,x8i,x86(Intel),Intel Xeon 6 6975P-C,2,32,0.31731,7.6154,53.308,231.64
aws,ap-southeast-1,x8i,x86(Intel),Intel Xeon 6 6975P-C,4,64,0.63462,15.2309,106.616,463.27
aws,ap-southeast-1,x8i,x86(Intel),Intel Xeon 6 6975P-C,8,128,1.26924,30.4618,213.232,926.55
aws,ap-southeast-1,x8i,x86(Intel),Intel Xeon 6 6975P-C,16,256,2.53848,60.9235,426.465,1853.09
aws,ap-southeast-1,x8i,x86(Intel),Intel Xeon 6 6975P-C,32,512,5.07696,121.847,852.929,3706.18
aws,ap-southeast-1,x8i,x86(Intel),Intel Xeon 6 6975P-C,48,768,7.61544,182.7706,1279.394,5559.27
aws,ap-southeast-1,x8i,x86(Intel),Intel Xeon 6 6975P-C,64,1024,10.15392,243.6941,1705.859,7412.36
aws,ap-southeast-1,x8i,x86(Intel),Intel Xeon 6 6975P-C,96,1536,15.23088,365.5411,2558.788,11118.54
aws,ap-southeast-1,x8i,x86(Intel),Intel Xeon 6 6975P-C,128,2048,20.30784,487.3882,3411.717,14824.72
aws,ap-southeast-1,x8i,x86(Intel),Intel Xeon 6 6975P-C,192,3072,30.46176,731.0822,5117.576,22237.08
aws,ap-southeast-1,x8i,x86(Intel),Intel Xeon 6 6975P-C,256,4096,40.61568,974.7763,6823.434,29649.45
aws,ap-southeast-1,x8i,x86(Intel),Intel Xeon 6 6975P-C,384,6144,58.70235,1408.8564,9861.995,42852.72
aws,ap-southeast-2,c6a,x86(AMD),AMD EPYC 7R13,2,4,0.0999,2.3976,16.783,72.93
aws,ap-southeast-2,c6a,x86(AMD),AMD EPYC 7R13,4,8,0.1998,4.7952,33.566,145.85
aws,ap-southeast-2,c6a,x86(AMD),AMD EPYC 7R13,8,16,0.3996,9.5904,67.133,291.71
aws,ap-southeast-2,c6a,x86(AMD),AMD EPYC 7R13,16,32,0.7992,19.1808,134.266,583.42
aws,ap-southeast-2,c6a,x86(AMD),AMD EPYC 7R13,32,64,1.5984,38.3616,268.531,1166.83
aws,ap-southeast-2,c6a,x86(AMD),AMD EPYC 7R13,48,96,2.3976,57.5424,402.797,1750.25
aws,ap-southeast-2,c6a,x86(AMD),AMD EPYC 7R13,64,128,3.1968,76.7232,537.062,2333.66
aws,ap-southeast-2,c6a,x86(AMD),AMD EPYC 7R13,96,192,4.7952,115.0848,805.594,3500.5
aws,ap-southeast-2,c6a,x86(AMD),AMD EPYC 7R13,128,256,6.3936,153.4464,1074.125,4667.33
aws,ap-southeast-2,c6a,x86(AMD),AMD EPYC 7R13,192,384,9.5904,230.1696,1611.187,7000.99
aws,ap-southeast-2,c6g,ARM,AWS Graviton2,1,2,0.0444,1.0656,7.459,32.41
aws,ap-southeast-2,c6g,ARM,AWS Graviton2,2,4,0.0888,2.1312,14.918,64.82
aws,ap-southeast-2,c6g,ARM,AWS Graviton2,4,8,0.1776,4.2624,29.837,129.65
aws,ap-southeast-2,c6g,ARM,AWS Graviton2,8,16,0.3552,8.5248,59.674,259.3
aws,ap-southeast-2,c6g,ARM,AWS Graviton2,16,32,0.7104,17.0496,119.347,518.59
aws,ap-southeast-2,c6g,ARM,AWS Graviton2,32,64,1.4208,34.0992,238.694,1037.18
aws,ap-southeast-2,c6g,ARM,AWS Graviton2,48,96,2.1312,51.1488,358.042,1555.78
aws,ap-southeast-2,c6g,ARM,AWS Graviton2,64,128,2.8416,68.1984,477.389,2074.37
aws,ap-southeast-2,c6i,x86(Intel),Intel Xeon Platinum 8375C,2,4,0.111,2.664,18.648,81.03
aws,ap-southeast-2,c6i,x86(Intel),Intel Xeon Platinum 8375C,4,8,0.222,5.328,37.296,162.06
aws,ap-southeast-2,c6i,x86(Intel),Intel Xeon Platinum 8375C,8,16,0.444,10.656,74.592,324.12
aws,ap-southeast-2,c6i,x86(Intel),Intel Xeon Platinum 8375C,16,32,0.888,21.312,149.184,648.24
aws,ap-southeast-2,c6i,x86(Intel),Intel Xeon Platinum 8375C,32,64,1.776,42.624,298.368,1296.48
aws,ap-southeast-2,c6i,x86(Intel),Intel Xeon Platinum 8375C,48,96,2.664,63.936,447.552,1944.72
aws,ap-southeast-2,c6i,x86(Intel),Intel Xeon Platinum 8375C,64,128,3.552,85.248,596.736,2592.96
aws,ap-southeast-2,c6i,x86(Intel),Intel Xeon Platinum 8375C,96,192,5.328,127.872,895.104,3889.44
aws,ap-southeast-2,c6i,x86(Intel),Intel Xeon Platinum 8375C,128,256,7.104,170.496,1193.472,5185.92
aws,ap-southeast-2,c7g,ARM,AWS Graviton3,1,2,0.0472,1.1328,7.93,34.46
aws,ap-southeast-2,c7g,ARM,AWS Graviton3,2,4,0.0944,2.2656,15.859,68.91
aws,ap-southeast-2,c7g,ARM,AWS Graviton3,4,8,0.1887,4.5288,31.702,137.75
aws,ap-southeast-2,c7g,ARM,AWS Graviton3,8,16,0.3774,9.0576,63.403,275.5
aws,ap-southeast-2,c7g,ARM,AWS Graviton3,16,32,0.7549,18.1176,126.823,551.08
aws,ap-southeast-2,c7g,ARM,AWS Graviton3,32,64,1.5098,36.2352,253.646,1102.15
aws,ap-southeast-2,c7g,ARM,AWS Graviton3,48,96,2.2646,54.3504,380.453,1653.16
aws,ap-southeast-2,c7g,ARM,AWS Graviton3,64,128,3.0195,72.468,507.276,2204.23
aws,ap-southeast-2,c7i,x86(Intel),Intel Xeon Platinum 8488C,2,4,0.11655,2.7972,19.58,85.08
aws,ap-southeast-2,c7i,x86(Intel),Intel Xeon Platinum 8488C,4,8,0.2331,5.5944,39.161,170.16
aws,ap-southeast-2,c7i,x86(Intel),Intel Xeon Platinum 8488C,8,16,0.4662,11.1888,78.322,340.33
aws,ap-southeast-2,c7i,x86(Intel),Intel Xeon Platinum 8488C,16,32,0.9324,22.3776,156.643,680.65
aws,ap-southeast-2,c7i,x86(Intel),Intel Xeon Platinum 8488C,32,64,1.8648,44.7552,313.286,1361.3
aws,ap-southeast-2,c7i,x86(Intel),Intel Xeon Platinum 8488C,48,96,2.7972,67.1328,469.93,2041.96
aws,ap-southeast-2,c7i,x86(Intel),Intel Xeon Platinum 8488C,64,128,3.7296,89.5104,626.573,2722.61
aws,ap-southeast-2,c7i,x86(Intel),Intel Xeon Platinum 8488C,96,192,5.5944,134.2656,939.859,4083.91
aws,ap-southeast-2,c7i,x86(Intel),Intel Xeon Platinum 8488C,192,384,11.1888,268.5312,1879.718,8167.82
aws,ap-southeast-2,c8g,ARM,AWS Graviton4,1,2,0.0519,1.2456,8.719,37.89
aws,ap-southeast-2,c8g,ARM,AWS Graviton4,2,4,0.1038,2.4912,17.438,75.77
aws,ap-southeast-2,c8g,ARM,AWS Graviton4,4,8,0.2076,4.9824,34.877,151.55
aws,ap-southeast-2,c8g,ARM,AWS Graviton4,8,16,0.4152,9.9648,69.754,303.1
aws,ap-southeast-2,c8g,ARM,AWS Graviton4,16,32,0.8304,19.9296,139.507,606.19
aws,ap-southeast-2,c8g,ARM,AWS Graviton4,32,64,1.6608,39.8592,279.014,1212.38
aws,ap-southeast-2,c8g,ARM,AWS Graviton4,48,96,2.4912,59.7888,418.522,1818.58
aws,ap-southeast-2,c8g,ARM,AWS Graviton4,64,128,3.3216,79.7184,558.029,2424.77
aws,ap-southeast-2,c8g,ARM,AWS Graviton4,96,192,4.9824,119.5776,837.043,3637.15
aws,ap-southeast-2,c8g,ARM,AWS Graviton4,192,384,9.9648,239.1552,1674.086,7274.3
aws,ap-southeast-2,c8i,x86(Intel),Intel Xeon 6 6975P-C,2,4,0.12238,2.9371,20.56,89.34
aws,ap-southeast-2,c8i,x86(Intel),Intel Xeon 6 6975P-C,4,8,0.24476,5.8742,41.12,178.67
aws,ap-southeast-2,c8i,x86(Intel),Intel Xeon 6 6975P-C,8,16,0.48952,11.7485,82.239,357.35
aws,ap-southeast-2,c8i,x86(Intel),Intel Xeon 6 6975P-C,16,32,0.97904,23.497,164.479,714.7
aws,ap-southeast-2,c8i,x86(Intel),Intel Xeon 6 6975P-C,32,64,1.95808,46.9939,328.957,1429.4
aws,ap-southeast-2,c8i,x86(Intel),Intel Xeon 6 6975P-C,48,96,2.93712,70.4909,493.436,2144.1
aws,ap-southeast-2,c8i,x86(Intel),Intel Xeon 6 6975P-C,64,128,3.91616,93.9878,657.915,2858.8
aws,ap-southeast-2,c8i,x86(Intel),Intel Xeon 6 6975P-C,96,192,5.87424,140.9818,986.872,4288.2
aws,ap-southeast-2,c8i,x86(Intel),Intel Xeon 6 6975P-C,128,256,7.83232,187.9757,1315.83,5717.59
aws,ap-southeast-2,c8i,x86(Intel),Intel Xeon 6 6975P-C,192,384,11.74848,281.9635,1973.745,8576.39
aws,ap-southeast-2,c8i,x86(Intel),Intel Xeon 6 6975P-C,384,768,23.49696,563.927,3947.489,17152.78
aws,ap-southeast-2,m6a,x86(AMD),AMD EPYC 7R13,2,8,0.108,2.592,18.144,78.84
aws,ap-southeast-2,m6a,x86(AMD),AMD EPYC 7R13,4,16,0.216,5.184,36.288,157.68
aws,ap-southeast-2,m6a,x86(AMD),AMD EPYC 7R13,8,32,0.432,10.368,72.576,315.36
aws,ap-southeast-2,m6a,x86(AMD),AMD EPYC 7R13,16,64,0.864,20.736,145.152,630.72
aws,ap-southeast-2,m6a,x86(AMD),AMD EPYC 7R13,32,128,1.728,41.472,290.304,1261.44
aws,ap-southeast-2,m6a,x86(AMD),AMD EPYC 7R13,48,192,2.592,62.208,435.456,1892.16
aws,ap-southeast-2,m6a,x86(AMD),AMD EPYC 7R13,64,256,3.456,82.944,580.608,2522.88
aws,ap-southeast-2,m6a,x86(AMD),AMD EPYC 7R13,96,384,5.184,124.416,870.912,3784.32
aws,ap-southeast-2,m6a,x86(AMD),AMD EPYC 7R13,128,512,6.912,165.888,1161.216,5045.76
aws,ap-southeast-2,m6a,x86(AMD),AMD EPYC 7R13,192,768,10.368,248.832,1741.824,7568.64
aws,ap-southeast-2,m6g,ARM,AWS Graviton2,1,4,0.048,1.152,8.064,35.04
aws,ap-southeast-2,m6g,ARM,AWS Graviton2,2,8,0.096,2.304,16.128,70.08
aws,ap-southeast-2,m6g,ARM,AWS Graviton2,4,16,0.192,4.608,32.256,140.16
aws,ap-southeast-2,m6g,ARM,AWS Graviton2,8,32,0.384,9.216,64.512,280.32
aws,ap-southeast-2,m6g,ARM,AWS Graviton2,16,64,0.768,18.432,129.024,560.64
aws,ap-southeast-2,m6g,ARM,AWS Graviton2,32,128,1.536,36.864,258.048,1121.28
aws,ap-southeast-2,m6g,ARM,AWS Graviton2,48,192,2.304,55.296,387.072,1681.92
aws,ap-southeast-2,m6g,ARM,AWS Graviton2,64,256,3.072,73.728,516.096,2242.56
aws,ap-southeast-2,m6i,x86(Intel),Intel Xeon Platinum 8375C,2,8,0.12,2.88,20.16,87.6
aws,ap-southeast-2,m6i,x86(Intel),Intel Xeon Platinum 8375C,4,16,0.24,5.76,40.32,175.2
aws,ap-southeast-2,m6i,x86(Intel),Intel Xeon Platinum 8375C,8,32,0.48,11.52,80.64,350.4
aws,ap-southeast-2,m6i,x86(Intel),Intel Xeon Platinum 8375C,16,64,0.96,23.04,161.28,700.8
aws,ap-southeast-2,m6i,x86(Intel),Intel Xeon Platinum 8375C,32,128,1.92,46.08,322.56,1401.6
aws,ap-southeast-2,m6i,x86(Intel),Intel Xeon Platinum 8375C,48,192,2.88,69.12,483.84,2102.4
aws,ap-southeast-2,m6i,x86(Intel),Intel Xeon Platinum 8375C,64,256,3.84,92.16,645.12,2803.2
aws,ap-southeast-2,m6i,x86(Intel),Intel Xeon Platinum 8375C,96,384,5.76,138.24,967.68,4204.8
aws,ap-southeast-2,m6i,x86(Intel),Intel Xeon Platinum 8375C,128,512,7.68,184.32,1290.24,5606.4
aws,ap-southeast-2,m7a,x86(AMD),AMD EPYC 9R14,1,4,0.07245,1.7388,12.172,52.89
aws,ap-southeast-2,m7a,x86(AMD),AMD EPYC 9R14,2,8,0.1449,3.4776,24.343,105.78
aws,ap-southeast-2,m7a,x86(AMD),AMD EPYC 9R14,4,16,0.2898,6.9552,48.686,211.55
aws,ap-southeast-2,m7a,x86(AMD),AMD EPYC 9R14,8,32,0.5796,13.9104,97.373,423.11
aws,ap-southeast-2,m7a,x86(AMD),AMD EPYC 9R14,16,64,1.1592,27.8208,194.746,846.22
aws,ap-southeast-2,m7a,x86(AMD),AMD EPYC 9R14,32,128,2.3184,55.6416,389.491,1692.43
aws,ap-southeast-2,m7a,x86(AMD),AMD EPYC 9R14,48,192,3.4776,83.4624,584.237,2538.65
aws,ap-southeast-2,m7a,x86(AMD),AMD EPYC 9R14,64,256,4.6368,111.2832,778.982,3384.86
aws,ap-southeast-2,m7a,x86(AMD),AMD EPYC 9R14,96,384,6.9552,166.9248,1168.474,5077.3
aws,ap-southeast-2,m7a,x86(AMD),AMD EPYC 9R14,128,512,9.2736,222.5664,1557.965,6769.73
aws,ap-southeast-2,m7a,x86(AMD),AMD EPYC 9R14,192,768,13.9104,333.8496,2336.947,10154.59
aws,ap-southeast-2,m7g,ARM,AWS Graviton3,1,4,0.051,1.224,8.568,37.23
aws,ap-southeast-2,m7g,ARM,AWS Graviton3,2,8,0.102,2.448,17.136,74.46
aws,ap-southeast-2,m7g,ARM,AWS Graviton3,4,16,0.204,4.896,34.272,148.92
aws,ap-southeast-2,m7g,ARM,AWS Graviton3,8,32,0.408,9.792,68.544,297.84
aws,ap-southeast-2,m7g,ARM,AWS Graviton3,16,64,0.816,19.584,137.088,595.68
aws,ap-southeast-2,m7g,ARM,AWS Graviton3,32,128,1.632,39.168,274.176,1191.36
aws,ap-southeast-2,m7g,ARM,AWS Graviton3,48,192,2.448,58.752,411.264,1787.04
aws,ap-southeast-2,m7g,ARM,AWS Graviton3,64,256,3.264,78.336,548.352,2382.72
aws,ap-southeast-2,m7i,x86(Intel),Intel Xeon Platinum 8488C,2,8,0.126,3.024,21.168,91.98
aws,ap-southeast-2,m7i,x86(Intel),Intel Xeon Platinum 8488C,4,16,0.252,6.048,42.336,183.96
aws,ap-southeast-2,m7i,x86(Intel),Intel Xeon Platinum 8488C,8,32,0.504,12.096,84.672,367.92
aws,ap-southeast-2,m7i,x86(Intel),Intel Xeon Platinum 8488C,16,64,1.008,24.192,169.344,735.84
aws,ap-southeast-2,m7i,x86(Intel),Intel Xeon Platinum 8488C,32,128,2.016,48.384,338.688,1471.68
aws,ap-southeast-2,m7i,x86(Intel),Intel Xeon Platinum 8488C,48,192,3.024,72.576,508.032,2207.52
aws,ap-southeast-2,m7i,x86(Intel),Intel Xeon Platinum 8488C,64,256,4.032,96.768,677.376,2943.36
aws,ap-southeast-2,m7i,x86(Intel),Intel Xeon Platinum 8488C,96,384,6.048,145.152,1016.064,4415.04
aws,ap-southeast-2,m7i,x86(Intel),Intel Xeon Platinum 8488C,192,768,12.096,290.304,2032.128,8830.08
aws,ap-southeast-2,m8g,ARM,AWS Graviton4,1,4,0.0561,1.3464,9.425,40.95
aws,ap-southeast-2,m8g,ARM,AWS Graviton4,2,8,0.1122,2.6928,18.85,81.91
aws,ap-southeast-2,m8g,ARM,AWS Graviton4,4,16,0.2244,5.3856,37.699,163.81
aws,ap-southeast-2,m8g,ARM,AWS Graviton4,8,32,0.4488,10.7712,75.398,327.62
aws,ap-southeast-2,m8g,ARM,AWS Graviton4,16,64,0.8976,21.5424,150.797,655.25
aws,ap-southeast-2,m8g,ARM,AWS Graviton4,32,128,1.7952,43.0848,301.594,1310.5
aws,ap-southeast-2,m8g,ARM,AWS Graviton4,48,192,2.6928,64.6272,452.39,1965.74
aws,ap-southeast-2,m8g,ARM,AWS Graviton4,64,256,3.5904,86.1696,603.187,2620.99
aws,ap-southeast-2,m8g,ARM,AWS Graviton4,96,384,5.3856,129.2544,904.781,3931.49
aws,ap-southeast-2,m8g,ARM,AWS Graviton4,192,768,10.7712,258.5088,1809.562,7862.98
aws,ap-southeast-2,m8i,x86(Intel),Intel Xeon 6 6975P-C,2,8,0.1323,3.1752,22.226,96.58
aws,ap-southeast-2,m8i,x86(Intel),Intel Xeon 6 6975P-C,4,16,0.2646,6.3504,44.453,193.16
aws,ap-southeast-2,m8i,x86(Intel),Intel Xeon 6 6975P-C,8,32,0.5292,12.7008,88.906,386.32
aws,ap-southeast-2,m8i,x86(Intel),Intel Xeon 6 6975P-C,16,64,1.0584,25.4016,177.811,772.63
aws,ap-southeast-2,m8i,x86(Intel),Intel Xeon 6 6975P-C,32,128,2.1168,50.8032,355.622,1545.26
aws,ap-southeast-2,m8i,x86(Intel),Intel Xeon 6 6975P-C,48,192,3.1752,76.2048,533.434,2317.9
aws,ap-southeast-2,m8i,x86(Intel),Intel Xeon 6 6975P-C,64,256,4.2336,101.6064,711.245,3090.53
aws,ap-southeast-2,m8i,x86(Intel),Intel Xeon 6 6975P-C,96,384,6.3504,152.4096,1066.867,4635.79
aws,ap-southeast-2,m8i,x86(Intel),Intel Xeon 6 6975P-C,128,512,8.4672,203.2128,1422.49,6181.06
aws,ap-southeast-2,m8i,x86(Intel),Intel Xeon 6 6975P-C,192,768,12.7008,304.8192,2133.734,9271.58
aws,ap-southeast-2,m8i,x86(Intel),Intel Xeon 6 6975P-C,384,1536,25.4016,609.6384,4267.469,18543.17
aws,ap-southeast-2,r6a,x86(AMD),AMD EPYC 7R13,2,16,0.1359,3.2616,22.831,99.21
aws,ap-southeast-2,r6a,x86(AMD),AMD EPYC 7R13,4,32,0.2718,6.5232,45.662,198.41
aws,ap-southeast-2,r6a,x86(AMD),AMD EPYC 7R13,8,64,0.5436,13.0464,91.325,396.83
aws,ap-southeast-2,r6a,x86(AMD),AMD EPYC 7R13,16,128,1.0872,26.0928,182.65,793.66
aws,ap-southeast-2,r6a,x86(AMD),AMD EPYC 7R13,32,256,2.1744,52.1856,365.299,1587.31
aws,ap-southeast-2,r6a,x86(AMD),AMD EPYC 7R13,48,384,3.2616,78.2784,547.949,2380.97
aws,ap-southeast-2,r6a,x86(AMD),AMD EPYC 7R13,64,512,4.3488,104.3712,730.598,3174.62
aws,ap-southeast-2,r6a,x86(AMD),AMD EPYC 7R13,96,768,6.5232,156.5568,1095.898,4761.94
aws,ap-southeast-2,r6a,x86(AMD),AMD EPYC 7R13,128,1024,8.6976,208.7424,1461.197,6349.25
aws,ap-southeast-2,r6a,x86(AMD),AMD EPYC 7R13,192,1536,13.0464,313.1136,2191.795,9523.87
aws,ap-southeast-2,r6g,ARM,AWS Graviton2,1,8,0.0604,1.4496,10.147,44.09
aws,ap-southeast-2,r6g,ARM,AWS Graviton2,2,16,0.1208,2.8992,20.294,88.18
aws,ap-southeast-2,r6g,ARM,AWS Graviton2,4,32,0.2416,5.7984,40.589,176.37
aws,ap-southeast-2,r6g,ARM,AWS Graviton2,8,64,0.4832,11.5968,81.178,352.74
aws,ap-southeast-2,r6g,ARM,AWS Graviton2,16,128,0.9664,23.1936,162.355,705.47
aws,ap-southeast-2,r6g,ARM,AWS Graviton2,32,256,1.9328,46.3872,324.71,1410.94
aws,ap-southeast-2,r6g,ARM,AWS Graviton2,48,384,2.8992,69.5808,487.066,2116.42
aws,ap-southeast-2,r6g,ARM,AWS Graviton2,64,512,3.8656,92.7744,649.421,2821.89
aws,ap-southeast-2,r6i,x86(Intel),Intel Xeon Platinum 8375C,2,16,0.151,3.624,25.368,110.23
aws,ap-southeast-2,r6i,x86(Intel),Intel Xeon Platinum 8375C,4,32,0.302,7.248,50.736,220.46
aws,ap-southeast-2,r6i,x86(Intel),Intel Xeon Platinum 8375C,8,64,0.604,14.496,101.472,440.92
aws,ap-southeast-2,r6i,x86(Intel),Intel Xeon Platinum 8375C,16,128,1.208,28.992,202.944,881.84
aws,ap-southeast-2,r6i,x86(Intel),Intel Xeon Platinum 8375C,32,256,2.416,57.984,405.888,1763.68
aws,ap-southeast-2,r6i,x86(Intel),Intel Xeon Platinum 8375C,48,384,3.624,86.976,608.832,2645.52
aws,ap-southeast-2,r6i,x86(Intel),Intel Xeon Platinum 8375C,64,512,4.832,115.968,811.776,3527.36
aws,ap-southeast-2,r6i,x86(Intel),Intel Xeon Platinum 8375C,96,768,7.248,173.952,1217.664,5291.04
aws,ap-southeast-2,r6i,x86(Intel),Intel Xeon Platinum 8375C,128,1024,9.664,231.936,1623.552,7054.72
aws,ap-southeast-2,r7g,ARM,AWS Graviton3,1,8,0.0642,1.5408,10.786,46.87
aws,ap-southeast-2,r7g,ARM,AWS Graviton3,2,16,0.1284,3.0816,21.571,93.73
aws,ap-southeast-2,r7g,ARM,AWS Graviton3,4,32,0.2567,6.1608,43.126,187.39
aws,ap-southeast-2,r7g,ARM,AWS Graviton3,8,64,0.5134,12.3216,86.251,374.78
aws,ap-southeast-2,r7g,ARM,AWS Graviton3,16,128,1.0269,24.6456,172.519,749.64
aws,ap-southeast-2,r7g,ARM,AWS Graviton3,32,256,2.0538,49.2912,345.038,1499.27
aws,ap-southeast-2,r7g,ARM,AWS Graviton3,48,384,3.0806,73.9344,517.541,2248.84
aws,ap-southeast-2,r7g,ARM,AWS Graviton3,64,512,4.1075,98.58,690.06,2998.48
aws,ap-southeast-2,r7i,x86(Intel),Intel Xeon Platinum 8488C,2,16,0.15855,3.8052,26.636,115.74
aws,ap-southeast-2,r7i,x86(Intel),Intel Xeon Platinum 8488C,4,32,0.3171,7.6104,53.273,231.48
aws,ap-southeast-2,r7i,x86(Intel),Intel Xeon Platinum 8488C,8,64,0.6342,15.2208,106.546,462.97
aws,ap-southeast-2,r7i,x86(Intel),Intel Xeon Platinum 8488C,16,128,1.2684,30.4416,213.091,925.93
aws,ap-southeast-2,r7i,x86(Intel),Intel Xeon Platinum 8488C,32,256,2.5368,60.8832,426.182,1851.86
aws,ap-southeast-2,r7i,x86(Intel),Intel Xeon Platinum 8488C,48,384,3.8052,91.3248,639.274,2777.8
aws,ap-southeast-2,r7i,x86(Intel),Intel Xeon Platinum 8488C,64,512,5.0736,121.7664,852.365,3703.73
aws,ap-southeast-2,r7i,x86(Intel),Intel Xeon Platinum 8488C,96,768,7.6104,182.6496,1278.547,5555.59
aws,ap-southeast-2,r7i,x86(Intel),Intel Xeon Platinum 8488C,192,1536,15.2208,365.2992,2557.094,11111.18
aws,ap-southeast-2,r8g,ARM,AWS Graviton4,1,8,0.0706,1.6944,11.861,51.54
aws,ap-southeast-2,r8g,ARM,AWS Graviton4,2,16,0.1412,3.3888,23.722,103.08
aws,ap-southeast-2,r8g,ARM,AWS Graviton4,4,32,0.2824,6.7776,47.443,206.15
aws,ap-southeast-2,r8g,ARM,AWS Graviton4,8,64,0.5648,13.5552,94.886,412.3
aws,ap-southeast-2,r8g,ARM,AWS Graviton4,16,128,1.1296,27.1104,189.773,824.61
aws,ap-southeast-2,r8g,ARM,AWS Graviton4,32,256,2.2592,54.2208,379.546,1649.22
aws,ap-southeast-2,r8g,ARM,AWS Graviton4,48,384,3.3888,81.3312,569.318,2473.82
aws,ap-southeast-2,r8g,ARM,AWS Graviton4,64,512,4.5184,108.4416,759.091,3298.43
aws,ap-southeast-2,r8g,ARM,AWS Graviton4,96,768,6.7776,162.6624,1138.637,4947.65
aws,ap-southeast-2,r8g,ARM,AWS Graviton4,192,1536,13.5552,325.3248,2277.274,9895.3
aws,ap-southeast-2,r8i,x86(Intel),Intel Xeon 6 6985P-C,2,16,0.16648,3.9955,27.969,121.53
aws,ap-southeast-2,r8i,x86(Intel),Intel Xeon 6 6985P-C,4,32,0.33296,7.991,55.937,243.06
aws,ap-southeast-2,r8i,x86(Intel),Intel Xeon 6 6985P-C,8,64,0.66592,15.9821,111.875,486.12
aws,ap-southeast-2,r8i,x86(Intel),Intel Xeon 6 6985P-C,16,128,1.33184,31.9642,223.749,972.24
aws,ap-southeast-2,r8i,x86(Intel),Intel Xeon 6 6985P-C,32,256,2.66368,63.9283,447.498,1944.49
aws,ap-southeast-2,r8i,x86(Intel),Intel Xeon 6 6985P-C,48,384,3.99552,95.8925,671.247,2916.73
aws,ap-southeast-2,r8i,x86(Intel),Intel Xeon 6 6985P-C,64,512,5.32736,127.8566,894.996,3888.97
aws,ap-southeast-2,r8i,x86(Intel),Intel Xeon 6 6985P-C,96,768,7.99104,191.785,1342.495,5833.46
aws,ap-southeast-2,r8i,x86(Intel),Intel Xeon 6 6985P-C,128,1024,10.65472,255.7133,1789.993,7777.95
aws,ap-southeast-2,r8i,x86(Intel),Intel Xeon 6 6985P-C,192,1536,15.98208,383.5699,2684.989,11666.92
aws,ap-southeast-2,r8i,x86(Intel),Intel Xeon 6 6985P-C,384,3072,31.96416,767.1398,5369.979,23333.84
aws,ap-southeast-2,x8g,ARM,AWS Graviton4,1,16,0.11724,2.8138,19.696,85.59
aws,ap-southeast-2,x8g,ARM,AWS Graviton4,2,32,0.23448,5.6275,39.393,171.17
aws,ap-southeast-2,x8g,ARM,AWS Graviton4,4,64,0.46896,11.255,78.785,342.34
aws,ap-southeast-2,x8g,ARM,AWS Graviton4,8,128,0.93792,22.5101,157.571,684.68
aws,ap-southeast-2,x8g,ARM,AWS Graviton4,16,256,1.87584,45.0202,315.141,1369.36
aws,ap-southeast-2,x8g,ARM,AWS Graviton4,32,512,3.75168,90.0403,630.282,2738.73
aws,ap-southeast-2,x8g,ARM,AWS Graviton4,48,768,5.62752,135.0605,945.423,4108.09
aws,ap-southeast-2,x8g,ARM,AWS Graviton4,64,1024,7.50336,180.0806,1260.564,5477.45
aws,ap-southeast-2,x8g,ARM,AWS Graviton4,96,1536,11.25504,270.121,1890.847,8216.18
aws,ap-southeast-2,x8g,ARM,AWS Graviton4,192,3072,22.51008,540.2419,3781.693,16432.36
aws,ap-southeast-2,x8i,x86(Intel),Intel Xeon 6 6975P-C,2,32,0.31731,7.6154,53.308,231.64
aws,ap-southeast-2,x8i,x86(Intel),Intel Xeon 6 6975P-C,4,64,0.63462,15.2309,106.616,463.27
aws,ap-southeast-2,x8i,x86(Intel),Intel Xeon 6 6975P-C,8,128,1.26924,30.4618,213.232,926.55
aws,ap-southeast-2,x8i,x86(Intel),Intel Xeon 6 6975P-C,16,256,2.53848,60.9235,426.465,1853.09
aws,ap-southeast-2,x8i,x86(Intel),Intel Xeon 6 6975P-C,32,512,5.07696,121.847,852.929,3706.18
aws,ap-southeast-2,x8i,x86(Intel),Intel Xeon 6 6975P-C,48,768,7.61544,182.7706,1279.394,5559.27
aws,ap-southeast-2,x8i,x86(Intel),Intel Xeon 6 6975P-C,64,1024,10.15392,243.6941,1705.859,7412.36
aws,ap-southeast-2,x8i,x86(Intel),Intel Xeon 6 6975P-C,96,1536,15.23088,365.5411,2558.788,11118.54
aws,ap-southeast-2,x8i,x86(Intel),Intel Xeon 6 6975P-C,128,2048,20.30784,487.3882,3411.717,14824.72
aws,ap-southeast-2,x8i,x86(Intel),Intel Xeon 6 6975P-C,192,3072,30.46176,731.0822,5117.576,22237.08
aws,ap-southeast-2,x8i,x86(Intel),Intel Xeon 6 6975P-C,256,4096,40.61568,974.7763,6823.434,29649.45
aws,ap-southeast-2,x8i,x86(Intel),Intel Xeon 6 6975P-C,384,6144,58.38504,1401.241,9808.687,42621.08
aws,ap-southeast-3,c6g,ARM,AWS Graviton2,1,2,0.0392,0.9408,6.586,28.62
aws,ap-southeast-3,c6g,ARM,AWS Graviton2,2,4,0.0784,1.8816,13.171,57.23
aws,ap-southeast-3,c6g,ARM,AWS Graviton2,4,8,0.1568,3.7632,26.342,114.46
aws,ap-southeast-3,c6g,ARM,AWS Graviton2,8,16,0.3136,7.5264,52.685,228.93
aws,ap-southeast-3,c6g,ARM,AWS Graviton2,16,32,0.6272,15.0528,105.37,457.86
aws,ap-southeast-3,c6g,ARM,AWS Graviton2,32,64,1.2544,30.1056,210.739,915.71
aws,ap-southeast-3,c6g,ARM,AWS Graviton2,48,96,1.8816,45.1584,316.109,1373.57
aws,ap-southeast-3,c6g,ARM,AWS Graviton2,64,128,2.5088,60.2112,421.478,1831.42
aws,ap-southeast-3,c7g,ARM,AWS Graviton3,1,2,0.0417,1.0008,7.006,30.44
aws,ap-southeast-3,c7g,ARM,AWS Graviton3,2,4,0.0833,1.9992,13.994,60.81
aws,ap-southeast-3,c7g,ARM,AWS Graviton3,4,8,0.1666,3.9984,27.989,121.62
aws,ap-southeast-3,c7g,ARM,AWS Graviton3,8,16,0.3332,7.9968,55.978,243.24
aws,ap-southeast-3,c7g,ARM,AWS Graviton3,16,32,0.6664,15.9936,111.955,486.47
aws,ap-southeast-3,c7g,ARM,AWS Graviton3,32,64,1.3328,31.9872,223.91,972.94
aws,ap-southeast-3,c7g,ARM,AWS Graviton3,48,96,1.9992,47.9808,335.866,1459.42
aws,ap-southeast-3,c7g,ARM,AWS Graviton3,64,128,2.6656,63.9744,447.821,1945.89
aws,ap-southeast-3,c7i,x86(Intel),Intel Xeon Platinum 8488C,2,4,0.1029,2.4696,17.287,75.12
aws,ap-southeast-3,c7i,x86(Intel),Intel Xeon Platinum 8488C,4,8,0.2058,4.9392,34.574,150.23
aws,ap-southeast-3,c7i,x86(Intel),Intel Xeon Platinum 8488C,8,16,0.4116,9.8784,69.149,300.47
aws,ap-southeast-3,c7i,x86(Intel),Intel Xeon Platinum 8488C,16,32,0.8232,19.7568,138.298,600.94
aws,ap-southeast-3,c7i,x86(Intel),Intel Xeon Platinum 8488C,32,64,1.6464,39.5136,276.595,1201.87
aws,ap-southeast-3,c7i,x86(Intel),Intel Xeon Platinum 8488C,48,96,2.4696,59.2704,414.893,1802.81
aws,ap-southeast-3,c7i,x86(Intel),Intel Xeon Platinum 8488C,64,128,3.2928,79.0272,553.19,2403.74
aws,ap-southeast-3,c7i,x86(Intel),Intel Xeon Platinum 8488C,96,192,4.9392,118.5408,829.786,3605.62
aws,ap-southeast-3,c7i,x86(Intel),Intel Xeon Platinum 8488C,192,384,9.8784,237.0816,1659.571,7211.23
aws,ap-southeast-3,c8g,ARM,AWS Graviton4,1,2,0.04582,1.0997,7.698,33.45
aws,ap-southeast-3,c8g,ARM,AWS Graviton4,2,4,0.09163,2.1991,15.394,66.89
aws,ap-southeast-3,c8g,ARM,AWS Graviton4,4,8,0.18326,4.3982,30.788,133.78
aws,ap-southeast-3,c8g,ARM,AWS Graviton4,8,16,0.36652,8.7965,61.575,267.56
aws,ap-southeast-3,c8g,ARM,AWS Graviton4,16,32,0.73304,17.593,123.151,535.12
aws,ap-southeast-3,c8g,ARM,AWS Graviton4,32,64,1.46608,35.1859,246.301,1070.24
aws,ap-southeast-3,c8g,ARM,AWS Graviton4,48,96,2.19912,52.7789,369.452,1605.36
aws,ap-southeast-3,c8g,ARM,AWS Graviton4,64,128,2.93216,70.3718,492.603,2140.48
aws,ap-southeast-3,c8g,ARM,AWS Graviton4,96,192,4.39824,105.5578,738.904,3210.72
aws,ap-southeast-3,c8g,ARM,AWS Graviton4,192,384,8.79648,211.1155,1477.809,6421.43
aws,ap-southeast-3,m6g,ARM,AWS Graviton2,1,4,0.048,1.152,8.064,35.04
aws,ap-southeast-3,m6g,ARM,AWS Graviton2,2,8,0.096,2.304,16.128,70.08
aws,ap-southeast-3,m6g,ARM,AWS Graviton2,4,16,0.192,4.608,32.256,140.16
aws,ap-southeast-3,m6g,ARM,AWS Graviton2,8,32,0.384,9.216,64.512,280.32
aws,ap-southeast-3,m6g,ARM,AWS Graviton2,16,64,0.768,18.432,129.024,560.64
aws,ap-southeast-3,m6g,ARM,AWS Graviton2,32,128,1.536,36.864,258.048,1121.28
aws,ap-southeast-3,m6g,ARM,AWS Graviton2,48,192,2.304,55.296,387.072,1681.92
aws,ap-southeast-3,m6g,ARM,AWS Graviton2,64,256,3.072,73.728,516.096,2242.56
aws,ap-southeast-3,m6i,x86(Intel),Intel Xeon Platinum 8375C,2,8,0.12,2.88,20.16,87.6
aws,ap-southeast-3,m6i,x86(Intel),Intel Xeon Platinum 8375C,4,16,0.24,5.76,40.32,175.2
aws,ap-southeast-3,m6i,x86(Intel),Intel Xeon Platinum 8375C,8,32,0.48,11.52,80.64,350.4
aws,ap-southeast-3,m6i,x86(Intel),Intel Xeon Platinum 8375C,16,64,0.96,23.04,161.28,700.8
aws,ap-southeast-3,m6i,x86(Intel),Intel Xeon Platinum 8375C,32,128,1.92,46.08,322.56,1401.6
aws,ap-southeast-3,m6i,x86(Intel),Intel Xeon Platinum 8375C,48,192,2.88,69.12,483.84,2102.4
aws,ap-southeast-3,m6i,x86(Intel),Intel Xeon Platinum 8375C,64,256,3.84,92.16,645.12,2803.2
aws,ap-southeast-3,m6i,x86(Intel),Intel Xeon Platinum 8375C,96,384,5.76,138.24,967.68,4204.8
aws,ap-southeast-3,m6i,x86(Intel),Intel Xeon Platinum 8375C,128,512,7.68,184.32,1290.24,5606.4
aws,ap-southeast-3,m7g,ARM,AWS Graviton3,1,4,0.051,1.224,8.568,37.23
aws,ap-southeast-3,m7g,ARM,AWS Graviton3,2,8,0.102,2.448,17.136,74.46
aws,ap-southeast-3,m7g,ARM,AWS Graviton3,4,16,0.204,4.896,34.272,148.92
aws,ap-southeast-3,m7g,ARM,AWS Graviton3,8,32,0.408,9.792,68.544,297.84
aws,ap-southeast-3,m7g,ARM,AWS Graviton3,16,64,0.816,19.584,137.088,595.68
aws,ap-southeast-3,m7g,ARM,AWS Graviton3,32,128,1.632,39.168,274.176,1191.36
aws,ap-southeast-3,m7g,ARM,AWS Graviton3,48,192,2.448,58.752,411.264,1787.04
aws,ap-southeast-3,m7g,ARM,AWS Graviton3,64,256,3.264,78.336,548.352,2382.72
aws,ap-southeast-3,m7i,x86(Intel),Intel Xeon Platinum 8488C,2,8,0.126,3.024,21.168,91.98
aws,ap-southeast-3,m7i,x86(Intel),Intel Xeon Platinum 8488C,4,16,0.252,6.048,42.336,183.96
aws,ap-southeast-3,m7i,x86(Intel),Intel Xeon Platinum 8488C,8,32,0.504,12.096,84.672,367.92
aws,ap-southeast-3,m7i,x86(Intel),Intel Xeon Platinum 8488C,16,64,1.008,24.192,169.344,735.84
aws,ap-southeast-3,m7i,x86(Intel),Intel Xeon Platinum 8488C,32,128,2.016,48.384,338.688,1471.68
aws,ap-southeast-3,m7i,x86(Intel),Intel Xeon Platinum 8488C,48,192,3.024,72.576,508.032,2207.52
aws,ap-southeast-3,m7i,x86(Intel),Intel Xeon Platinum 8488C,64,256,4.032,96.768,677.376,2943.36
aws,ap-southeast-3,m7i,x86(Intel),Intel Xeon Platinum 8488C,96,384,6.048,145.152,1016.064,4415.04
aws,ap-southeast-3,m7i,x86(Intel),Intel Xeon Platinum 8488C,192,768,12.096,290.304,2032.128,8830.08
aws,ap-southeast-3,m8g,ARM,AWS Graviton4,1,4,0.0561,1.3464,9.425,40.95
aws,ap-southeast-3,m8g,ARM,AWS Graviton4,2,8,0.1122,2.6928,18.85,81.91
aws,ap-southeast-3,m8g,ARM,AWS Graviton4,4,16,0.2244,5.3856,37.699,163.81
aws,ap-southeast-3,m8g,ARM,AWS Graviton4,8,32,0.4488,10.7712,75.398,327.62
aws,ap-southeast-3,m8g,ARM,AWS Graviton4,16,64,0.8976,21.5424,150.797,655.25
aws,ap-southeast-3,m8g,ARM,AWS Graviton4,32,128,1.7952,43.0848,301.594,1310.5
aws,ap-southeast-3,m8g,ARM,AWS Graviton4,48,192,2.6928,64.6272,452.39,1965.74
aws,ap-southeast-3,m8g,ARM,AWS Graviton4,64,256,3.5904,86.1696,603.187,2620.99
aws,ap-southeast-3,m8g,ARM,AWS Graviton4,96,384,5.3856,129.2544,904.781,3931.49
aws,ap-southeast-3,m8g,ARM,AWS Graviton4,192,768,10.7712,258.5088,1809.562,7862.98
aws,ap-southeast-3,r6g,ARM,AWS Graviton2,1,8,0.0608,1.4592,10.214,44.38
aws,ap-southeast-3,r6g,ARM,AWS Graviton2,2,16,0.1216,2.9184,20.429,88.77
aws,ap-southeast-3,r6g,ARM,AWS Graviton2,4,32,0.2432,5.8368,40.858,177.54
aws,ap-southeast-3,r6g,ARM,AWS Graviton2,8,64,0.4864,11.6736,81.715,355.07
aws,ap-southeast-3,r6g,ARM,AWS Graviton2,16,128,0.9728,23.3472,163.43,710.14
aws,ap-southeast-3,r6g,ARM,AWS Graviton2,32,256,1.9456,46.6944,326.861,1420.29
aws,ap-southeast-3,r6g,ARM,AWS Graviton2,48,384,2.9184,70.0416,490.291,2130.43
aws,ap-southeast-3,r6g,ARM,AWS Graviton2,64,512,3.8912,93.3888,653.722,2840.58
aws,ap-southeast-3,r7g,ARM,AWS Graviton3,1,8,0.0646,1.5504,10.853,47.16
aws,ap-southeast-3,r7g,ARM,AWS Graviton3,2,16,0.1292,3.1008,21.706,94.32
aws,ap-southeast-3,r7g,ARM,AWS Graviton3,4,32,0.2584,6.2016,43.411,188.63
aws,ap-southeast-3,r7g,ARM,AWS Graviton3,8,64,0.5168,12.4032,86.822,377.26
aws,ap-southeast-3,r7g,ARM,AWS Graviton3,16,128,1.0336,24.8064,173.645,754.53
aws,ap-southeast-3,r7g,ARM,AWS Graviton3,32,256,2.0672,49.6128,347.29,1509.06
aws,ap-southeast-3,r7g,ARM,AWS Graviton3,48,384,3.1008,74.4192,520.934,2263.58
aws,ap-southeast-3,r7g,ARM,AWS Graviton3,64,512,4.1344,99.2256,694.579,3018.11
aws,ap-southeast-3,r7i,x86(Intel),Intel Xeon Platinum 8488C,2,16,0.1596,3.8304,26.813,116.51
aws,ap-southeast-3,r7i,x86(Intel),Intel Xeon Platinum 8488C,4,32,0.3192,7.6608,53.626,233.02
aws,ap-southeast-3,r7i,x86(Intel),Intel Xeon Platinum 8488C,8,64,0.6384,15.3216,107.251,466.03
aws,ap-southeast-3,r7i,x86(Intel),Intel Xeon Platinum 8488C,16,128,1.2768,30.6432,214.502,932.06
aws,ap-southeast-3,r7i,x86(Intel),Intel Xeon Platinum 8488C,32,256,2.5536,61.2864,429.005,1864.13
aws,ap-southeast-3,r7i,x86(Intel),Intel Xeon Platinum 8488C,48,384,3.8304,91.9296,643.507,2796.19
aws,ap-southeast-3,r7i,x86(Intel),Intel Xeon Platinum 8488C,64,512,5.1072,122.5728,858.01,3728.26
aws,ap-southeast-3,r7i,x86(Intel),Intel Xeon Platinum 8488C,96,768,7.6608,183.8592,1287.014,5592.38
aws,ap-southeast-3,r7i,x86(Intel),Intel Xeon Platinum 8488C,192,1536,15.3216,367.7184,2574.029,11184.77
aws,ap-southeast-3,r8g,ARM,AWS Graviton4,1,8,0.07106,1.7054,11.938,51.87
aws,ap-southeast-3,r8g,ARM,AWS Graviton4,2,16,0.14212,3.4109,23.876,103.75
aws,ap-southeast-3,r8g,ARM,AWS Graviton4,4,32,0.28424,6.8218,47.752,207.5
aws,ap-southeast-3,r8g,ARM,AWS Graviton4,8,64,0.56848,13.6435,95.505,414.99
aws,ap-southeast-3,r8g,ARM,AWS Graviton4,16,128,1.13696,27.287,191.009,829.98
aws,ap-southeast-3,r8g,ARM,AWS Graviton4,32,256,2.27392,54.5741,382.019,1659.96
aws,ap-southeast-3,r8g,ARM,AWS Graviton4,48,384,3.41088,81.8611,573.028,2489.94
aws,ap-southeast-3,r8g,ARM,AWS Graviton4,64,512,4.54784,109.1482,764.037,3319.92
aws,ap-southeast-3,r8g,ARM,AWS Graviton4,96,768,6.82176,163.7222,1146.056,4979.88
aws,ap-southeast-3,r8g,ARM,AWS Graviton4,192,1536,13.64352,327.4445,2292.111,9959.77
aws,ap-southeast-4,c6g,ARM,AWS Graviton2,1,2,0.0444,1.0656,7.459,32.41
aws,ap-southeast-4,c6g,ARM,AWS Graviton2,2,4,0.0888,2.1312,14.918,64.82
aws,ap-southeast-4,c6g,ARM,AWS Graviton2,4,8,0.1776,4.2624,29.837,129.65
aws,ap-southeast-4,c6g,ARM,AWS Graviton2,8,16,0.3552,8.5248,59.674,259.3
aws,ap-southeast-4,c6g,ARM,AWS Graviton2,16,32,0.7104,17.0496,119.347,518.59
aws,ap-southeast-4,c6g,ARM,AWS Graviton2,32,64,1.4208,34.0992,238.694,1037.18
aws,ap-southeast-4,c6g,ARM,AWS Graviton2,48,96,2.1312,51.1488,358.042,1555.78
aws,ap-southeast-4,c6g,ARM,AWS Graviton2,64,128,2.8416,68.1984,477.389,2074.37
aws,ap-southeast-4,c7i,x86(Intel),Intel Xeon Platinum 8488C,2,4,0.11655,2.7972,19.58,85.08
aws,ap-southeast-4,c7i,x86(Intel),Intel Xeon Platinum 8488C,4,8,0.2331,5.5944,39.161,170.16
aws,ap-southeast-4,c7i,x86(Intel),Intel Xeon Platinum 8488C,8,16,0.4662,11.1888,78.322,340.33
aws,ap-southeast-4,c7i,x86(Intel),Intel Xeon Platinum 8488C,16,32,0.9324,22.3776,156.643,680.65
aws,ap-southeast-4,c7i,x86(Intel),Intel Xeon Platinum 8488C,32,64,1.8648,44.7552,313.286,1361.3
aws,ap-southeast-4,c7i,x86(Intel),Intel Xeon Platinum 8488C,48,96,2.7972,67.1328,469.93,2041.96
aws,ap-southeast-4,c7i,x86(Intel),Intel Xeon Platinum 8488C,64,128,3.7296,89.5104,626.573,2722.61
aws,ap-southeast-4,c7i,x86(Intel),Intel Xeon Platinum 8488C,96,192,5.5944,134.2656,939.859,4083.91
aws,ap-southeast-4,c7i,x86(Intel),Intel Xeon Platinum 8488C,192,384,11.1888,268.5312,1879.718,8167.82
aws,ap-southeast-4,c8g,ARM,AWS Graviton4,1,2,0.05189,1.2454,8.718,37.88
aws,ap-southeast-4,c8g,ARM,AWS Graviton4,2,4,0.10378,2.4907,17.435,75.76
aws,ap-southeast-4,c8g,ARM,AWS Graviton4,4,8,0.20756,4.9814,34.87,151.52
aws,ap-southeast-4,c8g,ARM,AWS Graviton4,8,16,0.41512,9.9629,69.74,303.04
aws,ap-southeast-4,c8g,ARM,AWS Graviton4,16,32,0.83024,19.9258,139.48,606.08
aws,ap-southeast-4,c8g,ARM,AWS Graviton4,32,64,1.66048,39.8515,278.961,1212.15
aws,ap-southeast-4,c8g,ARM,AWS Graviton4,48,96,2.49072,59.7773,418.441,1818.23
aws,ap-southeast-4,c8g,ARM,AWS Graviton4,64,128,3.32096,79.703,557.921,2424.3
aws,ap-southeast-4,c8g,ARM,AWS Graviton4,96,192,4.98144,119.5546,836.882,3636.45
aws,ap-southeast-4,c8g,ARM,AWS Graviton4,192,384,9.96288,239.1091,1673.764,7272.9
aws,ap-southeast-4,m6g,ARM,AWS Graviton2,1,4,0.048,1.152,8.064,35.04
aws,ap-southeast-4,m6g,ARM,AWS Graviton2,2,8,0.096,2.304,16.128,70.08
aws,ap-southeast-4,m6g,ARM,AWS Graviton2,4,16,0.192,4.608,32.256,140.16
aws,ap-southeast-4,m6g,ARM,AWS Graviton2,8,32,0.384,9.216,64.512,280.32
aws,ap-southeast-4,m6g,ARM,AWS Graviton2,16,64,0.768,18.432,129.024,560.64
aws,ap-southeast-4,m6g,ARM,AWS Graviton2,32,128,1.536,36.864,258.048,1121.28
aws,ap-southeast-4,m6g,ARM,AWS Graviton2,48,192,2.304,55.296,387.072,1681.92
aws,ap-southeast-4,m6g,ARM,AWS Graviton2,64,256,3.072,73.728,516.096,2242.56
aws,ap-southeast-4,m7g,ARM,AWS Graviton3,1,4,0.051,1.224,8.568,37.23
aws,ap-southeast-4,m7g,ARM,AWS Graviton3,2,8,0.102,2.448,17.136,74.46
aws,ap-southeast-4,m7g,ARM,AWS Graviton3,4,16,0.204,4.896,34.272,148.92
aws,ap-southeast-4,m7g,ARM,AWS Graviton3,8,32,0.408,9.792,68.544,297.84
aws,ap-southeast-4,m7g,ARM,AWS Graviton3,16,64,0.816,19.584,137.088,595.68
aws,ap-southeast-4,m7g,ARM,AWS Graviton3,32,128,1.632,39.168,274.176,1191.36
aws,ap-southeast-4,m7g,ARM,AWS Graviton3,48,192,2.448,58.752,411.264,1787.04
aws,ap-southeast-4,m7g,ARM,AWS Graviton3,64,256,3.264,78.336,548.352,2382.72
aws,ap-southeast-4,m7i,x86(Intel),Intel Xeon Platinum 8488C,2,8,0.126,3.024,21.168,91.98
aws,ap-southeast-4,m7i,x86(Intel),Intel Xeon Platinum 8488C,4,16,0.252,6.048,42.336,183.96
aws,ap-southeast-4,m7i,x86(Intel),Intel Xeon Platinum 8488C,8,32,0.504,12.096,84.672,367.92
aws,ap-southeast-4,m7i,x86(Intel),Intel Xeon Platinum 8488C,16,64,1.008,24.192,169.344,735.84
aws,ap-southeast-4,m7i,x86(Intel),Intel Xeon Platinum 8488C,32,128,2.016,48.384,338.688,1471.68
aws,ap-southeast-4,m7i,x86(Intel),Intel Xeon Platinum 8488C,48,192,3.024,72.576,508.032,2207.52
aws,ap-southeast-4,m7i,x86(Intel),Intel Xeon Platinum 8488C,64,256,4.032,96.768,677.376,2943.36
aws,ap-southeast-4,m7i,x86(Intel),Intel Xeon Platinum 8488C,96,384,6.048,145.152,1016.064,4415.04
aws,ap-southeast-4,m7i,x86(Intel),Intel Xeon Platinum 8488C,192,768,12.096,290.304,2032.128,8830.08
aws,ap-southeast-4,m8g,ARM,AWS Graviton4,1,4,0.0561,1.3464,9.425,40.95
aws,ap-southeast-4,m8g,ARM,AWS Graviton4,2,8,0.1122,2.6928,18.85,81.91
aws,ap-southeast-4,m8g,ARM,AWS Graviton4,4,16,0.2244,5.3856,37.699,163.81
aws,ap-southeast-4,m8g,ARM,AWS Graviton4,8,32,0.4488,10.7712,75.398,327.62
aws,ap-southeast-4,m8g,ARM,AWS Graviton4,16,64,0.8976,21.5424,150.797,655.25
aws,ap-southeast-4,m8g,ARM,AWS Graviton4,32,128,1.7952,43.0848,301.594,1310.5
aws,ap-southeast-4,m8g,ARM,AWS Graviton4,48,192,2.6928,64.6272,452.39,1965.74
aws,ap-southeast-4,m8g,ARM,AWS Graviton4,64,256,3.5904,86.1696,603.187,2620.99
aws,ap-southeast-4,m8g,ARM,AWS Graviton4,96,384,5.3856,129.2544,904.781,3931.49
aws,ap-southeast-4,m8g,ARM,AWS Graviton4,192,768,10.7712,258.5088,1809.562,7862.98
aws,ap-southeast-4,r6g,ARM,AWS Graviton2,1,8,0.0604,1.4496,10.147,44.09
aws,ap-southeast-4,r6g,ARM,AWS Graviton2,2,16,0.1208,2.8992,20.294,88.18
aws,ap-southeast-4,r6g,ARM,AWS Graviton2,4,32,0.2416,5.7984,40.589,176.37
aws,ap-southeast-4,r6g,ARM,AWS Graviton2,8,64,0.4832,11.5968,81.178,352.74
aws,ap-southeast-4,r6g,ARM,AWS Graviton2,16,128,0.9664,23.1936,162.355,705.47
aws,ap-southeast-4,r6g,ARM,AWS Graviton2,32,256,1.9328,46.3872,324.71,1410.94
aws,ap-southeast-4,r6g,ARM,AWS Graviton2,48,384,2.8992,69.5808,487.066,2116.42
aws,ap-southeast-4,r6g,ARM,AWS Graviton2,64,512,3.8656,92.7744,649.421,2821.89
aws,ap-southeast-4,r7g,ARM,AWS Graviton3,1,8,0.0642,1.5408,10.786,46.87
aws,ap-southeast-4,r7g,ARM,AWS Graviton3,2,16,0.1284,3.0816,21.571,93.73
aws,ap-southeast-4,r7g,ARM,AWS Graviton3,4,32,0.2567,6.1608,43.126,187.39
aws,ap-southeast-4,r7g,ARM,AWS Graviton3,8,64,0.5134,12.3216,86.251,374.78
aws,ap-southeast-4,r7g,ARM,AWS Graviton3,16,128,1.0269,24.6456,172.519,749.64
aws,ap-southeast-4,r7g,ARM,AWS Graviton3,32,256,2.0538,49.2912,345.038,1499.27
aws,ap-southeast-4,r7g,ARM,AWS Graviton3,48,384,3.0806,73.9344,517.541,2248.84
aws,ap-southeast-4,r7g,ARM,AWS Graviton3,64,512,4.1075,98.58,690.06,2998.48
aws,ap-southeast-4,r7i,x86(Intel),Intel Xeon Platinum 8488C,2,16,0.15855,3.8052,26.636,115.74
aws,ap-southeast-4,r7i,x86(Intel),Intel Xeon Platinum 8488C,4,32,0.3171,7.6104,53.273,231.48
aws,ap-southeast-4,r7i,x86(Intel),Intel Xeon Platinum 8488C,8,64,0.6342,15.2208,106.546,462.97
aws,ap-southeast-4,r7i,x86(Intel),Intel Xeon Platinum 8488C,16,128,1.2684,30.4416,213.091,925.93
aws,ap-southeast-4,r7i,x86(Intel),Intel Xeon Platinum 8488C,32,256,2.5368,60.8832,426.182,1851.86
aws,ap-southeast-4,r7i,x86(Intel),Intel Xeon Platinum 8488C,48,384,3.8052,91.3248,639.274,2777.8
aws,ap-southeast-4,r7i,x86(Intel),Intel Xeon Platinum 8488C,64,512,5.0736,121.7664,852.365,3703.73
aws,ap-southeast-4,r7i,x86(Intel),Intel Xeon Platinum 8488C,96,768,7.6104,182.6496,1278.547,5555.59
aws,ap-southeast-4,r7i,x86(Intel),Intel Xeon Platinum 8488C,192,1536,15.2208,365.2992,2557.094,11111.18
aws,ap-southeast-4,r8g,ARM,AWS Graviton4,1,8,0.0706,1.6944,11.861,51.54
aws,ap-southeast-4,r8g,ARM,AWS Graviton4,2,16,0.1412,3.3888,23.722,103.08
aws,ap-southeast-4,r8g,ARM,AWS Graviton4,4,32,0.2824,6.7776,47.443,206.15
aws,ap-southeast-4,r8g,ARM,AWS Graviton4,8,64,0.5648,13.5552,94.886,412.3
aws,ap-southeast-4,r8g,ARM,AWS Graviton4,16,128,1.1296,27.1104,189.773,824.61
aws,ap-southeast-4,r8g,ARM,AWS Graviton4,32,256,2.2592,54.2208,379.546,1649.22
aws,ap-southeast-4,r8g,ARM,AWS Graviton4,48,384,3.3888,81.3312,569.318,2473.82
aws,ap-southeast-4,r8g,ARM,AWS Graviton4,64,512,4.5184,108.4416,759.091,3298.43
aws,ap-southeast-4,r8g,ARM,AWS Graviton4,96,768,6.7776,162.6624,1138.637,4947.65
aws,ap-southeast-4,r8g,ARM,AWS Graviton4,192,1536,13.5552,325.3248,2277.274,9895.3
aws,ap-southeast-5,c6g,ARM,AWS Graviton2,1,2,0.0333,0.7992,5.594,24.31
aws,ap-southeast-5,c6g,ARM,AWS Graviton2,2,4,0.0666,1.5984,11.189,48.62
aws,ap-southeast-5,c6g,ARM,AWS Graviton2,4,8,0.1333,3.1992,22.394,97.31
aws,ap-southeast-5,c6g,ARM,AWS Graviton2,8,16,0.2666,6.3984,44.789,194.62
aws,ap-southeast-5,c6g,ARM,AWS Graviton2,16,32,0.5331,12.7944,89.561,389.16
aws,ap-southeast-5,c6g,ARM,AWS Graviton2,32,64,1.0662,25.5888,179.122,778.33
aws,ap-southeast-5,c6g,ARM,AWS Graviton2,48,96,1.5994,38.3856,268.699,1167.56
aws,ap-southeast-5,c6g,ARM,AWS Graviton2,64,128,2.1325,51.18,358.26,1556.72
aws,ap-southeast-5,c6i,x86(Intel),Intel Xeon Platinum 8375C,2,4,0.0833,1.9992,13.994,60.81
aws,ap-southeast-5,c6i,x86(Intel),Intel Xeon Platinum 8375C,4,8,0.1666,3.9984,27.989,121.62
aws,ap-southeast-5,c6i,x86(Intel),Intel Xeon Platinum 8375C,8,16,0.3332,7.9968,55.978,243.24
aws,ap-southeast-5,c6i,x86(Intel),Intel Xeon Platinum 8375C,16,32,0.6664,15.9936,111.955,486.47
aws,ap-southeast-5,c6i,x86(Intel),Intel Xeon Platinum 8375C,32,64,1.3328,31.9872,223.91,972.94
aws,ap-southeast-5,c6i,x86(Intel),Intel Xeon Platinum 8375C,48,96,1.9992,47.9808,335.866,1459.42
aws,ap-southeast-5,c6i,x86(Intel),Intel Xeon Platinum 8375C,64,128,2.6656,63.9744,447.821,1945.89
aws,ap-southeast-5,c6i,x86(Intel),Intel Xeon Platinum 8375C,96,192,3.9984,95.9616,671.731,2918.83
aws,ap-southeast-5,c6i,x86(Intel),Intel Xeon Platinum 8375C,128,256,5.3312,127.9488,895.642,3891.78
aws,ap-southeast-5,c7g,ARM,AWS Graviton3,1,2,0.0354,0.8496,5.947,25.84
aws,ap-southeast-5,c7g,ARM,AWS Graviton3,2,4,0.0708,1.6992,11.894,51.68
aws,ap-southeast-5,c7g,ARM,AWS Graviton3,4,8,0.1416,3.3984,23.789,103.37
aws,ap-southeast-5,c7g,ARM,AWS Graviton3,8,16,0.2832,6.7968,47.578,206.74
aws,ap-southeast-5,c7g,ARM,AWS Graviton3,16,32,0.5664,13.5936,95.155,413.47
aws,ap-southeast-5,c7g,ARM,AWS Graviton3,32,64,1.1328,27.1872,190.31,826.94
aws,ap-southeast-5,c7g,ARM,AWS Graviton3,48,96,1.6992,40.7808,285.466,1240.42
aws,ap-southeast-5,c7g,ARM,AWS Graviton3,64,128,2.2656,54.3744,380.621,1653.89
aws,ap-southeast-5,c7i,x86(Intel),Intel Xeon Platinum 8488C,2,4,0.08747,2.0993,14.695,63.85
aws,ap-southeast-5,c7i,x86(Intel),Intel Xeon Platinum 8488C,4,8,0.17494,4.1986,29.39,127.71
aws,ap-southeast-5,c7i,x86(Intel),Intel Xeon Platinum 8488C,8,16,0.34988,8.3971,58.78,255.41
aws,ap-southeast-5,c7i,x86(Intel),Intel Xeon Platinum 8488C,16,32,0.69976,16.7942,117.56,510.82
aws,ap-southeast-5,c7i,x86(Intel),Intel Xeon Platinum 8488C,32,64,1.39952,33.5885,235.119,1021.65
aws,ap-southeast-5,c7i,x86(Intel),Intel Xeon Platinum 8488C,48,96,2.09928,50.3827,352.679,1532.47
aws,ap-southeast-5,c7i,x86(Intel),Intel Xeon Platinum 8488C,64,128,2.79904,67.177,470.239,2043.3
aws,ap-southeast-5,c7i,x86(Intel),Intel Xeon Platinum 8488C,96,192,4.19856,100.7654,705.358,3064.95
aws,ap-southeast-5,c7i,x86(Intel),Intel Xeon Platinum 8488C,192,384,8.39712,201.5309,1410.716,6129.9
aws,ap-southeast-5,c8g,ARM,AWS Graviton4,1,2,0.03894,0.9346,6.542,28.43
aws,ap-southeast-5,c8g,ARM,AWS Graviton4,2,4,0.07788,1.8691,13.084,56.85
aws,ap-southeast-5,c8g,ARM,AWS Graviton4,4,8,0.15576,3.7382,26.168,113.7
aws,ap-southeast-5,c8g,ARM,AWS Graviton4,8,16,0.31152,7.4765,52.335,227.41
aws,ap-southeast-5,c8g,ARM,AWS Graviton4,16,32,0.62304,14.953,104.671,454.82
aws,ap-southeast-5,c8g,ARM,AWS Graviton4,32,64,1.24608,29.9059,209.341,909.64
aws,ap-southeast-5,c8g,ARM,AWS Graviton4,48,96,1.86912,44.8589,314.012,1364.46
aws,ap-southeast-5,c8g,ARM,AWS Graviton4,64,128,2.49216,59.8118,418.683,1819.28
aws,ap-southeast-5,c8g,ARM,AWS Graviton4,96,192,3.73824,89.7178,628.024,2728.92
aws,ap-southeast-5,c8g,ARM,AWS Graviton4,192,384,7.47648,179.4355,1256.049,5457.83
aws,ap-southeast-5,c8i,x86(Intel),Intel Xeon 6 6975P-C,2,4,0.09184,2.2042,15.429,67.04
aws,ap-southeast-5,c8i,x86(Intel),Intel Xeon 6 6975P-C,4,8,0.18368,4.4083,30.858,134.09
aws,ap-southeast-5,c8i,x86(Intel),Intel Xeon 6 6975P-C,8,16,0.36736,8.8166,61.716,268.17
aws,ap-southeast-5,c8i,x86(Intel),Intel Xeon 6 6975P-C,16,32,0.73472,17.6333,123.433,536.35
aws,ap-southeast-5,c8i,x86(Intel),Intel Xeon 6 6975P-C,32,64,1.46944,35.2666,246.866,1072.69
aws,ap-southeast-5,c8i,x86(Intel),Intel Xeon 6 6975P-C,48,96,2.20416,52.8998,370.299,1609.04
aws,ap-southeast-5,c8i,x86(Intel),Intel Xeon 6 6975P-C,64,128,2.93888,70.5331,493.732,2145.38
aws,ap-southeast-5,c8i,x86(Intel),Intel Xeon 6 6975P-C,96,192,4.40832,105.7997,740.598,3218.07
aws,ap-southeast-5,c8i,x86(Intel),Intel Xeon 6 6975P-C,128,256,5.87776,141.0662,987.464,4290.76
aws,ap-southeast-5,c8i,x86(Intel),Intel Xeon 6 6975P-C,192,384,8.81664,211.5994,1481.196,6436.15
aws,ap-southeast-5,c8i,x86(Intel),Intel Xeon 6 6975P-C,384,768,17.63328,423.1987,2962.391,12872.29
aws,ap-southeast-5,m6g,ARM,AWS Graviton2,1,4,0.0408,0.9792,6.854,29.78
aws,ap-southeast-5,m6g,ARM,AWS Graviton2,2,8,0.0816,1.9584,13.709,59.57
aws,ap-southeast-5,m6g,ARM,AWS Graviton2,4,16,0.1632,3.9168,27.418,119.14
aws,ap-southeast-5,m6g,ARM,AWS Graviton2,8,32,0.3264,7.8336,54.835,238.27
aws,ap-southeast-5,m6g,ARM,AWS Graviton2,16,64,0.6528,15.6672,109.67,476.54
aws,ap-southeast-5,m6g,ARM,AWS Graviton2,32,128,1.3056,31.3344,219.341,953.09
aws,ap-southeast-5,m6g,ARM,AWS Graviton2,48,192,1.9584,47.0016,329.011,1429.63
aws,ap-southeast-5,m6g,ARM,AWS Graviton2,64,256,2.6112,62.6688,438.682,1906.18
aws,ap-southeast-5,m6i,x86(Intel),Intel Xeon Platinum 8375C,2,8,0.102,2.448,17.136,74.46
aws,ap-southeast-5,m6i,x86(Intel),Intel Xeon Platinum 8375C,4,16,0.204,4.896,34.272,148.92
aws,ap-southeast-5,m6i,x86(Intel),Intel Xeon Platinum 8375C,8,32,0.408,9.792,68.544,297.84
aws,ap-southeast-5,m6i,x86(Intel),Intel Xeon Platinum 8375C,16,64,0.816,19.584,137.088,595.68
aws,ap-southeast-5,m6i,x86(Intel),Intel Xeon Platinum 8375C,32,128,1.632,39.168,274.176,1191.36
aws,ap-southeast-5,m6i,x86(Intel),Intel Xeon Platinum 8375C,48,192,2.448,58.752,411.264,1787.04
aws,ap-southeast-5,m6i,x86(Intel),Intel Xeon Platinum 8375C,64,256,3.264,78.336,548.352,2382.72
aws,ap-southeast-5,m6i,x86(Intel),Intel Xeon Platinum 8375C,96,384,4.896,117.504,822.528,3574.08
aws,ap-southeast-5,m6i,x86(Intel),Intel Xeon Platinum 8375C,128,512,6.528,156.672,1096.704,4765.44
aws,ap-southeast-5,m7g,ARM,AWS Graviton3,1,4,0.0434,1.0416,7.291,31.68
aws,ap-southeast-5,m7g,ARM,AWS Graviton3,2,8,0.0867,2.0808,14.566,63.29
aws,ap-southeast-5,m7g,ARM,AWS Graviton3,4,16,0.1734,4.1616,29.131,126.58
aws,ap-southeast-5,m7g,ARM,AWS Graviton3,8,32,0.3468,8.3232,58.262,253.16
aws,ap-southeast-5,m7g,ARM,AWS Graviton3,16,64,0.6936,16.6464,116.525,506.33
aws,ap-southeast-5,m7g,ARM,AWS Graviton3,32,128,1.3872,33.2928,233.05,1012.66
aws,ap-southeast-5,m7g,ARM,AWS Graviton3,48,192,2.0808,49.9392,349.574,1518.98
aws,ap-southeast-5,m7g,ARM,AWS Graviton3,64,256,2.7744,66.5856,466.099,2025.31
aws,ap-southeast-5,m7i,x86(Intel),Intel Xeon Platinum 8488C,2,8,0.1071,2.5704,17.993,78.18
aws,ap-southeast-5,m7i,x86(Intel),Intel Xeon Platinum 8488C,4,16,0.2142,5.1408,35.986,156.37
aws,ap-southeast-5,m7i,x86(Intel),Intel Xeon Platinum 8488C,8,32,0.4284,10.2816,71.971,312.73
aws,ap-southeast-5,m7i,x86(Intel),Intel Xeon Platinum 8488C,16,64,0.8568,20.5632,143.942,625.46
aws,ap-southeast-5,m7i,x86(Intel),Intel Xeon Platinum 8488C,32,128,1.7136,41.1264,287.885,1250.93
aws,ap-southeast-5,m7i,x86(Intel),Intel Xeon Platinum 8488C,48,192,2.5704,61.6896,431.827,1876.39
aws,ap-southeast-5,m7i,x86(Intel),Intel Xeon Platinum 8488C,64,256,3.4272,82.2528,575.77,2501.86
aws,ap-southeast-5,m7i,x86(Intel),Intel Xeon Platinum 8488C,96,384,5.1408,123.3792,863.654,3752.78
aws,ap-southeast-5,m7i,x86(Intel),Intel Xeon Platinum 8488C,192,768,10.2816,246.7584,1727.309,7505.57
aws,ap-southeast-5,m8g,ARM,AWS Graviton4,1,4,0.04769,1.1446,8.012,34.81
aws,ap-southeast-5,m8g,ARM,AWS Graviton4,2,8,0.09538,2.2891,16.024,69.63
aws,ap-southeast-5,m8g,ARM,AWS Graviton4,4,16,0.19076,4.5782,32.048,139.25
aws,ap-southeast-5,m8g,ARM,AWS Graviton4,8,32,0.38152,9.1565,64.095,278.51
aws,ap-southeast-5,m8g,ARM,AWS Graviton4,16,64,0.76304,18.313,128.191,557.02
aws,ap-southeast-5,m8g,ARM,AWS Graviton4,32,128,1.52608,36.6259,256.381,1114.04
aws,ap-southeast-5,m8g,ARM,AWS Graviton4,48,192,2.28912,54.9389,384.572,1671.06
aws,ap-southeast-5,m8g,ARM,AWS Graviton4,64,256,3.05216,73.2518,512.763,2228.08
aws,ap-southeast-5,m8g,ARM,AWS Graviton4,96,384,4.57824,109.8778,769.144,3342.12
aws,ap-southeast-5,m8g,ARM,AWS Graviton4,192,768,9.15648,219.7555,1538.289,6684.23
aws,ap-southeast-5,m8i,x86(Intel),Intel Xeon 6 6975P-C,2,8,0.11245,2.6988,18.892,82.09
aws,ap-southeast-5,m8i,x86(Intel),Intel Xeon 6 6975P-C,4,16,0.2249,5.3976,37.783,164.18
aws,ap-southeast-5,m8i,x86(Intel),Intel Xeon 6 6975P-C,8,32,0.4498,10.7952,75.566,328.35
aws,ap-southeast-5,m8i,x86(Intel),Intel Xeon 6 6975P-C,16,64,0.8996,21.5904,151.133,656.71
aws,ap-southeast-5,m8i,x86(Intel),Intel Xeon 6 6975P-C,32,128,1.7992,43.1808,302.266,1313.42
aws,ap-southeast-5,m8i,x86(Intel),Intel Xeon 6 6975P-C,48,192,2.6988,64.7712,453.398,1970.12
aws,ap-southeast-5,m8i,x86(Intel),Intel Xeon 6 6975P-C,64,256,3.5984,86.3616,604.531,2626.83
aws,ap-southeast-5,m8i,x86(Intel),Intel Xeon 6 6975P-C,96,384,5.3976,129.5424,906.797,3940.25
aws,ap-southeast-5,m8i,x86(Intel),Intel Xeon 6 6975P-C,128,512,7.1968,172.7232,1209.062,5253.66
aws,ap-southeast-5,m8i,x86(Intel),Intel Xeon 6 6975P-C,192,768,10.7952,259.0848,1813.594,7880.5
aws,ap-southeast-5,m8i,x86(Intel),Intel Xeon 6 6975P-C,384,1536,21.5904,518.1696,3627.187,15760.99
aws,ap-southeast-5,r6g,ARM,AWS Graviton2,1,8,0.0517,1.2408,8.686,37.74
aws,ap-southeast-5,r6g,ARM,AWS Graviton2,2,16,0.1034,2.4816,17.371,75.48
aws,ap-southeast-5,r6g,ARM,AWS Graviton2,4,32,0.2067,4.9608,34.726,150.89
aws,ap-southeast-5,r6g,ARM,AWS Graviton2,8,64,0.4134,9.9216,69.451,301.78
aws,ap-southeast-5,r6g,ARM,AWS Graviton2,16,128,0.8269,19.8456,138.919,603.64
aws,ap-southeast-5,r6g,ARM,AWS Graviton2,32,256,1.6538,39.6912,277.838,1207.27
aws,ap-southeast-5,r6g,ARM,AWS Graviton2,48,384,2.4806,59.5344,416.741,1810.84
aws,ap-southeast-5,r6g,ARM,AWS Graviton2,64,512,3.3075,79.38,555.66,2414.48
aws,ap-southeast-5,r6i,x86(Intel),Intel Xeon Platinum 8375C,2,16,0.1292,3.1008,21.706,94.32
aws,ap-southeast-5,r6i,x86(Intel),Intel Xeon Platinum 8375C,4,32,0.2584,6.2016,43.411,188.63
aws,ap-southeast-5,r6i,x86(Intel),Intel Xeon Platinum 8375C,8,64,0.5168,12.4032,86.822,377.26
aws,ap-southeast-5,r6i,x86(Intel),Intel Xeon Platinum 8375C,16,128,1.0336,24.8064,173.645,754.53
aws,ap-southeast-5,r6i,x86(Intel),Intel Xeon Platinum 8375C,32,256,2.0672,49.6128,347.29,1509.06
aws,ap-southeast-5,r6i,x86(Intel),Intel Xeon Platinum 8375C,48,384,3.1008,74.4192,520.934,2263.58
aws,ap-southeast-5,r6i,x86(Intel),Intel Xeon Platinum 8375C,64,512,4.1344,99.2256,694.579,3018.11
aws,ap-southeast-5,r6i,x86(Intel),Intel Xeon Platinum 8375C,96,768,6.2016,148.8384,1041.869,4527.17
aws,ap-southeast-5,r6i,x86(Intel),Intel Xeon Platinum 8375C,128,1024,8.2688,198.4512,1389.158,6036.22
aws,ap-southeast-5,r7g,ARM,AWS Graviton3,1,8,0.0549,1.3176,9.223,40.08
aws,ap-southeast-5,r7g,ARM,AWS Graviton3,2,16,0.1098,2.6352,18.446,80.15
aws,ap-southeast-5,r7g,ARM,AWS Graviton3,4,32,0.2196,5.2704,36.893,160.31
aws,ap-southeast-5,r7g,ARM,AWS Graviton3,8,64,0.4393,10.5432,73.802,320.69
aws,ap-southeast-5,r7g,ARM,AWS Graviton3,16,128,0.8786,21.0864,147.605,641.38
aws,ap-southeast-5,r7g,ARM,AWS Graviton3,32,256,1.7571,42.1704,295.193,1282.68
aws,ap-southeast-5,r7g,ARM,AWS Graviton3,48,384,2.6357,63.2568,442.798,1924.06
aws,ap-southeast-5,r7g,ARM,AWS Graviton3,64,512,3.5142,84.3408,590.386,2565.37
aws,ap-southeast-5,r7i,x86(Intel),Intel Xeon Platinum 8488C,2,16,0.13566,3.2558,22.791,99.03
aws,ap-southeast-5,r7i,x86(Intel),Intel Xeon Platinum 8488C,4,32,0.27132,6.5117,45.582,198.06
aws,ap-southeast-5,r7i,x86(Intel),Intel Xeon Platinum 8488C,8,64,0.54264,13.0234,91.164,396.13
aws,ap-southeast-5,r7i,x86(Intel),Intel Xeon Platinum 8488C,16,128,1.08528,26.0467,182.327,792.25
aws,ap-southeast-5,r7i,x86(Intel),Intel Xeon Platinum 8488C,32,256,2.17056,52.0934,364.654,1584.51
aws,ap-southeast-5,r7i,x86(Intel),Intel Xeon Platinum 8488C,48,384,3.25584,78.1402,546.981,2376.76
aws,ap-southeast-5,r7i,x86(Intel),Intel Xeon Platinum 8488C,64,512,4.34112,104.1869,729.308,3169.02
aws,ap-southeast-5,r7i,x86(Intel),Intel Xeon Platinum 8488C,96,768,6.51168,156.2803,1093.962,4753.53
aws,ap-southeast-5,r7i,x86(Intel),Intel Xeon Platinum 8488C,192,1536,13.02336,312.5606,2187.924,9507.05
aws,ap-southeast-5,r8g,ARM,AWS Graviton4,1,8,0.0604,1.4496,10.147,44.09
aws,ap-southeast-5,r8g,ARM,AWS Graviton4,2,16,0.1208,2.8992,20.294,88.18
aws,ap-southeast-5,r8g,ARM,AWS Graviton4,4,32,0.2416,5.7984,40.589,176.37
aws,ap-southeast-5,r8g,ARM,AWS Graviton4,8,64,0.4832,11.5968,81.178,352.74
aws,ap-southeast-5,r8g,ARM,AWS Graviton4,16,128,0.9664,23.1936,162.355,705.47
aws,ap-southeast-5,r8g,ARM,AWS Graviton4,32,256,1.9328,46.3872,324.71,1410.94
aws,ap-southeast-5,r8g,ARM,AWS Graviton4,48,384,2.8992,69.5808,487.066,2116.42
aws,ap-southeast-5,r8g,ARM,AWS Graviton4,64,512,3.8656,92.7744,649.421,2821.89
aws,ap-southeast-5,r8g,ARM,AWS Graviton4,96,768,5.7984,139.1616,974.131,4232.83
aws,ap-southeast-5,r8g,ARM,AWS Graviton4,192,1536,11.5968,278.3232,1948.262,8465.66
aws,ap-southeast-5,r8i,x86(Intel),Intel Xeon 6 6985P-C,2,16,0.14244,3.4186,23.93,103.98
aws,ap-southeast-5,r8i,x86(Intel),Intel Xeon 6 6985P-C,4,32,0.28488,6.8371,47.86,207.96
aws,ap-southeast-5,r8i,x86(Intel),Intel Xeon 6 6985P-C,8,64,0.56976,13.6742,95.72,415.92
aws,ap-southeast-5,r8i,x86(Intel),Intel Xeon 6 6985P-C,16,128,1.13952,27.3485,191.439,831.85
aws,ap-southeast-5,r8i,x86(Intel),Intel Xeon 6 6985P-C,32,256,2.27904,54.697,382.879,1663.7
aws,ap-southeast-5,r8i,x86(Intel),Intel Xeon 6 6985P-C,48,384,3.41856,82.0454,574.318,2495.55
aws,ap-southeast-5,r8i,x86(Intel),Intel Xeon 6 6985P-C,64,512,4.55808,109.3939,765.757,3327.4
aws,ap-southeast-5,r8i,x86(Intel),Intel Xeon 6 6985P-C,96,768,6.83712,164.0909,1148.636,4991.1
aws,ap-southeast-5,r8i,x86(Intel),Intel Xeon 6 6985P-C,128,1024,9.11616,218.7878,1531.515,6654.8
aws,ap-southeast-5,r8i,x86(Intel),Intel Xeon 6 6985P-C,192,1536,13.67424,328.1818,2297.272,9982.2
aws,ap-southeast-5,r8i,x86(Intel),Intel Xeon 6 6985P-C,384,3072,27.34848,656.3635,4594.545,19964.39
aws,ap-southeast-5,x8i,x86(Intel),Intel Xeon 6 6975P-C,2,32,0.28558,6.8539,47.977,208.47
aws,ap-southeast-5,x8i,x86(Intel),Intel Xeon 6 6975P-C,4,64,0.57116,13.7078,95.955,416.95
aws,ap-southeast-5,x8i,x86(Intel),Intel Xeon 6 6975P-C,8,128,1.14232,27.4157,191.91,833.89
aws,ap-southeast-5,x8i,x86(Intel),Intel Xeon 6 6975P-C,16,256,2.28464,54.8314,383.82,1667.79
aws,ap-southeast-5,x8i,x86(Intel),Intel Xeon 6 6975P-C,32,512,4.56928,109.6627,767.639,3335.57
aws,ap-southeast-5,x8i,x86(Intel),Intel Xeon 6 6975P-C,48,768,6.85392,164.4941,1151.459,5003.36
aws,ap-southeast-5,x8i,x86(Intel),Intel Xeon 6 6975P-C,64,1024,9.13856,219.3254,1535.278,6671.15
aws,ap-southeast-5,x8i,x86(Intel),Intel Xeon 6 6975P-C,96,1536,13.70784,328.9882,2302.917,10006.72
aws,ap-southeast-5,x8i,x86(Intel),Intel Xeon 6 6975P-C,128,2048,18.27712,438.6509,3070.556,13342.3
aws,ap-southeast-5,x8i,x86(Intel),Intel Xeon 6 6975P-C,192,3072,27.41568,657.9763,4605.834,20013.45
aws,ap-southeast-5,x8i,x86(Intel),Intel Xeon 6 6975P-C,256,4096,36.55424,877.3018,6141.112,26684.6
aws,ap-southeast-5,x8i,x86(Intel),Intel Xeon 6 6975P-C,384,6144,52.8323,1267.9752,8875.826,38567.58
aws,ap-southeast-6,c6g,ARM,AWS Graviton2,1,2,0.0466,1.1184,7.829,34.02
aws,ap-southeast-6,c6g,ARM,AWS Graviton2,2,4,0.0932,2.2368,15.658,68.04
aws,ap-southeast-6,c6g,ARM,AWS Graviton2,4,8,0.1865,4.476,31.332,136.15
aws,ap-southeast-6,c6g,ARM,AWS Graviton2,8,16,0.373,8.952,62.664,272.29
aws,ap-southeast-6,c6g,ARM,AWS Graviton2,16,32,0.7459,17.9016,125.311,544.51
aws,ap-southeast-6,c6g,ARM,AWS Graviton2,32,64,1.4918,35.8032,250.622,1089.01
aws,ap-southeast-6,c6g,ARM,AWS Graviton2,48,96,2.2378,53.7072,375.95,1633.59
aws,ap-southeast-6,c6g,ARM,AWS Graviton2,64,128,2.9837,71.6088,501.262,2178.1
aws,ap-southeast-6,c6i,x86(Intel),Intel Xeon Platinum 8375C,2,4,0.11655,2.7972,19.58,85.08
aws,ap-southeast-6,c6i,x86(Intel),Intel Xeon Platinum 8375C,4,8,0.2331,5.5944,39.161,170.16
aws,ap-southeast-6,c6i,x86(Intel),Intel Xeon Platinum 8375C,8,16,0.4662,11.1888,78.322,340.33
aws,ap-southeast-6,c6i,x86(Intel),Intel Xeon Platinum 8375C,16,32,0.9324,22.3776,156.643,680.65
aws,ap-southeast-6,c6i,x86(Intel),Intel Xeon Platinum 8375C,32,64,1.8648,44.7552,313.286,1361.3
aws,ap-southeast-6,c6i,x86(Intel),Intel Xeon Platinum 8375C,48,96,2.7972,67.1328,469.93,2041.96
aws,ap-southeast-6,c6i,x86(Intel),Intel Xeon Platinum 8375C,64,128,3.7296,89.5104,626.573,2722.61
aws,ap-southeast-6,c7g,ARM,AWS Graviton3,1,2,0.0495,1.188,8.316,36.14
aws,ap-southeast-6,c7g,ARM,AWS Graviton3,2,4,0.0991,2.3784,16.649,72.34
aws,ap-southeast-6,c7g,ARM,AWS Graviton3,4,8,0.1982,4.7568,33.298,144.69
aws,ap-southeast-6,c7g,ARM,AWS Graviton3,8,16,0.3963,9.5112,66.578,289.3
aws,ap-southeast-6,c7g,ARM,AWS Graviton3,16,32,0.7926,19.0224,133.157,578.6
aws,ap-southeast-6,c7g,ARM,AWS Graviton3,32,64,1.5853,38.0472,266.33,1157.27
aws,ap-southeast-6,c7g,ARM,AWS Graviton3,48,96,2.3779,57.0696,399.487,1735.87
aws,ap-southeast-6,c7g,ARM,AWS Graviton3,64,128,3.1706,76.0944,532.661,2314.54
aws,ap-southeast-6,c7i,x86(Intel),Intel Xeon Platinum 8488C,2,4,0.12238,2.9371,20.56,89.34
aws,ap-southeast-6,c7i,x86(Intel),Intel Xeon Platinum 8488C,4,8,0.24476,5.8742,41.12,178.67
aws,ap-southeast-6,c7i,x86(Intel),Intel Xeon Platinum 8488C,8,16,0.48952,11.7485,82.239,357.35
aws,ap-southeast-6,c7i,x86(Intel),Intel Xeon Platinum 8488C,16,32,0.97904,23.497,164.479,714.7
aws,ap-southeast-6,c7i,x86(Intel),Intel Xeon Platinum 8488C,32,64,1.95808,46.9939,328.957,1429.4
aws,ap-southeast-6,c7i,x86(Intel),Intel Xeon Platinum 8488C,48,96,2.93712,70.4909,493.436,2144.1
aws,ap-southeast-6,c7i,x86(Intel),Intel Xeon Platinum 8488C,64,128,3.91616,93.9878,657.915,2858.8
aws,ap-southeast-6,c7i,x86(Intel),Intel Xeon Platinum 8488C,96,192,5.87424,140.9818,986.872,4288.2
aws,ap-southeast-6,c7i,x86(Intel),Intel Xeon Platinum 8488C,192,384,11.74848,281.9635,1973.745,8576.39
aws,ap-southeast-6,c8i,x86(Intel),Intel Xeon 6 6975P-C,2,4,0.1285,3.084,21.588,93.8
aws,ap-southeast-6,c8i,x86(Intel),Intel Xeon 6 6975P-C,4,8,0.257,6.168,43.176,187.61
aws,ap-southeast-6,c8i,x86(Intel),Intel Xeon 6 6975P-C,8,16,0.514,12.336,86.352,375.22
aws,ap-southeast-6,c8i,x86(Intel),Intel Xeon 6 6975P-C,16,32,1.028,24.672,172.704,750.44
aws,ap-southeast-6,c8i,x86(Intel),Intel Xeon 6 6975P-C,32,64,2.056,49.344,345.408,1500.88
aws,ap-southeast-6,c8i,x86(Intel),Intel Xeon 6 6975P-C,48,96,3.084,74.016,518.112,2251.32
aws,ap-southeast-6,c8i,x86(Intel),Intel Xeon 6 6975P-C,64,128,4.112,98.688,690.816,3001.76
aws,ap-southeast-6,c8i,x86(Intel),Intel Xeon 6 6975P-C,96,192,6.168,148.032,1036.224,4502.64
aws,ap-southeast-6,c8i,x86(Intel),Intel Xeon 6 6975P-C,128,256,8.224,197.376,1381.632,6003.52
aws,ap-southeast-6,c8i,x86(Intel),Intel Xeon 6 6975P-C,192,384,12.336,296.064,2072.448,9005.28
aws,ap-southeast-6,c8i,x86(Intel),Intel Xeon 6 6975P-C,384,768,24.672,592.128,4144.896,18010.56
aws,ap-southeast-6,m6g,ARM,AWS Graviton2,1,4,0.0504,1.2096,8.467,36.79
aws,ap-southeast-6,m6g,ARM,AWS Graviton2,2,8,0.1008,2.4192,16.934,73.58
aws,ap-southeast-6,m6g,ARM,AWS Graviton2,4,16,0.2016,4.8384,33.869,147.17
aws,ap-southeast-6,m6g,ARM,AWS Graviton2,8,32,0.4032,9.6768,67.738,294.34
aws,ap-southeast-6,m6g,ARM,AWS Graviton2,16,64,0.8064,19.3536,135.475,588.67
aws,ap-southeast-6,m6g,ARM,AWS Graviton2,32,128,1.6128,38.7072,270.95,1177.34
aws,ap-southeast-6,m6g,ARM,AWS Graviton2,48,192,2.4192,58.0608,406.426,1766.02
aws,ap-southeast-6,m6g,ARM,AWS Graviton2,64,256,3.2256,77.4144,541.901,2354.69
aws,ap-southeast-6,m6i,x86(Intel),Intel Xeon Platinum 8375C,2,8,0.126,3.024,21.168,91.98
aws,ap-southeast-6,m6i,x86(Intel),Intel Xeon Platinum 8375C,4,16,0.252,6.048,42.336,183.96
aws,ap-southeast-6,m6i,x86(Intel),Intel Xeon Platinum 8375C,8,32,0.504,12.096,84.672,367.92
aws,ap-southeast-6,m6i,x86(Intel),Intel Xeon Platinum 8375C,16,64,1.008,24.192,169.344,735.84
aws,ap-southeast-6,m6i,x86(Intel),Intel Xeon Platinum 8375C,32,128,2.016,48.384,338.688,1471.68
aws,ap-southeast-6,m6i,x86(Intel),Intel Xeon Platinum 8375C,48,192,3.024,72.576,508.032,2207.52
aws,ap-southeast-6,m6i,x86(Intel),Intel Xeon Platinum 8375C,64,256,4.032,96.768,677.376,2943.36
aws,ap-southeast-6,m7g,ARM,AWS Graviton3,1,4,0.0536,1.2864,9.005,39.13
aws,ap-southeast-6,m7g,ARM,AWS Graviton3,2,8,0.1071,2.5704,17.993,78.18
aws,ap-southeast-6,m7g,ARM,AWS Graviton3,4,16,0.2142,5.1408,35.986,156.37
aws,ap-southeast-6,m7g,ARM,AWS Graviton3,8,32,0.4284,10.2816,71.971,312.73
aws,ap-southeast-6,m7g,ARM,AWS Graviton3,16,64,0.8568,20.5632,143.942,625.46
aws,ap-southeast-6,m7g,ARM,AWS Graviton3,32,128,1.7136,41.1264,287.885,1250.93
aws,ap-southeast-6,m7g,ARM,AWS Graviton3,48,192,2.5704,61.6896,431.827,1876.39
aws,ap-southeast-6,m7g,ARM,AWS Graviton3,64,256,3.4272,82.2528,575.77,2501.86
aws,ap-southeast-6,m7i,x86(Intel),Intel Xeon Platinum 8488C,2,8,0.1323,3.1752,22.226,96.58
aws,ap-southeast-6,m7i,x86(Intel),Intel Xeon Platinum 8488C,4,16,0.2646,6.3504,44.453,193.16
aws,ap-southeast-6,m7i,x86(Intel),Intel Xeon Platinum 8488C,8,32,0.5292,12.7008,88.906,386.32
aws,ap-southeast-6,m7i,x86(Intel),Intel Xeon Platinum 8488C,16,64,1.0584,25.4016,177.811,772.63
aws,ap-southeast-6,m7i,x86(Intel),Intel Xeon Platinum 8488C,32,128,2.1168,50.8032,355.622,1545.26
aws,ap-southeast-6,m7i,x86(Intel),Intel Xeon Platinum 8488C,48,192,3.1752,76.2048,533.434,2317.9
aws,ap-southeast-6,m7i,x86(Intel),Intel Xeon Platinum 8488C,64,256,4.2336,101.6064,711.245,3090.53
aws,ap-southeast-6,m7i,x86(Intel),Intel Xeon Platinum 8488C,96,384,6.3504,152.4096,1066.867,4635.79
aws,ap-southeast-6,m7i,x86(Intel),Intel Xeon Platinum 8488C,192,768,12.7008,304.8192,2133.734,9271.58
aws,ap-southeast-6,m8i,x86(Intel),Intel Xeon 6 6975P-C,2,8,0.13892,3.3341,23.339,101.41
aws,ap-southeast-6,m8i,x86(Intel),Intel Xeon 6 6975P-C,4,16,0.27784,6.6682,46.677,202.82
aws,ap-southeast-6,m8i,x86(Intel),Intel Xeon 6 6975P-C,8,32,0.55568,13.3363,93.354,405.65
aws,ap-southeast-6,m8i,x86(Intel),Intel Xeon 6 6975P-C,16,64,1.11136,26.6726,186.708,811.29
aws,ap-southeast-6,m8i,x86(Intel),Intel Xeon 6 6975P-C,32,128,2.22272,53.3453,373.417,1622.59
aws,ap-southeast-6,m8i,x86(Intel),Intel Xeon 6 6975P-C,48,192,3.33408,80.0179,560.125,2433.88
aws,ap-southeast-6,m8i,x86(Intel),Intel Xeon 6 6975P-C,64,256,4.44544,106.6906,746.834,3245.17
aws,ap-southeast-6,m8i,x86(Intel),Intel Xeon 6 6975P-C,96,384,6.66816,160.0358,1120.251,4867.76
aws,ap-southeast-6,m8i,x86(Intel),Intel Xeon 6 6975P-C,128,512,8.89088,213.3811,1493.668,6490.34
aws,ap-southeast-6,m8i,x86(Intel),Intel Xeon 6 6975P-C,192,768,13.33632,320.0717,2240.502,9735.51
aws,ap-southeast-6,m8i,x86(Intel),Intel Xeon 6 6975P-C,384,1536,26.67264,640.1434,4481.004,19471.03
aws,ap-southeast-6,r6g,ARM,AWS Graviton2,1,8,0.0634,1.5216,10.651,46.28
aws,ap-southeast-6,r6g,ARM,AWS Graviton2,2,16,0.1268,3.0432,21.302,92.56
aws,ap-southeast-6,r6g,ARM,AWS Graviton2,4,32,0.2537,6.0888,42.622,185.2
aws,ap-southeast-6,r6g,ARM,AWS Graviton2,8,64,0.5074,12.1776,85.243,370.4
aws,ap-southeast-6,r6g,ARM,AWS Graviton2,16,128,1.0147,24.3528,170.47,740.73
aws,ap-southeast-6,r6g,ARM,AWS Graviton2,32,256,2.0294,48.7056,340.939,1481.46
aws,ap-southeast-6,r6g,ARM,AWS Graviton2,48,384,3.0442,73.0608,511.426,2222.27
aws,ap-southeast-6,r6g,ARM,AWS Graviton2,64,512,4.0589,97.4136,681.895,2963.0
aws,ap-southeast-6,r6i,x86(Intel),Intel Xeon Platinum 8375C,2,16,0.15855,3.8052,26.636,115.74
aws,ap-southeast-6,r6i,x86(Intel),Intel Xeon Platinum 8375C,4,32,0.3171,7.6104,53.273,231.48
aws,ap-southeast-6,r6i,x86(Intel),Intel Xeon Platinum 8375C,8,64,0.6342,15.2208,106.546,462.97
aws,ap-southeast-6,r6i,x86(Intel),Intel Xeon Platinum 8375C,16,128,1.2684,30.4416,213.091,925.93
aws,ap-southeast-6,r6i,x86(Intel),Intel Xeon Platinum 8375C,32,256,2.5368,60.8832,426.182,1851.86
aws,ap-southeast-6,r6i,x86(Intel),Intel Xeon Platinum 8375C,48,384,3.8052,91.3248,639.274,2777.8
aws,ap-southeast-6,r6i,x86(Intel),Intel Xeon Platinum 8375C,64,512,5.0736,121.7664,852.365,3703.73
aws,ap-southeast-6,r7g,ARM,AWS Graviton3,1,8,0.0674,1.6176,11.323,49.2
aws,ap-southeast-6,r7g,ARM,AWS Graviton3,2,16,0.1348,3.2352,22.646,98.4
aws,ap-southeast-6,r7g,ARM,AWS Graviton3,4,32,0.2696,6.4704,45.293,196.81
aws,ap-southeast-6,r7g,ARM,AWS Graviton3,8,64,0.5391,12.9384,90.569,393.54
aws,ap-southeast-6,r7g,ARM,AWS Graviton3,16,128,1.0782,25.8768,181.138,787.09
aws,ap-southeast-6,r7g,ARM,AWS Graviton3,32,256,2.1565,51.756,362.292,1574.24
aws,ap-southeast-6,r7g,ARM,AWS Graviton3,48,384,3.2347,77.6328,543.43,2361.33
aws,ap-southeast-6,r7g,ARM,AWS Graviton3,64,512,4.313,103.512,724.584,3148.49
aws,ap-southeast-6,r7i,x86(Intel),Intel Xeon Platinum 8488C,2,16,0.16648,3.9955,27.969,121.53
aws,ap-southeast-6,r7i,x86(Intel),Intel Xeon Platinum 8488C,4,32,0.33296,7.991,55.937,243.06
aws,ap-southeast-6,r7i,x86(Intel),Intel Xeon Platinum 8488C,8,64,0.66592,15.9821,111.875,486.12
aws,ap-southeast-6,r7i,x86(Intel),Intel Xeon Platinum 8488C,16,128,1.33184,31.9642,223.749,972.24
aws,ap-southeast-6,r7i,x86(Intel),Intel Xeon Platinum 8488C,32,256,2.66368,63.9283,447.498,1944.49
aws,ap-southeast-6,r7i,x86(Intel),Intel Xeon Platinum 8488C,48,384,3.99552,95.8925,671.247,2916.73
aws,ap-southeast-6,r7i,x86(Intel),Intel Xeon Platinum 8488C,64,512,5.32736,127.8566,894.996,3888.97
aws,ap-southeast-6,r7i,x86(Intel),Intel Xeon Platinum 8488C,96,768,7.99104,191.785,1342.495,5833.46
aws,ap-southeast-6,r7i,x86(Intel),Intel Xeon Platinum 8488C,192,1536,15.98208,383.5699,2684.989,11666.92
aws,ap-southeast-6,r8g,ARM,AWS Graviton4,1,8,0.07413,1.7791,12.454,54.11
aws,ap-southeast-6,r8g,ARM,AWS Graviton4,2,16,0.14826,3.5582,24.908,108.23
aws,ap-southeast-6,r8g,ARM,AWS Graviton4,4,32,0.29652,7.1165,49.815,216.46
aws,ap-southeast-6,r8g,ARM,AWS Graviton4,8,64,0.59304,14.233,99.631,432.92
aws,ap-southeast-6,r8g,ARM,AWS Graviton4,16,128,1.18608,28.4659,199.261,865.84
aws,ap-southeast-6,r8g,ARM,AWS Graviton4,32,256,2.37216,56.9318,398.523,1731.68
aws,ap-southeast-6,r8g,ARM,AWS Graviton4,48,384,3.55824,85.3978,597.784,2597.52
aws,ap-southeast-6,r8g,ARM,AWS Graviton4,64,512,4.74432,113.8637,797.046,3463.35
aws,ap-southeast-6,r8g,ARM,AWS Graviton4,96,768,7.11648,170.7955,1195.569,5195.03
aws,ap-southeast-6,r8g,ARM,AWS Graviton4,192,1536,14.23296,341.591,2391.137,10390.06
aws,ap-southeast-6,r8i,x86(Intel),Intel Xeon 6 6985P-C,2,16,0.1748,4.1952,29.366,127.6
aws,ap-southeast-6,r8i,x86(Intel),Intel Xeon 6 6985P-C,4,32,0.3496,8.3904,58.733,255.21
aws,ap-southeast-6,r8i,x86(Intel),Intel Xeon 6 6985P-C,8,64,0.6992,16.7808,117.466,510.42
aws,ap-southeast-6,r8i,x86(Intel),Intel Xeon 6 6985P-C,16,128,1.3984,33.5616,234.931,1020.83
aws,ap-southeast-6,r8i,x86(Intel),Intel Xeon 6 6985P-C,32,256,2.7968,67.1232,469.862,2041.66
aws,ap-southeast-6,r8i,x86(Intel),Intel Xeon 6 6985P-C,48,384,4.1952,100.6848,704.794,3062.5
aws,ap-southeast-6,r8i,x86(Intel),Intel Xeon 6 6985P-C,64,512,5.5936,134.2464,939.725,4083.33
aws,ap-southeast-6,r8i,x86(Intel),Intel Xeon 6 6985P-C,96,768,8.3904,201.3696,1409.587,6124.99
aws,ap-southeast-6,r8i,x86(Intel),Intel Xeon 6 6985P-C,128,1024,11.1872,268.4928,1879.45,8166.66
aws,ap-southeast-6,r8i,x86(Intel),Intel Xeon 6 6985P-C,192,1536,16.7808,402.7392,2819.174,12249.98
aws,ap-southeast-6,r8i,x86(Intel),Intel Xeon 6 6985P-C,384,3072,33.5616,805.4784,5638.349,24499.97
aws,ap-southeast-7,c6g,ARM,AWS Graviton2,1,2,0.0333,0.7992,5.594,24.31
aws,ap-southeast-7,c6g,ARM,AWS Graviton2,2,4,0.0666,1.5984,11.189,48.62
aws,ap-southeast-7,c6g,ARM,AWS Graviton2,4,8,0.1333,3.1992,22.394,97.31
aws,ap-southeast-7,c6g,ARM,AWS Graviton2,8,16,0.2666,6.3984,44.789,194.62
aws,ap-southeast-7,c6g,ARM,AWS Graviton2,16,32,0.5331,12.7944,89.561,389.16
aws,ap-southeast-7,c6g,ARM,AWS Graviton2,32,64,1.0662,25.5888,179.122,778.33
aws,ap-southeast-7,c6g,ARM,AWS Graviton2,48,96,1.5994,38.3856,268.699,1167.56
aws,ap-southeast-7,c6g,ARM,AWS Graviton2,64,128,2.1325,51.18,358.26,1556.72
aws,ap-southeast-7,c6i,x86(Intel),Intel Xeon Platinum 8375C,2,4,0.0833,1.9992,13.994,60.81
aws,ap-southeast-7,c6i,x86(Intel),Intel Xeon Platinum 8375C,4,8,0.1666,3.9984,27.989,121.62
aws,ap-southeast-7,c6i,x86(Intel),Intel Xeon Platinum 8375C,8,16,0.3332,7.9968,55.978,243.24
aws,ap-southeast-7,c6i,x86(Intel),Intel Xeon Platinum 8375C,16,32,0.6664,15.9936,111.955,486.47
aws,ap-southeast-7,c6i,x86(Intel),Intel Xeon Platinum 8375C,32,64,1.3328,31.9872,223.91,972.94
aws,ap-southeast-7,c6i,x86(Intel),Intel Xeon Platinum 8375C,48,96,1.9992,47.9808,335.866,1459.42
aws,ap-southeast-7,c6i,x86(Intel),Intel Xeon Platinum 8375C,64,128,2.6656,63.9744,447.821,1945.89
aws,ap-southeast-7,c6i,x86(Intel),Intel Xeon Platinum 8375C,96,192,3.9984,95.9616,671.731,2918.83
aws,ap-southeast-7,c6i,x86(Intel),Intel Xeon Platinum 8375C,128,256,5.3312,127.9488,895.642,3891.78
aws,ap-southeast-7,c7g,ARM,AWS Graviton3,1,2,0.0354,0.8496,5.947,25.84
aws,ap-southeast-7,c7g,ARM,AWS Graviton3,2,4,0.0708,1.6992,11.894,51.68
aws,ap-southeast-7,c7g,ARM,AWS Graviton3,4,8,0.1416,3.3984,23.789,103.37
aws,ap-southeast-7,c7g,ARM,AWS Graviton3,8,16,0.2832,6.7968,47.578,206.74
aws,ap-southeast-7,c7g,ARM,AWS Graviton3,16,32,0.5664,13.5936,95.155,413.47
aws,ap-southeast-7,c7g,ARM,AWS Graviton3,32,64,1.1328,27.1872,190.31,826.94
aws,ap-southeast-7,c7g,ARM,AWS Graviton3,48,96,1.6992,40.7808,285.466,1240.42
aws,ap-southeast-7,c7g,ARM,AWS Graviton3,64,128,2.2656,54.3744,380.621,1653.89
aws,ap-southeast-7,c7i,x86(Intel),Intel Xeon Platinum 8488C,2,4,0.08747,2.0993,14.695,63.85
aws,ap-southeast-7,c7i,x86(Intel),Intel Xeon Platinum 8488C,4,8,0.17494,4.1986,29.39,127.71
aws,ap-southeast-7,c7i,x86(Intel),Intel Xeon Platinum 8488C,8,16,0.34988,8.3971,58.78,255.41
aws,ap-southeast-7,c7i,x86(Intel),Intel Xeon Platinum 8488C,16,32,0.69976,16.7942,117.56,510.82
aws,ap-southeast-7,c7i,x86(Intel),Intel Xeon Platinum 8488C,32,64,1.39952,33.5885,235.119,1021.65
aws,ap-southeast-7,c7i,x86(Intel),Intel Xeon Platinum 8488C,48,96,2.09928,50.3827,352.679,1532.47
aws,ap-southeast-7,c7i,x86(Intel),Intel Xeon Platinum 8488C,64,128,2.79904,67.177,470.239,2043.3
aws,ap-southeast-7,c7i,x86(Intel),Intel Xeon Platinum 8488C,96,192,4.19856,100.7654,705.358,3064.95
aws,ap-southeast-7,c7i,x86(Intel),Intel Xeon Platinum 8488C,192,384,8.39712,201.5309,1410.716,6129.9
aws,ap-southeast-7,c8g,ARM,AWS Graviton4,1,2,0.03894,0.9346,6.542,28.43
aws,ap-southeast-7,c8g,ARM,AWS Graviton4,2,4,0.07788,1.8691,13.084,56.85
aws,ap-southeast-7,c8g,ARM,AWS Graviton4,4,8,0.15576,3.7382,26.168,113.7
aws,ap-southeast-7,c8g,ARM,AWS Graviton4,8,16,0.31152,7.4765,52.335,227.41
aws,ap-southeast-7,c8g,ARM,AWS Graviton4,16,32,0.62304,14.953,104.671,454.82
aws,ap-southeast-7,c8g,ARM,AWS Graviton4,32,64,1.24608,29.9059,209.341,909.64
aws,ap-southeast-7,c8g,ARM,AWS Graviton4,48,96,1.86912,44.8589,314.012,1364.46
aws,ap-southeast-7,c8g,ARM,AWS Graviton4,64,128,2.49216,59.8118,418.683,1819.28
aws,ap-southeast-7,c8g,ARM,AWS Graviton4,96,192,3.73824,89.7178,628.024,2728.92
aws,ap-southeast-7,c8g,ARM,AWS Graviton4,192,384,7.47648,179.4355,1256.049,5457.83
aws,ap-southeast-7,m6g,ARM,AWS Graviton2,1,4,0.0408,0.9792,6.854,29.78
aws,ap-southeast-7,m6g,ARM,AWS Graviton2,2,8,0.0816,1.9584,13.709,59.57
aws,ap-southeast-7,m6g,ARM,AWS Graviton2,4,16,0.1632,3.9168,27.418,119.14
aws,ap-southeast-7,m6g,ARM,AWS Graviton2,8,32,0.3264,7.8336,54.835,238.27
aws,ap-southeast-7,m6g,ARM,AWS Graviton2,16,64,0.6528,15.6672,109.67,476.54
aws,ap-southeast-7,m6g,ARM,AWS Graviton2,32,128,1.3056,31.3344,219.341,953.09
aws,ap-southeast-7,m6g,ARM,AWS Graviton2,48,192,1.9584,47.0016,329.011,1429.63
aws,ap-southeast-7,m6g,ARM,AWS Graviton2,64,256,2.6112,62.6688,438.682,1906.18
aws,ap-southeast-7,m6i,x86(Intel),Intel Xeon Platinum 8375C,2,8,0.102,2.448,17.136,74.46
aws,ap-southeast-7,m6i,x86(Intel),Intel Xeon Platinum 8375C,4,16,0.204,4.896,34.272,148.92
aws,ap-southeast-7,m6i,x86(Intel),Intel Xeon Platinum 8375C,8,32,0.408,9.792,68.544,297.84
aws,ap-southeast-7,m6i,x86(Intel),Intel Xeon Platinum 8375C,16,64,0.816,19.584,137.088,595.68
aws,ap-southeast-7,m6i,x86(Intel),Intel Xeon Platinum 8375C,32,128,1.632,39.168,274.176,1191.36
aws,ap-southeast-7,m6i,x86(Intel),Intel Xeon Platinum 8375C,48,192,2.448,58.752,411.264,1787.04
aws,ap-southeast-7,m6i,x86(Intel),Intel Xeon Platinum 8375C,64,256,3.264,78.336,548.352,2382.72
aws,ap-southeast-7,m6i,x86(Intel),Intel Xeon Platinum 8375C,96,384,4.896,117.504,822.528,3574.08
aws,ap-southeast-7,m6i,x86(Intel),Intel Xeon Platinum 8375C,128,512,6.528,156.672,1096.704,4765.44
aws,ap-southeast-7,m7g,ARM,AWS Graviton3,1,4,0.0434,1.0416,7.291,31.68
aws,ap-southeast-7,m7g,ARM,AWS Graviton3,2,8,0.0867,2.0808,14.566,63.29
aws,ap-southeast-7,m7g,ARM,AWS Graviton3,4,16,0.1734,4.1616,29.131,126.58
aws,ap-southeast-7,m7g,ARM,AWS Graviton3,8,32,0.3468,8.3232,58.262,253.16
aws,ap-southeast-7,m7g,ARM,AWS Graviton3,16,64,0.6936,16.6464,116.525,506.33
aws,ap-southeast-7,m7g,ARM,AWS Graviton3,32,128,1.3872,33.2928,233.05,1012.66
aws,ap-southeast-7,m7g,ARM,AWS Graviton3,48,192,2.0808,49.9392,349.574,1518.98
aws,ap-southeast-7,m7g,ARM,AWS Graviton3,64,256,2.7744,66.5856,466.099,2025.31
aws,ap-southeast-7,m7i,x86(Intel),Intel Xeon Platinum 8488C,2,8,0.1071,2.5704,17.993,78.18
aws,ap-southeast-7,m7i,x86(Intel),Intel Xeon Platinum 8488C,4,16,0.2142,5.1408,35.986,156.37
aws,ap-southeast-7,m7i,x86(Intel),Intel Xeon Platinum 8488C,8,32,0.4284,10.2816,71.971,312.73
aws,ap-southeast-7,m7i,x86(Intel),Intel Xeon Platinum 8488C,16,64,0.8568,20.5632,143.942,625.46
aws,ap-southeast-7,m7i,x86(Intel),Intel Xeon Platinum 8488C,32,128,1.7136,41.1264,287.885,1250.93
aws,ap-southeast-7,m7i,x86(Intel),Intel Xeon Platinum 8488C,48,192,2.5704,61.6896,431.827,1876.39
aws,ap-southeast-7,m7i,x86(Intel),Intel Xeon Platinum 8488C,64,256,3.4272,82.2528,575.77,2501.86
aws,ap-southeast-7,m7i,x86(Intel),Intel Xeon Platinum 8488C,96,384,5.1408,123.3792,863.654,3752.78
aws,ap-southeast-7,m7i,x86(Intel),Intel Xeon Platinum 8488C,192,768,10.2816,246.7584,1727.309,7505.57
aws,ap-southeast-7,m8g,ARM,AWS Graviton4,1,4,0.04769,1.1446,8.012,34.81
aws,ap-southeast-7,m8g,ARM,AWS Graviton4,2,8,0.09538,2.2891,16.024,69.63
aws,ap-southeast-7,m8g,ARM,AWS Graviton4,4,16,0.19076,4.5782,32.048,139.25
aws,ap-southeast-7,m8g,ARM,AWS Graviton4,8,32,0.38152,9.1565,64.095,278.51
aws,ap-southeast-7,m8g,ARM,AWS Graviton4,16,64,0.76304,18.313,128.191,557.02
aws,ap-southeast-7,m8g,ARM,AWS Graviton4,32,128,1.52608,36.6259,256.381,1114.04
aws,ap-southeast-7,m8g,ARM,AWS Graviton4,48,192,2.28912,54.9389,384.572,1671.06
aws,ap-southeast-7,m8g,ARM,AWS Graviton4,64,256,3.05216,73.2518,512.763,2228.08
aws,ap-southeast-7,m8g,ARM,AWS Graviton4,96,384,4.57824,109.8778,769.144,3342.12
aws,ap-southeast-7,m8g,ARM,AWS Graviton4,192,768,9.15648,219.7555,1538.289,6684.23
aws,ap-southeast-7,r6g,ARM,AWS Graviton2,1,8,0.0517,1.2408,8.686,37.74
aws,ap-southeast-7,r6g,ARM,AWS Graviton2,2,16,0.1034,2.4816,17.371,75.48
aws,ap-southeast-7,r6g,ARM,AWS Graviton2,4,32,0.2067,4.9608,34.726,150.89
aws,ap-southeast-7,r6g,ARM,AWS Graviton2,8,64,0.4134,9.9216,69.451,301.78
aws,ap-southeast-7,r6g,ARM,AWS Graviton2,16,128,0.8269,19.8456,138.919,603.64
aws,ap-southeast-7,r6g,ARM,AWS Graviton2,32,256,1.6538,39.6912,277.838,1207.27
aws,ap-southeast-7,r6g,ARM,AWS Graviton2,48,384,2.4806,59.5344,416.741,1810.84
aws,ap-southeast-7,r6g,ARM,AWS Graviton2,64,512,3.3075,79.38,555.66,2414.48
aws,ap-southeast-7,r6i,x86(Intel),Intel Xeon Platinum 8375C,2,16,0.1292,3.1008,21.706,94.32
aws,ap-southeast-7,r6i,x86(Intel),Intel Xeon Platinum 8375C,4,32,0.2584,6.2016,43.411,188.63
aws,ap-southeast-7,r6i,x86(Intel),Intel Xeon Platinum 8375C,8,64,0.5168,12.4032,86.822,377.26
aws,ap-southeast-7,r6i,x86(Intel),Intel Xeon Platinum 8375C,16,128,1.0336,24.8064,173.645,754.53
aws,ap-southeast-7,r6i,x86(Intel),Intel Xeon Platinum 8375C,32,256,2.0672,49.6128,347.29,1509.06
aws,ap-southeast-7,r6i,x86(Intel),Intel Xeon Platinum 8375C,48,384,3.1008,74.4192,520.934,2263.58
aws,ap-southeast-7,r6i,x86(Intel),Intel Xeon Platinum 8375C,64,512,4.1344,99.2256,694.579,3018.11
aws,ap-southeast-7,r6i,x86(Intel),Intel Xeon Platinum 8375C,96,768,6.2016,148.8384,1041.869,4527.17
aws,ap-southeast-7,r6i,x86(Intel),Intel Xeon Platinum 8375C,128,1024,8.2688,198.4512,1389.158,6036.22
aws,ap-southeast-7,r7g,ARM,AWS Graviton3,1,8,0.0549,1.3176,9.223,40.08
aws,ap-southeast-7,r7g,ARM,AWS Graviton3,2,16,0.1098,2.6352,18.446,80.15
aws,ap-southeast-7,r7g,ARM,AWS Graviton3,4,32,0.2196,5.2704,36.893,160.31
aws,ap-southeast-7,r7g,ARM,AWS Graviton3,8,64,0.4393,10.5432,73.802,320.69
aws,ap-southeast-7,r7g,ARM,AWS Graviton3,16,128,0.8786,21.0864,147.605,641.38
aws,ap-southeast-7,r7g,ARM,AWS Graviton3,32,256,1.7571,42.1704,295.193,1282.68
aws,ap-southeast-7,r7g,ARM,AWS Graviton3,48,384,2.6357,63.2568,442.798,1924.06
aws,ap-southeast-7,r7g,ARM,AWS Graviton3,64,512,3.5142,84.3408,590.386,2565.37
aws,ap-southeast-7,r7i,x86(Intel),Intel Xeon Platinum 8488C,2,16,0.13566,3.2558,22.791,99.03
aws,ap-southeast-7,r7i,x86(Intel),Intel Xeon Platinum 8488C,4,32,0.27132,6.5117,45.582,198.06
aws,ap-southeast-7,r7i,x86(Intel),Intel Xeon Platinum 8488C,8,64,0.54264,13.0234,91.164,396.13
aws,ap-southeast-7,r7i,x86(Intel),Intel Xeon Platinum 8488C,16,128,1.08528,26.0467,182.327,792.25
aws,ap-southeast-7,r7i,x86(Intel),Intel Xeon Platinum 8488C,32,256,2.17056,52.0934,364.654,1584.51
aws,ap-southeast-7,r7i,x86(Intel),Intel Xeon Platinum 8488C,48,384,3.25584,78.1402,546.981,2376.76
aws,ap-southeast-7,r7i,x86(Intel),Intel Xeon Platinum 8488C,64,512,4.34112,104.1869,729.308,3169.02
aws,ap-southeast-7,r7i,x86(Intel),Intel Xeon Platinum 8488C,96,768,6.51168,156.2803,1093.962,4753.53
aws,ap-southeast-7,r7i,x86(Intel),Intel Xeon Platinum 8488C,192,1536,13.02336,312.5606,2187.924,9507.05
aws,ap-southeast-7,r8g,ARM,AWS Graviton4,1,8,0.0604,1.4496,10.147,44.09
aws,ap-southeast-7,r8g,ARM,AWS Graviton4,2,16,0.1208,2.8992,20.294,88.18
aws,ap-southeast-7,r8g,ARM,AWS Graviton4,4,32,0.2416,5.7984,40.589,176.37
aws,ap-southeast-7,r8g,ARM,AWS Graviton4,8,64,0.4832,11.5968,81.178,352.74
aws,ap-southeast-7,r8g,ARM,AWS Graviton4,16,128,0.9664,23.1936,162.355,705.47
aws,ap-southeast-7,r8g,ARM,AWS Graviton4,32,256,1.9328,46.3872,324.71,1410.94
aws,ap-southeast-7,r8g,ARM,AWS Graviton4,48,384,2.8992,69.5808,487.066,2116.42
aws,ap-southeast-7,r8g,ARM,AWS Graviton4,64,512,3.8656,92.7744,649.421,2821.89
aws,ap-southeast-7,r8g,ARM,AWS Graviton4,96,768,5.7984,139.1616,974.131,4232.83
aws,ap-southeast-7,r8g,ARM,AWS Graviton4,192,1536,11.5968,278.3232,1948.262,8465.66
aws,ca-central-1,c6a,x86(AMD),AMD EPYC 7R13,2,4,0.0837,2.0088,14.062,61.1
aws,ca-central-1,c6a,x86(AMD),AMD EPYC 7R13,4,8,0.1674,4.0176,28.123,122.2
aws,ca-central-1,c6a,x86(AMD),AMD EPYC 7R13,8,16,0.3348,8.0352,56.246,244.4
aws,ca-central-1,c6a,x86(AMD),AMD EPYC 7R13,16,32,0.6696,16.0704,112.493,488.81
aws,ca-central-1,c6a,x86(AMD),AMD EPYC 7R13,32,64,1.3392,32.1408,224.986,977.62
aws,ca-central-1,c6a,x86(AMD),AMD EPYC 7R13,48,96,2.0088,48.2112,337.478,1466.42
aws,ca-central-1,c6a,x86(AMD),AMD EPYC 7R13,64,128,2.6784,64.2816,449.971,1955.23
aws,ca-central-1,c6a,x86(AMD),AMD EPYC 7R13,96,192,4.0176,96.4224,674.957,2932.85
aws,ca-central-1,c6a,x86(AMD),AMD EPYC 7R13,128,256,5.3568,128.5632,899.942,3910.46
aws,ca-central-1,c6a,x86(AMD),AMD EPYC 7R13,192,384,8.0352,192.8448,1349.914,5865.7
aws,ca-central-1,c6g,ARM,AWS Graviton2,1,2,0.0372,0.8928,6.25,27.16
aws,ca-central-1,c6g,ARM,AWS Graviton2,2,4,0.0744,1.7856,12.499,54.31
aws,ca-central-1,c6g,ARM,AWS Graviton2,4,8,0.1488,3.5712,24.998,108.62
aws,ca-central-1,c6g,ARM,AWS Graviton2,8,16,0.2976,7.1424,49.997,217.25
aws,ca-central-1,c6g,ARM,AWS Graviton2,16,32,0.5952,14.2848,99.994,434.5
aws,ca-central-1,c6g,ARM,AWS Graviton2,32,64,1.1904,28.5696,199.987,868.99
aws,ca-central-1,c6g,ARM,AWS Graviton2,48,96,1.7856,42.8544,299.981,1303.49
aws,ca-central-1,c6g,ARM,AWS Graviton2,64,128,2.3808,57.1392,399.974,1737.98
aws,ca-central-1,c6i,x86(Intel),Intel Xeon Platinum 8375C,2,4,0.093,2.232,15.624,67.89
aws,ca-central-1,c6i,x86(Intel),Intel Xeon Platinum 8375C,4,8,0.186,4.464,31.248,135.78
aws,ca-central-1,c6i,x86(Intel),Intel Xeon Platinum 8375C,8,16,0.372,8.928,62.496,271.56
aws,ca-central-1,c6i,x86(Intel),Intel Xeon Platinum 8375C,16,32,0.744,17.856,124.992,543.12
aws,ca-central-1,c6i,x86(Intel),Intel Xeon Platinum 8375C,32,64,1.488,35.712,249.984,1086.24
aws,ca-central-1,c6i,x86(Intel),Intel Xeon Platinum 8375C,48,96,2.232,53.568,374.976,1629.36
aws,ca-central-1,c6i,x86(Intel),Intel Xeon Platinum 8375C,64,128,2.976,71.424,499.968,2172.48
aws,ca-central-1,c6i,x86(Intel),Intel Xeon Platinum 8375C,96,192,4.464,107.136,749.952,3258.72
aws,ca-central-1,c6i,x86(Intel),Intel Xeon Platinum 8375C,128,256,5.952,142.848,999.936,4344.96
aws,ca-central-1,c7g,ARM,AWS Graviton3,1,2,0.0395,0.948,6.636,28.84
aws,ca-central-1,c7g,ARM,AWS Graviton3,2,4,0.0791,1.8984,13.289,57.74
aws,ca-central-1,c7g,ARM,AWS Graviton3,4,8,0.1581,3.7944,26.561,115.41
aws,ca-central-1,c7g,ARM,AWS Graviton3,8,16,0.3162,7.5888,53.122,230.83
aws,ca-central-1,c7g,ARM,AWS Graviton3,16,32,0.6325,15.18,106.26,461.72
aws,ca-central-1,c7g,ARM,AWS Graviton3,32,64,1.265,30.36,212.52,923.45
aws,ca-central-1,c7g,ARM,AWS Graviton3,48,96,1.8974,45.5376,318.763,1385.1
aws,ca-central-1,c7g,ARM,AWS Graviton3,64,128,2.5299,60.7176,425.023,1846.83
aws,ca-central-1,c7i,x86(Intel),Intel Xeon Platinum 8488C,2,4,0.09765,2.3436,16.405,71.28
aws,ca-central-1,c7i,x86(Intel),Intel Xeon Platinum 8488C,4,8,0.1953,4.6872,32.81,142.57
aws,ca-central-1,c7i,x86(Intel),Intel Xeon Platinum 8488C,8,16,0.3906,9.3744,65.621,285.14
aws,ca-central-1,c7i,x86(Intel),Intel Xeon Platinum 8488C,16,32,0.7812,18.7488,131.242,570.28
aws,ca-central-1,c7i,x86(Intel),Intel Xeon Platinum 8488C,32,64,1.5624,37.4976,262.483,1140.55
aws,ca-central-1,c7i,x86(Intel),Intel Xeon Platinum 8488C,48,96,2.3436,56.2464,393.725,1710.83
aws,ca-central-1,c7i,x86(Intel),Intel Xeon Platinum 8488C,64,128,3.1248,74.9952,524.966,2281.1
aws,ca-central-1,c7i,x86(Intel),Intel Xeon Platinum 8488C,96,192,4.6872,112.4928,787.45,3421.66
aws,ca-central-1,c7i,x86(Intel),Intel Xeon Platinum 8488C,192,384,9.3744,224.9856,1574.899,6843.31
aws,ca-central-1,c8g,ARM,AWS Graviton4,1,2,0.04348,1.0435,7.305,31.74
aws,ca-central-1,c8g,ARM,AWS Graviton4,2,4,0.08696,2.087,14.609,63.48
aws,ca-central-1,c8g,ARM,AWS Graviton4,4,8,0.17392,4.1741,29.219,126.96
aws,ca-central-1,c8g,ARM,AWS Graviton4,8,16,0.34784,8.3482,58.437,253.92
aws,ca-central-1,c8g,ARM,AWS Graviton4,16,32,0.69568,16.6963,116.874,507.85
aws,ca-central-1,c8g,ARM,AWS Graviton4,32,64,1.39136,33.3926,233.748,1015.69
aws,ca-central-1,c8g,ARM,AWS Graviton4,48,96,2.08704,50.089,350.623,1523.54
aws,ca-central-1,c8g,ARM,AWS Graviton4,64,128,2.78272,66.7853,467.497,2031.39
aws,ca-central-1,c8g,ARM,AWS Graviton4,96,192,4.17408,100.1779,701.245,3047.08
aws,ca-central-1,c8g,ARM,AWS Graviton4,192,384,8.34816,200.3558,1402.491,6094.16
aws,ca-central-1,c8i,x86(Intel),Intel Xeon 6 6975P-C,2,4,0.10253,2.4607,17.225,74.85
aws,ca-central-1,c8i,x86(Intel),Intel Xeon 6 6975P-C,4,8,0.20506,4.9214,34.45,149.69
aws,ca-central-1,c8i,x86(Intel),Intel Xeon 6 6975P-C,8,16,0.41012,9.8429,68.9,299.39
aws,ca-central-1,c8i,x86(Intel),Intel Xeon 6 6975P-C,16,32,0.82024,19.6858,137.8,598.78
aws,ca-central-1,c8i,x86(Intel),Intel Xeon 6 6975P-C,32,64,1.64048,39.3715,275.601,1197.55
aws,ca-central-1,c8i,x86(Intel),Intel Xeon 6 6975P-C,48,96,2.46072,59.0573,413.401,1796.33
aws,ca-central-1,c8i,x86(Intel),Intel Xeon 6 6975P-C,64,128,3.28096,78.743,551.201,2395.1
aws,ca-central-1,c8i,x86(Intel),Intel Xeon 6 6975P-C,96,192,4.92144,118.1146,826.802,3592.65
aws,ca-central-1,c8i,x86(Intel),Intel Xeon 6 6975P-C,128,256,6.56192,157.4861,1102.403,4790.2
aws,ca-central-1,c8i,x86(Intel),Intel Xeon 6 6975P-C,192,384,9.84288,236.2291,1653.604,7185.3
aws,ca-central-1,c8i,x86(Intel),Intel Xeon 6 6975P-C,384,768,19.68576,472.4582,3307.208,14370.6
aws,ca-central-1,m6a,x86(AMD),AMD EPYC 7R13,2,8,0.0963,2.3112,16.178,70.3
aws,ca-central-1,m6a,x86(AMD),AMD EPYC 7R13,4,16,0.1926,4.6224,32.357,140.6
aws,ca-central-1,m6a,x86(AMD),AMD EPYC 7R13,8,32,0.3852,9.2448,64.714,281.2
aws,ca-central-1,m6a,x86(AMD),AMD EPYC 7R13,16,64,0.7704,18.4896,129.427,562.39
aws,ca-central-1,m6a,x86(AMD),AMD EPYC 7R13,32,128,1.5408,36.9792,258.854,1124.78
aws,ca-central-1,m6a,x86(AMD),AMD EPYC 7R13,48,192,2.3112,55.4688,388.282,1687.18
aws,ca-central-1,m6a,x86(AMD),AMD EPYC 7R13,64,256,3.0816,73.9584,517.709,2249.57
aws,ca-central-1,m6a,x86(AMD),AMD EPYC 7R13,96,384,4.6224,110.9376,776.563,3374.35
aws,ca-central-1,m6a,x86(AMD),AMD EPYC 7R13,128,512,6.1632,147.9168,1035.418,4499.14
aws,ca-central-1,m6a,x86(AMD),AMD EPYC 7R13,192,768,9.2448,221.8752,1553.126,6748.7
aws,ca-central-1,m6g,ARM,AWS Graviton2,1,4,0.0428,1.0272,7.19,31.24
aws,ca-central-1,m6g,ARM,AWS Graviton2,2,8,0.0856,2.0544,14.381,62.49
aws,ca-central-1,m6g,ARM,AWS Graviton2,4,16,0.1712,4.1088,28.762,124.98
aws,ca-central-1,m6g,ARM,AWS Graviton2,8,32,0.3424,8.2176,57.523,249.95
aws,ca-central-1,m6g,ARM,AWS Graviton2,16,64,0.6848,16.4352,115.046,499.9
aws,ca-central-1,m6g,ARM,AWS Graviton2,32,128,1.3696,32.8704,230.093,999.81
aws,ca-central-1,m6g,ARM,AWS Graviton2,48,192,2.0544,49.3056,345.139,1499.71
aws,ca-central-1,m6g,ARM,AWS Graviton2,64,256,2.7392,65.7408,460.186,1999.62
aws,ca-central-1,m6i,x86(Intel),Intel Xeon Platinum 8375C,2,8,0.107,2.568,17.976,78.11
aws,ca-central-1,m6i,x86(Intel),Intel Xeon Platinum 8375C,4,16,0.214,5.136,35.952,156.22
aws,ca-central-1,m6i,x86(Intel),Intel Xeon Platinum 8375C,8,32,0.428,10.272,71.904,312.44
aws,ca-central-1,m6i,x86(Intel),Intel Xeon Platinum 8375C,16,64,0.856,20.544,143.808,624.88
aws,ca-central-1,m6i,x86(Intel),Intel Xeon Platinum 8375C,32,128,1.712,41.088,287.616,1249.76
aws,ca-central-1,m6i,x86(Intel),Intel Xeon Platinum 8375C,48,192,2.568,61.632,431.424,1874.64
aws,ca-central-1,m6i,x86(Intel),Intel Xeon Platinum 8375C,64,256,3.424,82.176,575.232,2499.52
aws,ca-central-1,m6i,x86(Intel),Intel Xeon Platinum 8375C,96,384,5.136,123.264,862.848,3749.28
aws,ca-central-1,m6i,x86(Intel),Intel Xeon Platinum 8375C,128,512,6.848,164.352,1150.464,4999.04
aws,ca-central-1,m7g,ARM,AWS Graviton3,1,4,0.0455,1.092,7.644,33.21
aws,ca-central-1,m7g,ARM,AWS Graviton3,2,8,0.091,2.184,15.288,66.43
aws,ca-central-1,m7g,ARM,AWS Graviton3,4,16,0.1819,4.3656,30.559,132.79
aws,ca-central-1,m7g,ARM,AWS Graviton3,8,32,0.3638,8.7312,61.118,265.57
aws,ca-central-1,m7g,ARM,AWS Graviton3,16,64,0.7277,17.4648,122.254,531.22
aws,ca-central-1,m7g,ARM,AWS Graviton3,32,128,1.4554,34.9296,244.507,1062.44
aws,ca-central-1,m7g,ARM,AWS Graviton3,48,192,2.183,52.392,366.744,1593.59
aws,ca-central-1,m7g,ARM,AWS Graviton3,64,256,2.9107,69.8568,488.998,2124.81
aws,ca-central-1,m7i,x86(Intel),Intel Xeon Platinum 8488C,2,8,0.11235,2.6964,18.875,82.02
aws,ca-central-1,m7i,x86(Intel),Intel Xeon Platinum 8488C,4,16,0.2247,5.3928,37.75,164.03
aws,ca-central-1,m7i,x86(Intel),Intel Xeon Platinum 8488C,8,32,0.4494,10.7856,75.499,328.06
aws,ca-central-1,m7i,x86(Intel),Intel Xeon Platinum 8488C,16,64,0.8988,21.5712,150.998,656.12
aws,ca-central-1,m7i,x86(Intel),Intel Xeon Platinum 8488C,32,128,1.7976,43.1424,301.997,1312.25
aws,ca-central-1,m7i,x86(Intel),Intel Xeon Platinum 8488C,48,192,2.6964,64.7136,452.995,1968.37
aws,ca-central-1,m7i,x86(Intel),Intel Xeon Platinum 8488C,64,256,3.5952,86.2848,603.994,2624.5
aws,ca-central-1,m7i,x86(Intel),Intel Xeon Platinum 8488C,96,384,5.3928,129.4272,905.99,3936.74
aws,ca-central-1,m7i,x86(Intel),Intel Xeon Platinum 8488C,192,768,10.7856,258.8544,1811.981,7873.49
aws,ca-central-1,m8g,ARM,AWS Graviton4,1,4,0.05003,1.2007,8.405,36.52
aws,ca-central-1,m8g,ARM,AWS Graviton4,2,8,0.10006,2.4014,16.81,73.04
aws,ca-central-1,m8g,ARM,AWS Graviton4,4,16,0.20012,4.8029,33.62,146.09
aws,ca-central-1,m8g,ARM,AWS Graviton4,8,32,0.40024,9.6058,67.24,292.18
aws,ca-central-1,m8g,ARM,AWS Graviton4,16,64,0.80048,19.2115,134.481,584.35
aws,ca-central-1,m8g,ARM,AWS Graviton4,32,128,1.60096,38.423,268.961,1168.7
aws,ca-central-1,m8g,ARM,AWS Graviton4,48,192,2.40144,57.6346,403.442,1753.05
aws,ca-central-1,m8g,ARM,AWS Graviton4,64,256,3.20192,76.8461,537.923,2337.4
aws,ca-central-1,m8g,ARM,AWS Graviton4,96,384,4.80288,115.2691,806.884,3506.1
aws,ca-central-1,m8g,ARM,AWS Graviton4,192,768,9.60576,230.5382,1613.768,7012.2
aws,ca-central-1,m8i,x86(Intel),Intel Xeon 6 6975P-C,2,8,0.11797,2.8313,19.819,86.12
aws,ca-central-1,m8i,x86(Intel),Intel Xeon 6 6975P-C,4,16,0.23594,5.6626,39.638,172.24
aws,ca-central-1,m8i,x86(Intel),Intel Xeon 6 6975P-C,8,32,0.47188,11.3251,79.276,344.47
aws,ca-central-1,m8i,x86(Intel),Intel Xeon 6 6975P-C,16,64,0.94376,22.6502,158.552,688.94
aws,ca-central-1,m8i,x86(Intel),Intel Xeon 6 6975P-C,32,128,1.88752,45.3005,317.103,1377.89
aws,ca-central-1,m8i,x86(Intel),Intel Xeon 6 6975P-C,48,192,2.83128,67.9507,475.655,2066.83
aws,ca-central-1,m8i,x86(Intel),Intel Xeon 6 6975P-C,64,256,3.77504,90.601,634.207,2755.78
aws,ca-central-1,m8i,x86(Intel),Intel Xeon 6 6975P-C,96,384,5.66256,135.9014,951.31,4133.67
aws,ca-central-1,m8i,x86(Intel),Intel Xeon 6 6975P-C,128,512,7.55008,181.2019,1268.413,5511.56
aws,ca-central-1,m8i,x86(Intel),Intel Xeon 6 6975P-C,192,768,11.32512,271.8029,1902.62,8267.34
aws,ca-central-1,m8i,x86(Intel),Intel Xeon 6 6975P-C,384,1536,22.65024,543.6058,3805.24,16534.68
aws,ca-central-1,r6a,x86(AMD),AMD EPYC 7R13,2,16,0.1242,2.9808,20.866,90.67
aws,ca-central-1,r6a,x86(AMD),AMD EPYC 7R13,4,32,0.2484,5.9616,41.731,181.33
aws,ca-central-1,r6a,x86(AMD),AMD EPYC 7R13,8,64,0.4968,11.9232,83.462,362.66
aws,ca-central-1,r6a,x86(AMD),AMD EPYC 7R13,16,128,0.9936,23.8464,166.925,725.33
aws,ca-central-1,r6a,x86(AMD),AMD EPYC 7R13,32,256,1.9872,47.6928,333.85,1450.66
aws,ca-central-1,r6a,x86(AMD),AMD EPYC 7R13,48,384,2.9808,71.5392,500.774,2175.98
aws,ca-central-1,r6a,x86(AMD),AMD EPYC 7R13,64,512,3.9744,95.3856,667.699,2901.31
aws,ca-central-1,r6a,x86(AMD),AMD EPYC 7R13,96,768,5.9616,143.0784,1001.549,4351.97
aws,ca-central-1,r6a,x86(AMD),AMD EPYC 7R13,128,1024,7.9488,190.7712,1335.398,5802.62
aws,ca-central-1,r6a,x86(AMD),AMD EPYC 7R13,192,1536,11.9232,286.1568,2003.098,8703.94
aws,ca-central-1,r6g,ARM,AWS Graviton2,1,8,0.0552,1.3248,9.274,40.3
aws,ca-central-1,r6g,ARM,AWS Graviton2,2,16,0.1104,2.6496,18.547,80.59
aws,ca-central-1,r6g,ARM,AWS Graviton2,4,32,0.2208,5.2992,37.094,161.18
aws,ca-central-1,r6g,ARM,AWS Graviton2,8,64,0.4416,10.5984,74.189,322.37
aws,ca-central-1,r6g,ARM,AWS Graviton2,16,128,0.8832,21.1968,148.378,644.74
aws,ca-central-1,r6g,ARM,AWS Graviton2,32,256,1.7664,42.3936,296.755,1289.47
aws,ca-central-1,r6g,ARM,AWS Graviton2,48,384,2.6496,63.5904,445.133,1934.21
aws,ca-central-1,r6g,ARM,AWS Graviton2,64,512,3.5328,84.7872,593.51,2578.94
aws,ca-central-1,r6i,x86(Intel),Intel Xeon Platinum 8375C,2,16,0.138,3.312,23.184,100.74
aws,ca-central-1,r6i,x86(Intel),Intel Xeon Platinum 8375C,4,32,0.276,6.624,46.368,201.48
aws,ca-central-1,r6i,x86(Intel),Intel Xeon Platinum 8375C,8,64,0.552,13.248,92.736,402.96
aws,ca-central-1,r6i,x86(Intel),Intel Xeon Platinum 8375C,16,128,1.104,26.496,185.472,805.92
aws,ca-central-1,r6i,x86(Intel),Intel Xeon Platinum 8375C,32,256,2.208,52.992,370.944,1611.84
aws,ca-central-1,r6i,x86(Intel),Intel Xeon Platinum 8375C,48,384,3.312,79.488,556.416,2417.76
aws,ca-central-1,r6i,x86(Intel),Intel Xeon Platinum 8375C,64,512,4.416,105.984,741.888,3223.68
aws,ca-central-1,r6i,x86(Intel),Intel Xeon Platinum 8375C,96,768,6.624,158.976,1112.832,4835.52
aws,ca-central-1,r6i,x86(Intel),Intel Xeon Platinum 8375C,128,1024,8.832,211.968,1483.776,6447.36
aws,ca-central-1,r7g,ARM,AWS Graviton3,1,8,0.0587,1.4088,9.862,42.85
aws,ca-central-1,r7g,ARM,AWS Graviton3,2,16,0.1173,2.8152,19.706,85.63
aws,ca-central-1,r7g,ARM,AWS Graviton3,4,32,0.2346,5.6304,39.413,171.26
aws,ca-central-1,r7g,ARM,AWS Graviton3,8,64,0.4692,11.2608,78.826,342.52
aws,ca-central-1,r7g,ARM,AWS Graviton3,16,128,0.9384,22.5216,157.651,685.03
aws,ca-central-1,r7g,ARM,AWS Graviton3,32,256,1.8768,45.0432,315.302,1370.06
aws,ca-central-1,r7g,ARM,AWS Graviton3,48,384,2.8152,67.5648,472.954,2055.1
aws,ca-central-1,r7g,ARM,AWS Graviton3,64,512,3.7536,90.0864,630.605,2740.13
aws,ca-central-1,r7i,x86(Intel),Intel Xeon Platinum 8488C,2,16,0.1449,3.4776,24.343,105.78
aws,ca-central-1,r7i,x86(Intel),Intel Xeon Platinum 8488C,4,32,0.2898,6.9552,48.686,211.55
aws,ca-central-1,r7i,x86(Intel),Intel Xeon Platinum 8488C,8,64,0.5796,13.9104,97.373,423.11
aws,ca-central-1,r7i,x86(Intel),Intel Xeon Platinum 8488C,16,128,1.1592,27.8208,194.746,846.22
aws,ca-central-1,r7i,x86(Intel),Intel Xeon Platinum 8488C,32,256,2.3184,55.6416,389.491,1692.43
aws,ca-central-1,r7i,x86(Intel),Intel Xeon Platinum 8488C,48,384,3.4776,83.4624,584.237,2538.65
aws,ca-central-1,r7i,x86(Intel),Intel Xeon Platinum 8488C,64,512,4.6368,111.2832,778.982,3384.86
aws,ca-central-1,r7i,x86(Intel),Intel Xeon Platinum 8488C,96,768,6.9552,166.9248,1168.474,5077.3
aws,ca-central-1,r7i,x86(Intel),Intel Xeon Platinum 8488C,192,1536,13.9104,333.8496,2336.947,10154.59
aws,ca-central-1,r8g,ARM,AWS Graviton4,1,8,0.06452,1.5485,10.839,47.1
aws,ca-central-1,r8g,ARM,AWS Graviton4,2,16,0.12904,3.097,21.679,94.2
aws,ca-central-1,r8g,ARM,AWS Graviton4,4,32,0.25808,6.1939,43.357,188.4
aws,ca-central-1,r8g,ARM,AWS Graviton4,8,64,0.51616,12.3878,86.715,376.8
aws,ca-central-1,r8g,ARM,AWS Graviton4,16,128,1.03232,24.7757,173.43,753.59
aws,ca-central-1,r8g,ARM,AWS Graviton4,32,256,2.06464,49.5514,346.86,1507.19
aws,ca-central-1,r8g,ARM,AWS Graviton4,48,384,3.09696,74.327,520.289,2260.78
aws,ca-central-1,r8g,ARM,AWS Graviton4,64,512,4.12928,99.1027,693.719,3014.37
aws,ca-central-1,r8g,ARM,AWS Graviton4,96,768,6.19392,148.6541,1040.579,4521.56
aws,ca-central-1,r8g,ARM,AWS Graviton4,192,1536,12.38784,297.3082,2081.157,9043.12
aws,ca-central-1,r8i,x86(Intel),Intel Xeon 6 6985P-C,2,16,0.15215,3.6516,25.561,111.07
aws,ca-central-1,r8i,x86(Intel),Intel Xeon 6 6985P-C,4,32,0.3043,7.3032,51.122,222.14
aws,ca-central-1,r8i,x86(Intel),Intel Xeon 6 6985P-C,8,64,0.6086,14.6064,102.245,444.28
aws,ca-central-1,r8i,x86(Intel),Intel Xeon 6 6985P-C,16,128,1.2172,29.2128,204.49,888.56
aws,ca-central-1,r8i,x86(Intel),Intel Xeon 6 6985P-C,32,256,2.4344,58.4256,408.979,1777.11
aws,ca-central-1,r8i,x86(Intel),Intel Xeon 6 6985P-C,48,384,3.6516,87.6384,613.469,2665.67
aws,ca-central-1,r8i,x86(Intel),Intel Xeon 6 6985P-C,64,512,4.8688,116.8512,817.958,3554.22
aws,ca-central-1,r8i,x86(Intel),Intel Xeon 6 6985P-C,96,768,7.3032,175.2768,1226.938,5331.34
aws,ca-central-1,r8i,x86(Intel),Intel Xeon 6 6985P-C,128,1024,9.7376,233.7024,1635.917,7108.45
aws,ca-central-1,r8i,x86(Intel),Intel Xeon 6 6985P-C,192,1536,14.6064,350.5536,2453.875,10662.67
aws,ca-central-1,r8i,x86(Intel),Intel Xeon 6 6985P-C,384,3072,29.2128,701.1072,4907.75,21325.34
aws,ca-west-1,c6g,ARM,AWS Graviton2,1,2,0.0372,0.8928,6.25,27.16
aws,ca-west-1,c6g,ARM,AWS Graviton2,2,4,0.0744,1.7856,12.499,54.31
aws,ca-west-1,c6g,ARM,AWS Graviton2,4,8,0.1488,3.5712,24.998,108.62
aws,ca-west-1,c6g,ARM,AWS Graviton2,8,16,0.2976,7.1424,49.997,217.25
aws,ca-west-1,c6g,ARM,AWS Graviton2,16,32,0.5952,14.2848,99.994,434.5
aws,ca-west-1,c6g,ARM,AWS Graviton2,32,64,1.1904,28.5696,199.987,868.99
aws,ca-west-1,c6g,ARM,AWS Graviton2,48,96,1.7856,42.8544,299.981,1303.49
aws,ca-west-1,c6g,ARM,AWS Graviton2,64,128,2.3808,57.1392,399.974,1737.98
aws,ca-west-1,c6i,x86(Intel),Intel Xeon Platinum 8375C,2,4,0.093,2.232,15.624,67.89
aws,ca-west-1,c6i,x86(Intel),Intel Xeon Platinum 8375C,4,8,0.186,4.464,31.248,135.78
aws,ca-west-1,c6i,x86(Intel),Intel Xeon Platinum 8375C,8,16,0.372,8.928,62.496,271.56
aws,ca-west-1,c6i,x86(Intel),Intel Xeon Platinum 8375C,16,32,0.744,17.856,124.992,543.12
aws,ca-west-1,c6i,x86(Intel),Intel Xeon Platinum 8375C,32,64,1.488,35.712,249.984,1086.24
aws,ca-west-1,c6i,x86(Intel),Intel Xeon Platinum 8375C,48,96,2.232,53.568,374.976,1629.36
aws,ca-west-1,c6i,x86(Intel),Intel Xeon Platinum 8375C,64,128,2.976,71.424,499.968,2172.48
aws,ca-west-1,c6i,x86(Intel),Intel Xeon Platinum 8375C,96,192,4.464,107.136,749.952,3258.72
aws,ca-west-1,c6i,x86(Intel),Intel Xeon Platinum 8375C,128,256,5.952,142.848,999.936,4344.96
aws,ca-west-1,c7g,ARM,AWS Graviton3,1,2,0.0395,0.948,6.636,28.84
aws,ca-west-1,c7g,ARM,AWS Graviton3,2,4,0.0791,1.8984,13.289,57.74
aws,ca-west-1,c7g,ARM,AWS Graviton3,4,8,0.1581,3.7944,26.561,115.41
aws,ca-west-1,c7g,ARM,AWS Graviton3,8,16,0.3162,7.5888,53.122,230.83
aws,ca-west-1,c7g,ARM,AWS Graviton3,16,32,0.6325,15.18,106.26,461.72
aws,ca-west-1,c7g,ARM,AWS Graviton3,32,64,1.265,30.36,212.52,923.45
aws,ca-west-1,c7g,ARM,AWS Graviton3,48,96,1.8974,45.5376,318.763,1385.1
aws,ca-west-1,c7g,ARM,AWS Graviton3,64,128,2.5299,60.7176,425.023,1846.83
aws,ca-west-1,c8g,ARM,AWS Graviton4,1,2,0.04348,1.0435,7.305,31.74
aws,ca-west-1,c8g,ARM,AWS Graviton4,2,4,0.08696,2.087,14.609,63.48
aws,ca-west-1,c8g,ARM,AWS Graviton4,4,8,0.17392,4.1741,29.219,126.96
aws,ca-west-1,c8g,ARM,AWS Graviton4,8,16,0.34784,8.3482,58.437,253.92
aws,ca-west-1,c8g,ARM,AWS Graviton4,16,32,0.69568,16.6963,116.874,507.85
aws,ca-west-1,c8g,ARM,AWS Graviton4,32,64,1.39136,33.3926,233.748,1015.69
aws,ca-west-1,c8g,ARM,AWS Graviton4,48,96,2.08704,50.089,350.623,1523.54
aws,ca-west-1,c8g,ARM,AWS Graviton4,64,128,2.78272,66.7853,467.497,2031.39
aws,ca-west-1,c8g,ARM,AWS Graviton4,96,192,4.17408,100.1779,701.245,3047.08
aws,ca-west-1,c8g,ARM,AWS Graviton4,192,384,8.34816,200.3558,1402.491,6094.16
aws,ca-west-1,m6g,ARM,AWS Graviton2,1,4,0.0428,1.0272,7.19,31.24
aws,ca-west-1,m6g,ARM,AWS Graviton2,2,8,0.0856,2.0544,14.381,62.49
aws,ca-west-1,m6g,ARM,AWS Graviton2,4,16,0.1712,4.1088,28.762,124.98
aws,ca-west-1,m6g,ARM,AWS Graviton2,8,32,0.3424,8.2176,57.523,249.95
aws,ca-west-1,m6g,ARM,AWS Graviton2,16,64,0.6848,16.4352,115.046,499.9
aws,ca-west-1,m6g,ARM,AWS Graviton2,32,128,1.3696,32.8704,230.093,999.81
aws,ca-west-1,m6g,ARM,AWS Graviton2,48,192,2.0544,49.3056,345.139,1499.71
aws,ca-west-1,m6g,ARM,AWS Graviton2,64,256,2.7392,65.7408,460.186,1999.62
aws,ca-west-1,m6i,x86(Intel),Intel Xeon Platinum 8375C,2,8,0.107,2.568,17.976,78.11
aws,ca-west-1,m6i,x86(Intel),Intel Xeon Platinum 8375C,4,16,0.214,5.136,35.952,156.22
aws,ca-west-1,m6i,x86(Intel),Intel Xeon Platinum 8375C,8,32,0.428,10.272,71.904,312.44
aws,ca-west-1,m6i,x86(Intel),Intel Xeon Platinum 8375C,16,64,0.856,20.544,143.808,624.88
aws,ca-west-1,m6i,x86(Intel),Intel Xeon Platinum 8375C,32,128,1.712,41.088,287.616,1249.76
aws,ca-west-1,m6i,x86(Intel),Intel Xeon Platinum 8375C,48,192,2.568,61.632,431.424,1874.64
aws,ca-west-1,m6i,x86(Intel),Intel Xeon Platinum 8375C,64,256,3.424,82.176,575.232,2499.52
aws,ca-west-1,m6i,x86(Intel),Intel Xeon Platinum 8375C,96,384,5.136,123.264,862.848,3749.28
aws,ca-west-1,m6i,x86(Intel),Intel Xeon Platinum 8375C,128,512,6.848,164.352,1150.464,4999.04
aws,ca-west-1,m8g,ARM,AWS Graviton4,1,4,0.05003,1.2007,8.405,36.52
aws,ca-west-1,m8g,ARM,AWS Graviton4,2,8,0.10006,2.4014,16.81,73.04
aws,ca-west-1,m8g,ARM,AWS Graviton4,4,16,0.20012,4.8029,33.62,146.09
aws,ca-west-1,m8g,ARM,AWS Graviton4,8,32,0.40024,9.6058,67.24,292.18
aws,ca-west-1,m8g,ARM,AWS Graviton4,16,64,0.80048,19.2115,134.481,584.35
aws,ca-west-1,m8g,ARM,AWS Graviton4,32,128,1.60096,38.423,268.961,1168.7
aws,ca-west-1,m8g,ARM,AWS Graviton4,48,192,2.40144,57.6346,403.442,1753.05
aws,ca-west-1,m8g,ARM,AWS Graviton4,64,256,3.20192,76.8461,537.923,2337.4
aws,ca-west-1,m8g,ARM,AWS Graviton4,96,384,4.80288,115.2691,806.884,3506.1
aws,ca-west-1,m8g,ARM,AWS Graviton4,192,768,9.60576,230.5382,1613.768,7012.2
aws,ca-west-1,r6g,ARM,AWS Graviton2,1,8,0.0552,1.3248,9.274,40.3
aws,ca-west-1,r6g,ARM,AWS Graviton2,2,16,0.1104,2.6496,18.547,80.59
aws,ca-west-1,r6g,ARM,AWS Graviton2,4,32,0.2208,5.2992,37.094,161.18
aws,ca-west-1,r6g,ARM,AWS Graviton2,8,64,0.4416,10.5984,74.189,322.37
aws,ca-west-1,r6g,ARM,AWS Graviton2,16,128,0.8832,21.1968,148.378,644.74
aws,ca-west-1,r6g,ARM,AWS Graviton2,32,256,1.7664,42.3936,296.755,1289.47
aws,ca-west-1,r6g,ARM,AWS Graviton2,48,384,2.6496,63.5904,445.133,1934.21
aws,ca-west-1,r6g,ARM,AWS Graviton2,64,512,3.5328,84.7872,593.51,2578.94
aws,ca-west-1,r6i,x86(Intel),Intel Xeon Platinum 8375C,2,16,0.138,3.312,23.184,100.74
aws,ca-west-1,r6i,x86(Intel),Intel Xeon Platinum 8375C,4,32,0.276,6.624,46.368,201.48
aws,ca-west-1,r6i,x86(Intel),Intel Xeon Platinum 8375C,8,64,0.552,13.248,92.736,402.96
aws,ca-west-1,r6i,x86(Intel),Intel Xeon Platinum 8375C,16,128,1.104,26.496,185.472,805.92
aws,ca-west-1,r6i,x86(Intel),Intel Xeon Platinum 8375C,32,256,2.208,52.992,370.944,1611.84
aws,ca-west-1,r6i,x86(Intel),Intel Xeon Platinum 8375C,48,384,3.312,79.488,556.416,2417.76
aws,ca-west-1,r6i,x86(Intel),Intel Xeon Platinum 8375C,64,512,4.416,105.984,741.888,3223.68
aws,ca-west-1,r6i,x86(Intel),Intel Xeon Platinum 8375C,96,768,6.624,158.976,1112.832,4835.52
aws,ca-west-1,r6i,x86(Intel),Intel Xeon Platinum 8375C,128,1024,8.832,211.968,1483.776,6447.36
aws,ca-west-1,r7g,ARM,AWS Graviton3,1,8,0.0587,1.4088,9.862,42.85
aws,ca-west-1,r7g,ARM,AWS Graviton3,2,16,0.1173,2.8152,19.706,85.63
aws,ca-west-1,r7g,ARM,AWS Graviton3,4,32,0.2346,5.6304,39.413,171.26
aws,ca-west-1,r7g,ARM,AWS Graviton3,8,64,0.4692,11.2608,78.826,342.52
aws,ca-west-1,r7g,ARM,AWS Graviton3,16,128,0.9384,22.5216,157.651,685.03
aws,ca-west-1,r7g,ARM,AWS Graviton3,32,256,1.8768,45.0432,315.302,1370.06
aws,ca-west-1,r7g,ARM,AWS Graviton3,48,384,2.8152,67.5648,472.954,2055.1
aws,ca-west-1,r7g,ARM,AWS Graviton3,64,512,3.7536,90.0864,630.605,2740.13
aws,ca-west-1,r8g,ARM,AWS Graviton4,1,8,0.06452,1.5485,10.839,47.1
aws,ca-west-1,r8g,ARM,AWS Graviton4,2,16,0.12904,3.097,21.679,94.2
aws,ca-west-1,r8g,ARM,AWS Graviton4,4,32,0.25808,6.1939,43.357,188.4
aws,ca-west-1,r8g,ARM,AWS Graviton4,8,64,0.51616,12.3878,86.715,376.8
aws,ca-west-1,r8g,ARM,AWS Graviton4,16,128,1.03232,24.7757,173.43,753.59
aws,ca-west-1,r8g,ARM,AWS Graviton4,32,256,2.06464,49.5514,346.86,1507.19
aws,ca-west-1,r8g,ARM,AWS Graviton4,48,384,3.09696,74.327,520.289,2260.78
aws,ca-west-1,r8g,ARM,AWS Graviton4,64,512,4.12928,99.1027,693.719,3014.37
aws,ca-west-1,r8g,ARM,AWS Graviton4,96,768,6.19392,148.6541,1040.579,4521.56
aws,ca-west-1,r8g,ARM,AWS Graviton4,192,1536,12.38784,297.3082,2081.157,9043.12
aws,eu-central-1,c6a,x86(AMD),AMD EPYC 7R13,2,4,0.0873,2.0952,14.666,63.73
aws,eu-central-1,c6a,x86(AMD),AMD EPYC 7R13,4,8,0.1746,4.1904,29.333,127.46
aws,eu-central-1,c6a,x86(AMD),AMD EPYC 7R13,8,16,0.3492,8.3808,58.666,254.92
aws,eu-central-1,c6a,x86(AMD),AMD EPYC 7R13,16,32,0.6984,16.7616,117.331,509.83
aws,eu-central-1,c6a,x86(AMD),AMD EPYC 7R13,32,64,1.3968,33.5232,234.662,1019.66
aws,eu-central-1,c6a,x86(AMD),AMD EPYC 7R13,48,96,2.0952,50.2848,351.994,1529.5
aws,eu-central-1,c6a,x86(AMD),AMD EPYC 7R13,64,128,2.7936,67.0464,469.325,2039.33
aws,eu-central-1,c6a,x86(AMD),AMD EPYC 7R13,96,192,4.1904,100.5696,703.987,3058.99
aws,eu-central-1,c6a,x86(AMD),AMD EPYC 7R13,128,256,5.5872,134.0928,938.65,4078.66
aws,eu-central-1,c6a,x86(AMD),AMD EPYC 7R13,192,384,8.3808,201.1392,1407.974,6117.98
aws,eu-central-1,c6g,ARM,AWS Graviton2,1,2,0.0388,0.9312,6.518,28.32
aws,eu-central-1,c6g,ARM,AWS Graviton2,2,4,0.0776,1.8624,13.037,56.65
aws,eu-central-1,c6g,ARM,AWS Graviton2,4,8,0.1552,3.7248,26.074,113.3
aws,eu-central-1,c6g,ARM,AWS Graviton2,8,16,0.3104,7.4496,52.147,226.59
aws,eu-central-1,c6g,ARM,AWS Graviton2,16,32,0.6208,14.8992,104.294,453.18
aws,eu-central-1,c6g,ARM,AWS Graviton2,32,64,1.2416,29.7984,208.589,906.37
aws,eu-central-1,c6g,ARM,AWS Graviton2,48,96,1.8624,44.6976,312.883,1359.55
aws,eu-central-1,c6g,ARM,AWS Graviton2,64,128,2.4832,59.5968,417.178,1812.74
aws,eu-central-1,c6i,x86(Intel),Intel Xeon Platinum 8375C,2,4,0.097,2.328,16.296,70.81
aws,eu-central-1,c6i,x86(Intel),Intel Xeon Platinum 8375C,4,8,0.194,4.656,32.592,141.62
aws,eu-central-1,c6i,x86(Intel),Intel Xeon Platinum 8375C,8,16,0.388,9.312,65.184,283.24
aws,eu-central-1,c6i,x86(Intel),Intel Xeon Platinum 8375C,16,32,0.776,18.624,130.368,566.48
aws,eu-central-1,c6i,x86(Intel),Intel Xeon Platinum 8375C,32,64,1.552,37.248,260.736,1132.96
aws,eu-central-1,c6i,x86(Intel),Intel Xeon Platinum 8375C,48,96,2.328,55.872,391.104,1699.44
aws,eu-central-1,c6i,x86(Intel),Intel Xeon Platinum 8375C,64,128,3.104,74.496,521.472,2265.92
aws,eu-central-1,c6i,x86(Intel),Intel Xeon Platinum 8375C,96,192,4.656,111.744,782.208,3398.88
aws,eu-central-1,c6i,x86(Intel),Intel Xeon Platinum 8375C,128,256,6.208,148.992,1042.944,4531.84
aws,eu-central-1,c7a,x86(AMD),AMD EPYC 9R14,1,2,0.05857,1.4057,9.84,42.76
aws,eu-central-1,c7a,x86(AMD),AMD EPYC 9R14,2,4,0.11713,2.8111,19.678,85.5
aws,eu-central-1,c7a,x86(AMD),AMD EPYC 9R14,4,8,0.23426,5.6222,39.356,171.01
aws,eu-central-1,c7a,x86(AMD),AMD EPYC 9R14,8,16,0.46852,11.2445,78.711,342.02
aws,eu-central-1,c7a,x86(AMD),AMD EPYC 9R14,16,32,0.93704,22.489,157.423,684.04
aws,eu-central-1,c7a,x86(AMD),AMD EPYC 9R14,32,64,1.87408,44.9779,314.845,1368.08
aws,eu-central-1,c7a,x86(AMD),AMD EPYC 9R14,48,96,2.81112,67.4669,472.268,2052.12
aws,eu-central-1,c7a,x86(AMD),AMD EPYC 9R14,64,128,3.74816,89.9558,629.691,2736.16
aws,eu-central-1,c7a,x86(AMD),AMD EPYC 9R14,96,192,5.62224,134.9338,944.536,4104.24
aws,eu-central-1,c7a,x86(AMD),AMD EPYC 9R14,128,256,7.49632,179.9117,1259.382,5472.31
aws,eu-central-1,c7a,x86(AMD),AMD EPYC 9R14,192,384,11.24448,269.8675,1889.073,8208.47
aws,eu-central-1,c7g,ARM,AWS Graviton3,1,2,0.0412,0.9888,6.922,30.08
aws,eu-central-1,c7g,ARM,AWS Graviton3,2,4,0.0825,1.98,13.86,60.22
aws,eu-central-1,c7g,ARM,AWS Graviton3,4,8,0.1649,3.9576,27.703,120.38
aws,eu-central-1,c7g,ARM,AWS Graviton3,8,16,0.3298,7.9152,55.406,240.75
aws,eu-central-1,c7g,ARM,AWS Graviton3,16,32,0.6596,15.8304,110.813,481.51
aws,eu-central-1,c7g,ARM,AWS Graviton3,32,64,1.3192,31.6608,221.626,963.02
aws,eu-central-1,c7g,ARM,AWS Graviton3,48,96,1.9788,47.4912,332.438,1444.52
aws,eu-central-1,c7g,ARM,AWS Graviton3,64,128,2.6384,63.3216,443.251,1926.03
aws,eu-central-1,c7i,x86(Intel),Intel Xeon Platinum 8488C,2,4,0.10185,2.4444,17.111,74.35
aws,eu-central-1,c7i,x86(Intel),Intel Xeon Platinum 8488C,4,8,0.2037,4.8888,34.222,148.7
aws,eu-central-1,c7i,x86(Intel),Intel Xeon Platinum 8488C,8,16,0.4074,9.7776,68.443,297.4
aws,eu-central-1,c7i,x86(Intel),Intel Xeon Platinum 8488C,16,32,0.8148,19.5552,136.886,594.8
aws,eu-central-1,c7i,x86(Intel),Intel Xeon Platinum 8488C,32,64,1.6296,39.1104,273.773,1189.61
aws,eu-central-1,c7i,x86(Intel),Intel Xeon Platinum 8488C,48,96,2.4444,58.6656,410.659,1784.41
aws,eu-central-1,c7i,x86(Intel),Intel Xeon Platinum 8488C,64,128,3.2592,78.2208,547.546,2379.22
aws,eu-central-1,c7i,x86(Intel),Intel Xeon Platinum 8488C,96,192,4.8888,117.3312,821.318,3568.82
aws,eu-central-1,c7i,x86(Intel),Intel Xeon Platinum 8488C,192,384,9.7776,234.6624,1642.637,7137.65
aws,eu-central-1,c8a,x86(AMD),AMD EPYC 9R45,1,2,0.0615,1.476,10.332,44.9
aws,eu-central-1,c8a,x86(AMD),AMD EPYC 9R45,2,4,0.12299,2.9518,20.662,89.78
aws,eu-central-1,c8a,x86(AMD),AMD EPYC 9R45,4,8,0.24598,5.9035,41.325,179.57
aws,eu-central-1,c8a,x86(AMD),AMD EPYC 9R45,8,16,0.49196,11.807,82.649,359.13
aws,eu-central-1,c8a,x86(AMD),AMD EPYC 9R45,16,32,0.98392,23.6141,165.299,718.26
aws,eu-central-1,c8a,x86(AMD),AMD EPYC 9R45,32,64,1.96784,47.2282,330.597,1436.52
aws,eu-central-1,c8a,x86(AMD),AMD EPYC 9R45,48,96,2.95176,70.8422,495.896,2154.78
aws,eu-central-1,c8a,x86(AMD),AMD EPYC 9R45,64,128,3.93568,94.4563,661.194,2873.05
aws,eu-central-1,c8a,x86(AMD),AMD EPYC 9R45,96,192,5.90352,141.6845,991.791,4309.57
aws,eu-central-1,c8a,x86(AMD),AMD EPYC 9R45,192,384,11.80704,283.369,1983.583,8619.14
aws,eu-central-1,c8g,ARM,AWS Graviton4,1,2,0.04535,1.0884,7.619,33.11
aws,eu-central-1,c8g,ARM,AWS Graviton4,2,4,0.0907,2.1768,15.238,66.21
aws,eu-central-1,c8g,ARM,AWS Graviton4,4,8,0.1814,4.3536,30.475,132.42
aws,eu-central-1,c8g,ARM,AWS Graviton4,8,16,0.3628,8.7072,60.95,264.84
aws,eu-central-1,c8g,ARM,AWS Graviton4,16,32,0.7256,17.4144,121.901,529.69
aws,eu-central-1,c8g,ARM,AWS Graviton4,32,64,1.4512,34.8288,243.802,1059.38
aws,eu-central-1,c8g,ARM,AWS Graviton4,48,96,2.1768,52.2432,365.702,1589.06
aws,eu-central-1,c8g,ARM,AWS Graviton4,64,128,2.9024,69.6576,487.603,2118.75
aws,eu-central-1,c8g,ARM,AWS Graviton4,96,192,4.3536,104.4864,731.405,3178.13
aws,eu-central-1,c8g,ARM,AWS Graviton4,192,384,8.7072,208.9728,1462.81,6356.26
aws,eu-central-1,c8i,x86(Intel),Intel Xeon 6 6975P-C,2,4,0.10694,2.5666,17.966,78.07
aws,eu-central-1,c8i,x86(Intel),Intel Xeon 6 6975P-C,4,8,0.21388,5.1331,35.932,156.13
aws,eu-central-1,c8i,x86(Intel),Intel Xeon 6 6975P-C,8,16,0.42776,10.2662,71.864,312.26
aws,eu-central-1,c8i,x86(Intel),Intel Xeon 6 6975P-C,16,32,0.85552,20.5325,143.727,624.53
aws,eu-central-1,c8i,x86(Intel),Intel Xeon 6 6975P-C,32,64,1.71104,41.065,287.455,1249.06
aws,eu-central-1,c8i,x86(Intel),Intel Xeon 6 6975P-C,48,96,2.56656,61.5974,431.182,1873.59
aws,eu-central-1,c8i,x86(Intel),Intel Xeon 6 6975P-C,64,128,3.42208,82.1299,574.909,2498.12
aws,eu-central-1,c8i,x86(Intel),Intel Xeon 6 6975P-C,96,192,5.13312,123.1949,862.364,3747.18
aws,eu-central-1,c8i,x86(Intel),Intel Xeon 6 6975P-C,128,256,6.84416,164.2598,1149.819,4996.24
aws,eu-central-1,c8i,x86(Intel),Intel Xeon 6 6975P-C,192,384,10.26624,246.3898,1724.728,7494.36
aws,eu-central-1,c8i,x86(Intel),Intel Xeon 6 6975P-C,384,768,20.53248,492.7795,3449.457,14988.71
aws,eu-central-1,c9g,ARM,AWS Graviton5,1,2,0.04943,1.1863,8.304,36.08
aws,eu-central-1,c9g,ARM,AWS Graviton5,2,4,0.09886,2.3726,16.608,72.17
aws,eu-central-1,c9g,ARM,AWS Graviton5,4,8,0.19772,4.7453,33.217,144.34
aws,eu-central-1,c9g,ARM,AWS Graviton5,8,16,0.39544,9.4906,66.434,288.67
aws,eu-central-1,c9g,ARM,AWS Graviton5,16,32,0.79088,18.9811,132.868,577.34
aws,eu-central-1,c9g,ARM,AWS Graviton5,32,64,1.58176,37.9622,265.736,1154.68
aws,eu-central-1,c9g,ARM,AWS Graviton5,48,96,2.37264,56.9434,398.604,1732.03
aws,eu-central-1,c9g,ARM,AWS Graviton5,64,128,3.16352,75.9245,531.471,2309.37
aws,eu-central-1,c9g,ARM,AWS Graviton5,96,192,4.74528,113.8867,797.207,3464.05
aws,eu-central-1,c9g,ARM,AWS Graviton5,192,384,9.49056,227.7734,1594.414,6928.11
aws,eu-central-1,m6a,x86(AMD),AMD EPYC 7R13,2,8,0.1035,2.484,17.388,75.55
aws,eu-central-1,m6a,x86(AMD),AMD EPYC 7R13,4,16,0.207,4.968,34.776,151.11
aws,eu-central-1,m6a,x86(AMD),AMD EPYC 7R13,8,32,0.414,9.936,69.552,302.22
aws,eu-central-1,m6a,x86(AMD),AMD EPYC 7R13,16,64,0.828,19.872,139.104,604.44
aws,eu-central-1,m6a,x86(AMD),AMD EPYC 7R13,32,128,1.656,39.744,278.208,1208.88
aws,eu-central-1,m6a,x86(AMD),AMD EPYC 7R13,48,192,2.484,59.616,417.312,1813.32
aws,eu-central-1,m6a,x86(AMD),AMD EPYC 7R13,64,256,3.312,79.488,556.416,2417.76
aws,eu-central-1,m6a,x86(AMD),AMD EPYC 7R13,96,384,4.968,119.232,834.624,3626.64
aws,eu-central-1,m6a,x86(AMD),AMD EPYC 7R13,128,512,6.624,158.976,1112.832,4835.52
aws,eu-central-1,m6a,x86(AMD),AMD EPYC 7R13,192,768,9.936,238.464,1669.248,7253.28
aws,eu-central-1,m6g,ARM,AWS Graviton2,1,4,0.046,1.104,7.728,33.58
aws,eu-central-1,m6g,ARM,AWS Graviton2,2,8,0.092,2.208,15.456,67.16
aws,eu-central-1,m6g,ARM,AWS Graviton2,4,16,0.184,4.416,30.912,134.32
aws,eu-central-1,m6g,ARM,AWS Graviton2,8,32,0.368,8.832,61.824,268.64
aws,eu-central-1,m6g,ARM,AWS Graviton2,16,64,0.736,17.664,123.648,537.28
aws,eu-central-1,m6g,ARM,AWS Graviton2,32,128,1.472,35.328,247.296,1074.56
aws,eu-central-1,m6g,ARM,AWS Graviton2,48,192,2.208,52.992,370.944,1611.84
aws,eu-central-1,m6g,ARM,AWS Graviton2,64,256,2.944,70.656,494.592,2149.12
aws,eu-central-1,m6i,x86(Intel),Intel Xeon Platinum 8375C,2,8,0.115,2.76,19.32,83.95
aws,eu-central-1,m6i,x86(Intel),Intel Xeon Platinum 8375C,4,16,0.23,5.52,38.64,167.9
aws,eu-central-1,m6i,x86(Intel),Intel Xeon Platinum 8375C,8,32,0.46,11.04,77.28,335.8
aws,eu-central-1,m6i,x86(Intel),Intel Xeon Platinum 8375C,16,64,0.92,22.08,154.56,671.6
aws,eu-central-1,m6i,x86(Intel),Intel Xeon Platinum 8375C,32,128,1.84,44.16,309.12,1343.2
aws,eu-central-1,m6i,x86(Intel),Intel Xeon Platinum 8375C,48,192,2.76,66.24,463.68,2014.8
aws,eu-central-1,m6i,x86(Intel),Intel Xeon Platinum 8375C,64,256,3.68,88.32,618.24,2686.4
aws,eu-central-1,m6i,x86(Intel),Intel Xeon Platinum 8375C,96,384,5.52,132.48,927.36,4029.6
aws,eu-central-1,m6i,x86(Intel),Intel Xeon Platinum 8375C,128,512,7.36,176.64,1236.48,5372.8
aws,eu-central-1,m7a,x86(AMD),AMD EPYC 9R14,1,4,0.06943,1.6663,11.664,50.68
aws,eu-central-1,m7a,x86(AMD),AMD EPYC 9R14,2,8,0.13886,3.3326,23.328,101.37
aws,eu-central-1,m7a,x86(AMD),AMD EPYC 9R14,4,16,0.27772,6.6653,46.657,202.74
aws,eu-central-1,m7a,x86(AMD),AMD EPYC 9R14,8,32,0.55544,13.3306,93.314,405.47
aws,eu-central-1,m7a,x86(AMD),AMD EPYC 9R14,16,64,1.11088,26.6611,186.628,810.94
aws,eu-central-1,m7a,x86(AMD),AMD EPYC 9R14,32,128,2.22176,53.3222,373.256,1621.88
aws,eu-central-1,m7a,x86(AMD),AMD EPYC 9R14,48,192,3.33264,79.9834,559.884,2432.83
aws,eu-central-1,m7a,x86(AMD),AMD EPYC 9R14,64,256,4.44352,106.6445,746.511,3243.77
aws,eu-central-1,m7a,x86(AMD),AMD EPYC 9R14,96,384,6.66528,159.9667,1119.767,4865.65
aws,eu-central-1,m7a,x86(AMD),AMD EPYC 9R14,128,512,8.88704,213.289,1493.023,6487.54
aws,eu-central-1,m7a,x86(AMD),AMD EPYC 9R14,192,768,13.33056,319.9334,2239.534,9731.31
aws,eu-central-1,m7g,ARM,AWS Graviton3,1,4,0.0489,1.1736,8.215,35.7
aws,eu-central-1,m7g,ARM,AWS Graviton3,2,8,0.0978,2.3472,16.43,71.39
aws,eu-central-1,m7g,ARM,AWS Graviton3,4,16,0.1955,4.692,32.844,142.72
aws,eu-central-1,m7g,ARM,AWS Graviton3,8,32,0.391,9.384,65.688,285.43
aws,eu-central-1,m7g,ARM,AWS Graviton3,16,64,0.7821,18.7704,131.393,570.93
aws,eu-central-1,m7g,ARM,AWS Graviton3,32,128,1.5642,37.5408,262.786,1141.87
aws,eu-central-1,m7g,ARM,AWS Graviton3,48,192,2.3462,56.3088,394.162,1712.73
aws,eu-central-1,m7g,ARM,AWS Graviton3,64,256,3.1283,75.0792,525.554,2283.66
aws,eu-central-1,m7i,x86(Intel),Intel Xeon Platinum 8488C,2,8,0.12075,2.898,20.286,88.15
aws,eu-central-1,m7i,x86(Intel),Intel Xeon Platinum 8488C,4,16,0.2415,5.796,40.572,176.3
aws,eu-central-1,m7i,x86(Intel),Intel Xeon Platinum 8488C,8,32,0.483,11.592,81.144,352.59
aws,eu-central-1,m7i,x86(Intel),Intel Xeon Platinum 8488C,16,64,0.966,23.184,162.288,705.18
aws,eu-central-1,m7i,x86(Intel),Intel Xeon Platinum 8488C,32,128,1.932,46.368,324.576,1410.36
aws,eu-central-1,m7i,x86(Intel),Intel Xeon Platinum 8488C,48,192,2.898,69.552,486.864,2115.54
aws,eu-central-1,m7i,x86(Intel),Intel Xeon Platinum 8488C,64,256,3.864,92.736,649.152,2820.72
aws,eu-central-1,m7i,x86(Intel),Intel Xeon Platinum 8488C,96,384,5.796,139.104,973.728,4231.08
aws,eu-central-1,m7i,x86(Intel),Intel Xeon Platinum 8488C,192,768,11.592,278.208,1947.456,8462.16
aws,eu-central-1,m8a,x86(AMD),AMD EPYC 9R45,1,4,0.0729,1.7496,12.247,53.22
aws,eu-central-1,m8a,x86(AMD),AMD EPYC 9R45,2,8,0.1458,3.4992,24.494,106.43
aws,eu-central-1,m8a,x86(AMD),AMD EPYC 9R45,4,16,0.2916,6.9984,48.989,212.87
aws,eu-central-1,m8a,x86(AMD),AMD EPYC 9R45,8,32,0.5832,13.9968,97.978,425.74
aws,eu-central-1,m8a,x86(AMD),AMD EPYC 9R45,16,64,1.1664,27.9936,195.955,851.47
aws,eu-central-1,m8a,x86(AMD),AMD EPYC 9R45,32,128,2.3328,55.9872,391.91,1702.94
aws,eu-central-1,m8a,x86(AMD),AMD EPYC 9R45,48,192,3.4992,83.9808,587.866,2554.42
aws,eu-central-1,m8a,x86(AMD),AMD EPYC 9R45,64,256,4.6656,111.9744,783.821,3405.89
aws,eu-central-1,m8a,x86(AMD),AMD EPYC 9R45,96,384,6.9984,167.9616,1175.731,5108.83
aws,eu-central-1,m8a,x86(AMD),AMD EPYC 9R45,192,768,13.9968,335.9232,2351.462,10217.66
aws,eu-central-1,m8g,ARM,AWS Graviton4,1,4,0.05377,1.2905,9.033,39.25
aws,eu-central-1,m8g,ARM,AWS Graviton4,2,8,0.10754,2.581,18.067,78.5
aws,eu-central-1,m8g,ARM,AWS Graviton4,4,16,0.21508,5.1619,36.133,157.01
aws,eu-central-1,m8g,ARM,AWS Graviton4,8,32,0.43016,10.3238,72.267,314.02
aws,eu-central-1,m8g,ARM,AWS Graviton4,16,64,0.86032,20.6477,144.534,628.03
aws,eu-central-1,m8g,ARM,AWS Graviton4,32,128,1.72064,41.2954,289.068,1256.07
aws,eu-central-1,m8g,ARM,AWS Graviton4,48,192,2.58096,61.943,433.601,1884.1
aws,eu-central-1,m8g,ARM,AWS Graviton4,64,256,3.44128,82.5907,578.135,2512.13
aws,eu-central-1,m8g,ARM,AWS Graviton4,96,384,5.16192,123.8861,867.203,3768.2
aws,eu-central-1,m8g,ARM,AWS Graviton4,192,768,10.32384,247.7722,1734.405,7536.4
aws,eu-central-1,m8i,x86(Intel),Intel Xeon 6 6975P-C,2,8,0.12679,3.043,21.301,92.56
aws,eu-central-1,m8i,x86(Intel),Intel Xeon 6 6975P-C,4,16,0.25358,6.0859,42.601,185.11
aws,eu-central-1,m8i,x86(Intel),Intel Xeon 6 6975P-C,8,32,0.50716,12.1718,85.203,370.23
aws,eu-central-1,m8i,x86(Intel),Intel Xeon 6 6975P-C,16,64,1.01432,24.3437,170.406,740.45
aws,eu-central-1,m8i,x86(Intel),Intel Xeon 6 6975P-C,32,128,2.02864,48.6874,340.812,1480.91
aws,eu-central-1,m8i,x86(Intel),Intel Xeon 6 6975P-C,48,192,3.04296,73.031,511.217,2221.36
aws,eu-central-1,m8i,x86(Intel),Intel Xeon 6 6975P-C,64,256,4.05728,97.3747,681.623,2961.81
aws,eu-central-1,m8i,x86(Intel),Intel Xeon 6 6975P-C,96,384,6.08592,146.0621,1022.435,4442.72
aws,eu-central-1,m8i,x86(Intel),Intel Xeon 6 6975P-C,128,512,8.11456,194.7494,1363.246,5923.63
aws,eu-central-1,m8i,x86(Intel),Intel Xeon 6 6975P-C,192,768,12.17184,292.1242,2044.869,8885.44
aws,eu-central-1,m8i,x86(Intel),Intel Xeon 6 6975P-C,384,1536,24.34368,584.2483,4089.738,17770.89
aws,eu-central-1,m9g,ARM,AWS Graviton5,1,4,0.05861,1.4066,9.846,42.79
aws,eu-central-1,m9g,ARM,AWS Graviton5,2,8,0.11722,2.8133,19.693,85.57
aws,eu-central-1,m9g,ARM,AWS Graviton5,4,16,0.23444,5.6266,39.386,171.14
aws,eu-central-1,m9g,ARM,AWS Graviton5,8,32,0.46888,11.2531,78.772,342.28
aws,eu-central-1,m9g,ARM,AWS Graviton5,16,64,0.93776,22.5062,157.544,684.56
aws,eu-central-1,m9g,ARM,AWS Graviton5,32,128,1.87552,45.0125,315.087,1369.13
aws,eu-central-1,m9g,ARM,AWS Graviton5,48,192,2.81328,67.5187,472.631,2053.69
aws,eu-central-1,m9g,ARM,AWS Graviton5,64,256,3.75104,90.025,630.175,2738.26
aws,eu-central-1,m9g,ARM,AWS Graviton5,96,384,5.62656,135.0374,945.262,4107.39
aws,eu-central-1,m9g,ARM,AWS Graviton5,192,768,11.25312,270.0749,1890.524,8214.78
aws,eu-central-1,r6a,x86(AMD),AMD EPYC 7R13,2,16,0.1368,3.2832,22.982,99.86
aws,eu-central-1,r6a,x86(AMD),AMD EPYC 7R13,4,32,0.2736,6.5664,45.965,199.73
aws,eu-central-1,r6a,x86(AMD),AMD EPYC 7R13,8,64,0.5472,13.1328,91.93,399.46
aws,eu-central-1,r6a,x86(AMD),AMD EPYC 7R13,16,128,1.0944,26.2656,183.859,798.91
aws,eu-central-1,r6a,x86(AMD),AMD EPYC 7R13,32,256,2.1888,52.5312,367.718,1597.82
aws,eu-central-1,r6a,x86(AMD),AMD EPYC 7R13,48,384,3.2832,78.7968,551.578,2396.74
aws,eu-central-1,r6a,x86(AMD),AMD EPYC 7R13,64,512,4.3776,105.0624,735.437,3195.65
aws,eu-central-1,r6a,x86(AMD),AMD EPYC 7R13,96,768,6.5664,157.5936,1103.155,4793.47
aws,eu-central-1,r6a,x86(AMD),AMD EPYC 7R13,128,1024,8.7552,210.1248,1470.874,6391.3
aws,eu-central-1,r6a,x86(AMD),AMD EPYC 7R13,192,1536,13.1328,315.1872,2206.31,9586.94
aws,eu-central-1,r6g,ARM,AWS Graviton2,1,8,0.0608,1.4592,10.214,44.38
aws,eu-central-1,r6g,ARM,AWS Graviton2,2,16,0.1216,2.9184,20.429,88.77
aws,eu-central-1,r6g,ARM,AWS Graviton2,4,32,0.2432,5.8368,40.858,177.54
aws,eu-central-1,r6g,ARM,AWS Graviton2,8,64,0.4864,11.6736,81.715,355.07
aws,eu-central-1,r6g,ARM,AWS Graviton2,16,128,0.9728,23.3472,163.43,710.14
aws,eu-central-1,r6g,ARM,AWS Graviton2,32,256,1.9456,46.6944,326.861,1420.29
aws,eu-central-1,r6g,ARM,AWS Graviton2,48,384,2.9184,70.0416,490.291,2130.43
aws,eu-central-1,r6g,ARM,AWS Graviton2,64,512,3.8912,93.3888,653.722,2840.58
aws,eu-central-1,r6i,x86(Intel),Intel Xeon Platinum 8375C,2,16,0.152,3.648,25.536,110.96
aws,eu-central-1,r6i,x86(Intel),Intel Xeon Platinum 8375C,4,32,0.304,7.296,51.072,221.92
aws,eu-central-1,r6i,x86(Intel),Intel Xeon Platinum 8375C,8,64,0.608,14.592,102.144,443.84
aws,eu-central-1,r6i,x86(Intel),Intel Xeon Platinum 8375C,16,128,1.216,29.184,204.288,887.68
aws,eu-central-1,r6i,x86(Intel),Intel Xeon Platinum 8375C,32,256,2.432,58.368,408.576,1775.36
aws,eu-central-1,r6i,x86(Intel),Intel Xeon Platinum 8375C,48,384,3.648,87.552,612.864,2663.04
aws,eu-central-1,r6i,x86(Intel),Intel Xeon Platinum 8375C,64,512,4.864,116.736,817.152,3550.72
aws,eu-central-1,r6i,x86(Intel),Intel Xeon Platinum 8375C,96,768,7.296,175.104,1225.728,5326.08
aws,eu-central-1,r6i,x86(Intel),Intel Xeon Platinum 8375C,128,1024,9.728,233.472,1634.304,7101.44
aws,eu-central-1,r7a,x86(AMD),AMD EPYC 9R14,1,8,0.09177,2.2025,15.417,66.99
aws,eu-central-1,r7a,x86(AMD),AMD EPYC 9R14,2,16,0.18354,4.405,30.835,133.98
aws,eu-central-1,r7a,x86(AMD),AMD EPYC 9R14,4,32,0.36708,8.8099,61.669,267.97
aws,eu-central-1,r7a,x86(AMD),AMD EPYC 9R14,8,64,0.73416,17.6198,123.339,535.94
aws,eu-central-1,r7a,x86(AMD),AMD EPYC 9R14,16,128,1.46832,35.2397,246.678,1071.87
aws,eu-central-1,r7a,x86(AMD),AMD EPYC 9R14,32,256,2.93664,70.4794,493.356,2143.75
aws,eu-central-1,r7a,x86(AMD),AMD EPYC 9R14,48,384,4.40496,105.719,740.033,3215.62
aws,eu-central-1,r7a,x86(AMD),AMD EPYC 9R14,64,512,5.87328,140.9587,986.711,4287.49
aws,eu-central-1,r7a,x86(AMD),AMD EPYC 9R14,96,768,8.80992,211.4381,1480.067,6431.24
aws,eu-central-1,r7a,x86(AMD),AMD EPYC 9R14,128,1024,11.74656,281.9174,1973.422,8574.99
aws,eu-central-1,r7a,x86(AMD),AMD EPYC 9R14,192,1536,17.61984,422.8762,2960.133,12862.48
aws,eu-central-1,r7g,ARM,AWS Graviton3,1,8,0.0646,1.5504,10.853,47.16
aws,eu-central-1,r7g,ARM,AWS Graviton3,2,16,0.1292,3.1008,21.706,94.32
aws,eu-central-1,r7g,ARM,AWS Graviton3,4,32,0.2584,6.2016,43.411,188.63
aws,eu-central-1,r7g,ARM,AWS Graviton3,8,64,0.5168,12.4032,86.822,377.26
aws,eu-central-1,r7g,ARM,AWS Graviton3,16,128,1.0336,24.8064,173.645,754.53
aws,eu-central-1,r7g,ARM,AWS Graviton3,32,256,2.0672,49.6128,347.29,1509.06
aws,eu-central-1,r7g,ARM,AWS Graviton3,48,384,3.1008,74.4192,520.934,2263.58
aws,eu-central-1,r7g,ARM,AWS Graviton3,64,512,4.1344,99.2256,694.579,3018.11
aws,eu-central-1,r7i,x86(Intel),Intel Xeon Platinum 8488C,2,16,0.1596,3.8304,26.813,116.51
aws,eu-central-1,r7i,x86(Intel),Intel Xeon Platinum 8488C,4,32,0.3192,7.6608,53.626,233.02
aws,eu-central-1,r7i,x86(Intel),Intel Xeon Platinum 8488C,8,64,0.6384,15.3216,107.251,466.03
aws,eu-central-1,r7i,x86(Intel),Intel Xeon Platinum 8488C,16,128,1.2768,30.6432,214.502,932.06
aws,eu-central-1,r7i,x86(Intel),Intel Xeon Platinum 8488C,32,256,2.5536,61.2864,429.005,1864.13
aws,eu-central-1,r7i,x86(Intel),Intel Xeon Platinum 8488C,48,384,3.8304,91.9296,643.507,2796.19
aws,eu-central-1,r7i,x86(Intel),Intel Xeon Platinum 8488C,64,512,5.1072,122.5728,858.01,3728.26
aws,eu-central-1,r7i,x86(Intel),Intel Xeon Platinum 8488C,96,768,7.6608,183.8592,1287.014,5592.38
aws,eu-central-1,r7i,x86(Intel),Intel Xeon Platinum 8488C,192,1536,15.3216,367.7184,2574.029,11184.77
aws,eu-central-1,r8a,x86(AMD),AMD EPYC 9R45,1,8,0.09636,2.3126,16.188,70.34
aws,eu-central-1,r8a,x86(AMD),AMD EPYC 9R45,2,16,0.19272,4.6253,32.377,140.69
aws,eu-central-1,r8a,x86(AMD),AMD EPYC 9R45,4,32,0.38544,9.2506,64.754,281.37
aws,eu-central-1,r8a,x86(AMD),AMD EPYC 9R45,8,64,0.77088,18.5011,129.508,562.74
aws,eu-central-1,r8a,x86(AMD),AMD EPYC 9R45,16,128,1.54176,37.0022,259.016,1125.48
aws,eu-central-1,r8a,x86(AMD),AMD EPYC 9R45,32,256,3.08352,74.0045,518.031,2250.97
aws,eu-central-1,r8a,x86(AMD),AMD EPYC 9R45,48,384,4.62528,111.0067,777.047,3376.45
aws,eu-central-1,r8a,x86(AMD),AMD EPYC 9R45,64,512,6.16704,148.009,1036.063,4501.94
aws,eu-central-1,r8a,x86(AMD),AMD EPYC 9R45,96,768,9.25056,222.0134,1554.094,6752.91
aws,eu-central-1,r8a,x86(AMD),AMD EPYC 9R45,192,1536,18.50112,444.0269,3108.188,13505.82
aws,eu-central-1,r8g,ARM,AWS Graviton4,1,8,0.07106,1.7054,11.938,51.87
aws,eu-central-1,r8g,ARM,AWS Graviton4,2,16,0.14212,3.4109,23.876,103.75
aws,eu-central-1,r8g,ARM,AWS Graviton4,4,32,0.28424,6.8218,47.752,207.5
aws,eu-central-1,r8g,ARM,AWS Graviton4,8,64,0.56848,13.6435,95.505,414.99
aws,eu-central-1,r8g,ARM,AWS Graviton4,16,128,1.13696,27.287,191.009,829.98
aws,eu-central-1,r8g,ARM,AWS Graviton4,32,256,2.27392,54.5741,382.019,1659.96
aws,eu-central-1,r8g,ARM,AWS Graviton4,48,384,3.41088,81.8611,573.028,2489.94
aws,eu-central-1,r8g,ARM,AWS Graviton4,64,512,4.54784,109.1482,764.037,3319.92
aws,eu-central-1,r8g,ARM,AWS Graviton4,96,768,6.82176,163.7222,1146.056,4979.88
aws,eu-central-1,r8g,ARM,AWS Graviton4,192,1536,13.64352,327.4445,2292.111,9959.77
aws,eu-central-1,r8i,x86(Intel),Intel Xeon 6 6985P-C,2,16,0.16758,4.0219,28.153,122.33
aws,eu-central-1,r8i,x86(Intel),Intel Xeon 6 6985P-C,4,32,0.33516,8.0438,56.307,244.67
aws,eu-central-1,r8i,x86(Intel),Intel Xeon 6 6985P-C,8,64,0.67032,16.0877,112.614,489.33
aws,eu-central-1,r8i,x86(Intel),Intel Xeon 6 6985P-C,16,128,1.34064,32.1754,225.228,978.67
aws,eu-central-1,r8i,x86(Intel),Intel Xeon 6 6985P-C,32,256,2.68128,64.3507,450.455,1957.33
aws,eu-central-1,r8i,x86(Intel),Intel Xeon 6 6985P-C,48,384,4.02192,96.5261,675.683,2936.0
aws,eu-central-1,r8i,x86(Intel),Intel Xeon 6 6985P-C,64,512,5.36256,128.7014,900.91,3914.67
aws,eu-central-1,r8i,x86(Intel),Intel Xeon 6 6985P-C,96,768,8.04384,193.0522,1351.365,5872.0
aws,eu-central-1,r8i,x86(Intel),Intel Xeon 6 6985P-C,128,1024,10.72512,257.4029,1801.82,7829.34
aws,eu-central-1,r8i,x86(Intel),Intel Xeon 6 6985P-C,192,1536,16.08768,386.1043,2702.73,11744.01
aws,eu-central-1,r8i,x86(Intel),Intel Xeon 6 6985P-C,384,3072,32.17536,772.2086,5405.46,23488.01
aws,eu-central-1,x8g,ARM,AWS Graviton4,1,16,0.13655,3.2772,22.94,99.68
aws,eu-central-1,x8g,ARM,AWS Graviton4,2,32,0.2731,6.5544,45.881,199.36
aws,eu-central-1,x8g,ARM,AWS Graviton4,4,64,0.5462,13.1088,91.762,398.73
aws,eu-central-1,x8g,ARM,AWS Graviton4,8,128,1.0924,26.2176,183.523,797.45
aws,eu-central-1,x8g,ARM,AWS Graviton4,16,256,2.1848,52.4352,367.046,1594.9
aws,eu-central-1,x8g,ARM,AWS Graviton4,32,512,4.3696,104.8704,734.093,3189.81
aws,eu-central-1,x8g,ARM,AWS Graviton4,48,768,6.5544,157.3056,1101.139,4784.71
aws,eu-central-1,x8g,ARM,AWS Graviton4,64,1024,8.7392,209.7408,1468.186,6379.62
aws,eu-central-1,x8g,ARM,AWS Graviton4,96,1536,13.1088,314.6112,2202.278,9569.42
aws,eu-central-1,x8g,ARM,AWS Graviton4,192,3072,26.2176,629.2224,4404.557,19138.85
aws,eu-central-1,x8i,x86(Intel),Intel Xeon 6 6975P-C,2,32,0.30637,7.3529,51.47,223.65
aws,eu-central-1,x8i,x86(Intel),Intel Xeon 6 6975P-C,4,64,0.61274,14.7058,102.94,447.3
aws,eu-central-1,x8i,x86(Intel),Intel Xeon 6 6975P-C,8,128,1.22548,29.4115,205.881,894.6
aws,eu-central-1,x8i,x86(Intel),Intel Xeon 6 6975P-C,16,256,2.45096,58.823,411.761,1789.2
aws,eu-central-1,x8i,x86(Intel),Intel Xeon 6 6975P-C,32,512,4.90192,117.6461,823.523,3578.4
aws,eu-central-1,x8i,x86(Intel),Intel Xeon 6 6975P-C,48,768,7.35288,176.4691,1235.284,5367.6
aws,eu-central-1,x8i,x86(Intel),Intel Xeon 6 6975P-C,64,1024,9.80384,235.2922,1647.045,7156.8
aws,eu-central-1,x8i,x86(Intel),Intel Xeon 6 6975P-C,96,1536,14.70576,352.9382,2470.568,10735.2
aws,eu-central-1,x8i,x86(Intel),Intel Xeon 6 6975P-C,128,2048,19.60768,470.5843,3294.09,14313.61
aws,eu-central-1,x8i,x86(Intel),Intel Xeon 6 6975P-C,192,3072,29.41152,705.8765,4941.135,21470.41
aws,eu-central-1,x8i,x86(Intel),Intel Xeon 6 6975P-C,256,4096,39.21536,941.1686,6588.18,28627.21
aws,eu-central-1,x8i,x86(Intel),Intel Xeon 6 6975P-C,384,6144,58.82304,1411.753,9882.271,42940.82
aws,eu-central-2,c6g,ARM,AWS Graviton2,1,2,0.0427,1.0248,7.174,31.17
aws,eu-central-2,c6g,ARM,AWS Graviton2,2,4,0.0854,2.0496,14.347,62.34
aws,eu-central-2,c6g,ARM,AWS Graviton2,4,8,0.1707,4.0968,28.678,124.61
aws,eu-central-2,c6g,ARM,AWS Graviton2,8,16,0.3414,8.1936,57.355,249.22
aws,eu-central-2,c6g,ARM,AWS Graviton2,16,32,0.6829,16.3896,114.727,498.52
aws,eu-central-2,c6g,ARM,AWS Graviton2,32,64,1.3658,32.7792,229.454,997.03
aws,eu-central-2,c6g,ARM,AWS Graviton2,48,96,2.0486,49.1664,344.165,1495.48
aws,eu-central-2,c6g,ARM,AWS Graviton2,64,128,2.7315,65.556,458.892,1994.0
aws,eu-central-2,c7g,ARM,AWS Graviton3,1,2,0.0454,1.0896,7.627,33.14
aws,eu-central-2,c7g,ARM,AWS Graviton3,2,4,0.0907,2.1768,15.238,66.21
aws,eu-central-2,c7g,ARM,AWS Graviton3,4,8,0.1814,4.3536,30.475,132.42
aws,eu-central-2,c7g,ARM,AWS Graviton3,8,16,0.3628,8.7072,60.95,264.84
aws,eu-central-2,c7g,ARM,AWS Graviton3,16,32,0.7256,17.4144,121.901,529.69
aws,eu-central-2,c7g,ARM,AWS Graviton3,32,64,1.4512,34.8288,243.802,1059.38
aws,eu-central-2,c7g,ARM,AWS Graviton3,48,96,2.1768,52.2432,365.702,1589.06
aws,eu-central-2,c7g,ARM,AWS Graviton3,64,128,2.9024,69.6576,487.603,2118.75
aws,eu-central-2,c7i,x86(Intel),Intel Xeon Platinum 8488C,2,4,0.11204,2.689,18.823,81.79
aws,eu-central-2,c7i,x86(Intel),Intel Xeon Platinum 8488C,4,8,0.22408,5.3779,37.645,163.58
aws,eu-central-2,c7i,x86(Intel),Intel Xeon Platinum 8488C,8,16,0.44816,10.7558,75.291,327.16
aws,eu-central-2,c7i,x86(Intel),Intel Xeon Platinum 8488C,16,32,0.89632,21.5117,150.582,654.31
aws,eu-central-2,c7i,x86(Intel),Intel Xeon Platinum 8488C,32,64,1.79264,43.0234,301.164,1308.63
aws,eu-central-2,c7i,x86(Intel),Intel Xeon Platinum 8488C,48,96,2.68896,64.535,451.745,1962.94
aws,eu-central-2,c7i,x86(Intel),Intel Xeon Platinum 8488C,64,128,3.58528,86.0467,602.327,2617.25
aws,eu-central-2,c7i,x86(Intel),Intel Xeon Platinum 8488C,96,192,5.37792,129.0701,903.491,3925.88
aws,eu-central-2,c7i,x86(Intel),Intel Xeon Platinum 8488C,192,384,10.75584,258.1402,1806.981,7851.76
aws,eu-central-2,c8g,ARM,AWS Graviton4,1,2,0.04989,1.1974,8.382,36.42
aws,eu-central-2,c8g,ARM,AWS Graviton4,2,4,0.09978,2.3947,16.763,72.84
aws,eu-central-2,c8g,ARM,AWS Graviton4,4,8,0.19956,4.7894,33.526,145.68
aws,eu-central-2,c8g,ARM,AWS Graviton4,8,16,0.39912,9.5789,67.052,291.36
aws,eu-central-2,c8g,ARM,AWS Graviton4,16,32,0.79824,19.1578,134.104,582.72
aws,eu-central-2,c8g,ARM,AWS Graviton4,32,64,1.59648,38.3155,268.209,1165.43
aws,eu-central-2,c8g,ARM,AWS Graviton4,48,96,2.39472,57.4733,402.313,1748.15
aws,eu-central-2,c8g,ARM,AWS Graviton4,64,128,3.19296,76.631,536.417,2330.86
aws,eu-central-2,c8g,ARM,AWS Graviton4,96,192,4.78944,114.9466,804.626,3496.29
aws,eu-central-2,c8g,ARM,AWS Graviton4,192,384,9.57888,229.8931,1609.252,6992.58
aws,eu-central-2,m6g,ARM,AWS Graviton2,1,4,0.0506,1.2144,8.501,36.94
aws,eu-central-2,m6g,ARM,AWS Graviton2,2,8,0.1012,2.4288,17.002,73.88
aws,eu-central-2,m6g,ARM,AWS Graviton2,4,16,0.2024,4.8576,34.003,147.75
aws,eu-central-2,m6g,ARM,AWS Graviton2,8,32,0.4048,9.7152,68.006,295.5
aws,eu-central-2,m6g,ARM,AWS Graviton2,16,64,0.8096,19.4304,136.013,591.01
aws,eu-central-2,m6g,ARM,AWS Graviton2,32,128,1.6192,38.8608,272.026,1182.02
aws,eu-central-2,m6g,ARM,AWS Graviton2,48,192,2.4288,58.2912,408.038,1773.02
aws,eu-central-2,m6g,ARM,AWS Graviton2,64,256,3.2384,77.7216,544.051,2364.03
aws,eu-central-2,m6i,x86(Intel),Intel Xeon Platinum 8375C,2,8,0.1265,3.036,21.252,92.34
aws,eu-central-2,m6i,x86(Intel),Intel Xeon Platinum 8375C,4,16,0.253,6.072,42.504,184.69
aws,eu-central-2,m6i,x86(Intel),Intel Xeon Platinum 8375C,8,32,0.506,12.144,85.008,369.38
aws,eu-central-2,m6i,x86(Intel),Intel Xeon Platinum 8375C,16,64,1.012,24.288,170.016,738.76
aws,eu-central-2,m6i,x86(Intel),Intel Xeon Platinum 8375C,32,128,2.024,48.576,340.032,1477.52
aws,eu-central-2,m6i,x86(Intel),Intel Xeon Platinum 8375C,48,192,3.036,72.864,510.048,2216.28
aws,eu-central-2,m6i,x86(Intel),Intel Xeon Platinum 8375C,64,256,4.048,97.152,680.064,2955.04
aws,eu-central-2,m6i,x86(Intel),Intel Xeon Platinum 8375C,96,384,6.072,145.728,1020.096,4432.56
aws,eu-central-2,m6i,x86(Intel),Intel Xeon Platinum 8375C,128,512,8.096,194.304,1360.128,5910.08
aws,eu-central-2,m7g,ARM,AWS Graviton3,1,4,0.0538,1.2912,9.038,39.27
aws,eu-central-2,m7g,ARM,AWS Graviton3,2,8,0.1075,2.58,18.06,78.47
aws,eu-central-2,m7g,ARM,AWS Graviton3,4,16,0.2151,5.1624,36.137,157.02
aws,eu-central-2,m7g,ARM,AWS Graviton3,8,32,0.4301,10.3224,72.257,313.97
aws,eu-central-2,m7g,ARM,AWS Graviton3,16,64,0.8602,20.6448,144.514,627.95
aws,eu-central-2,m7g,ARM,AWS Graviton3,32,128,1.7204,41.2896,289.027,1255.89
aws,eu-central-2,m7g,ARM,AWS Graviton3,48,192,2.5806,61.9344,433.541,1883.84
aws,eu-central-2,m7g,ARM,AWS Graviton3,64,256,3.4408,82.5792,578.054,2511.78
aws,eu-central-2,m7i,x86(Intel),Intel Xeon Platinum 8488C,2,8,0.13282,3.1877,22.314,96.96
aws,eu-central-2,m7i,x86(Intel),Intel Xeon Platinum 8488C,4,16,0.26564,6.3754,44.628,193.92
aws,eu-central-2,m7i,x86(Intel),Intel Xeon Platinum 8488C,8,32,0.53128,12.7507,89.255,387.83
aws,eu-central-2,m7i,x86(Intel),Intel Xeon Platinum 8488C,16,64,1.06256,25.5014,178.51,775.67
aws,eu-central-2,m7i,x86(Intel),Intel Xeon Platinum 8488C,32,128,2.12512,51.0029,357.02,1551.34
aws,eu-central-2,m7i,x86(Intel),Intel Xeon Platinum 8488C,48,192,3.18768,76.5043,535.53,2327.01
aws,eu-central-2,m7i,x86(Intel),Intel Xeon Platinum 8488C,64,256,4.25024,102.0058,714.04,3102.68
aws,eu-central-2,m7i,x86(Intel),Intel Xeon Platinum 8488C,96,384,6.37536,153.0086,1071.06,4654.01
aws,eu-central-2,m7i,x86(Intel),Intel Xeon Platinum 8488C,192,768,12.75072,306.0173,2142.121,9308.03
aws,eu-central-2,m8g,ARM,AWS Graviton4,1,4,0.05914,1.4194,9.936,43.17
aws,eu-central-2,m8g,ARM,AWS Graviton4,2,8,0.11828,2.8387,19.871,86.34
aws,eu-central-2,m8g,ARM,AWS Graviton4,4,16,0.23656,5.6774,39.742,172.69
aws,eu-central-2,m8g,ARM,AWS Graviton4,8,32,0.47312,11.3549,79.484,345.38
aws,eu-central-2,m8g,ARM,AWS Graviton4,16,64,0.94624,22.7098,158.968,690.76
aws,eu-central-2,m8g,ARM,AWS Graviton4,32,128,1.89248,45.4195,317.937,1381.51
aws,eu-central-2,m8g,ARM,AWS Graviton4,48,192,2.83872,68.1293,476.905,2072.27
aws,eu-central-2,m8g,ARM,AWS Graviton4,64,256,3.78496,90.839,635.873,2763.02
aws,eu-central-2,m8g,ARM,AWS Graviton4,96,384,5.67744,136.2586,953.81,4144.53
aws,eu-central-2,m8g,ARM,AWS Graviton4,192,768,11.35488,272.5171,1907.62,8289.06
aws,eu-central-2,r6g,ARM,AWS Graviton2,1,8,0.0669,1.6056,11.239,48.84
aws,eu-central-2,r6g,ARM,AWS Graviton2,2,16,0.1338,3.2112,22.478,97.67
aws,eu-central-2,r6g,ARM,AWS Graviton2,4,32,0.2675,6.42,44.94,195.28
aws,eu-central-2,r6g,ARM,AWS Graviton2,8,64,0.535,12.84,89.88,390.55
aws,eu-central-2,r6g,ARM,AWS Graviton2,16,128,1.0701,25.6824,179.777,781.17
aws,eu-central-2,r6g,ARM,AWS Graviton2,32,256,2.1402,51.3648,359.554,1562.35
aws,eu-central-2,r6g,ARM,AWS Graviton2,48,384,3.2102,77.0448,539.314,2343.45
aws,eu-central-2,r6g,ARM,AWS Graviton2,64,512,4.2803,102.7272,719.09,3124.62
aws,eu-central-2,r6i,x86(Intel),Intel Xeon Platinum 8375C,2,16,0.1672,4.0128,28.09,122.06
aws,eu-central-2,r6i,x86(Intel),Intel Xeon Platinum 8375C,4,32,0.3344,8.0256,56.179,244.11
aws,eu-central-2,r6i,x86(Intel),Intel Xeon Platinum 8375C,8,64,0.6688,16.0512,112.358,488.22
aws,eu-central-2,r6i,x86(Intel),Intel Xeon Platinum 8375C,16,128,1.3376,32.1024,224.717,976.45
aws,eu-central-2,r6i,x86(Intel),Intel Xeon Platinum 8375C,32,256,2.6752,64.2048,449.434,1952.9
aws,eu-central-2,r6i,x86(Intel),Intel Xeon Platinum 8375C,48,384,4.0128,96.3072,674.15,2929.34
aws,eu-central-2,r6i,x86(Intel),Intel Xeon Platinum 8375C,64,512,5.3504,128.4096,898.867,3905.79
aws,eu-central-2,r6i,x86(Intel),Intel Xeon Platinum 8375C,96,768,8.0256,192.6144,1348.301,5858.69
aws,eu-central-2,r6i,x86(Intel),Intel Xeon Platinum 8375C,128,1024,10.7008,256.8192,1797.734,7811.58
aws,eu-central-2,r7g,ARM,AWS Graviton3,1,8,0.0711,1.7064,11.945,51.9
aws,eu-central-2,r7g,ARM,AWS Graviton3,2,16,0.1421,3.4104,23.873,103.73
aws,eu-central-2,r7g,ARM,AWS Graviton3,4,32,0.2842,6.8208,47.746,207.47
aws,eu-central-2,r7g,ARM,AWS Graviton3,8,64,0.5685,13.644,95.508,415.0
aws,eu-central-2,r7g,ARM,AWS Graviton3,16,128,1.137,27.288,191.016,830.01
aws,eu-central-2,r7g,ARM,AWS Graviton3,32,256,2.2739,54.5736,382.015,1659.95
aws,eu-central-2,r7g,ARM,AWS Graviton3,48,384,3.4109,81.8616,573.031,2489.96
aws,eu-central-2,r7g,ARM,AWS Graviton3,64,512,4.5478,109.1472,764.03,3319.89
aws,eu-central-2,r8g,ARM,AWS Graviton4,1,8,0.07817,1.8761,13.133,57.06
aws,eu-central-2,r8g,ARM,AWS Graviton4,2,16,0.15634,3.7522,26.265,114.13
aws,eu-central-2,r8g,ARM,AWS Graviton4,4,32,0.31268,7.5043,52.53,228.26
aws,eu-central-2,r8g,ARM,AWS Graviton4,8,64,0.62536,15.0086,105.06,456.51
aws,eu-central-2,r8g,ARM,AWS Graviton4,16,128,1.25072,30.0173,210.121,913.03
aws,eu-central-2,r8g,ARM,AWS Graviton4,32,256,2.50144,60.0346,420.242,1826.05
aws,eu-central-2,r8g,ARM,AWS Graviton4,48,384,3.75216,90.0518,630.363,2739.08
aws,eu-central-2,r8g,ARM,AWS Graviton4,64,512,5.00288,120.0691,840.484,3652.1
aws,eu-central-2,r8g,ARM,AWS Graviton4,96,768,7.50432,180.1037,1260.726,5478.15
aws,eu-central-2,r8g,ARM,AWS Graviton4,192,1536,15.00864,360.2074,2521.452,10956.31
aws,eu-central-2,r8i,x86(Intel),Intel Xeon 6 6985P-C,2,16,0.18434,4.4242,30.969,134.57
aws,eu-central-2,r8i,x86(Intel),Intel Xeon 6 6985P-C,4,32,0.36868,8.8483,61.938,269.14
aws,eu-central-2,r8i,x86(Intel),Intel Xeon 6 6985P-C,8,64,0.73736,17.6966,123.876,538.27
aws,eu-central-2,r8i,x86(Intel),Intel Xeon 6 6985P-C,16,128,1.47472,35.3933,247.753,1076.55
aws,eu-central-2,r8i,x86(Intel),Intel Xeon 6 6985P-C,32,256,2.94944,70.7866,495.506,2153.09
aws,eu-central-2,r8i,x86(Intel),Intel Xeon 6 6985P-C,48,384,4.42416,106.1798,743.259,3229.64
aws,eu-central-2,r8i,x86(Intel),Intel Xeon 6 6985P-C,64,512,5.89888,141.5731,991.012,4306.18
aws,eu-central-2,r8i,x86(Intel),Intel Xeon 6 6985P-C,96,768,8.84832,212.3597,1486.518,6459.27
aws,eu-central-2,r8i,x86(Intel),Intel Xeon 6 6985P-C,128,1024,11.79776,283.1462,1982.024,8612.36
aws,eu-central-2,r8i,x86(Intel),Intel Xeon 6 6985P-C,192,1536,17.69664,424.7194,2973.036,12918.55
aws,eu-central-2,r8i,x86(Intel),Intel Xeon 6 6985P-C,384,3072,35.39328,849.4387,5946.071,25837.09
aws,eu-north-1,c6g,ARM,AWS Graviton2,1,2,0.0365,0.876,6.132,26.64
aws,eu-north-1,c6g,ARM,AWS Graviton2,2,4,0.073,1.752,12.264,53.29
aws,eu-north-1,c6g,ARM,AWS Graviton2,4,8,0.146,3.504,24.528,106.58
aws,eu-north-1,c6g,ARM,AWS Graviton2,8,16,0.292,7.008,49.056,213.16
aws,eu-north-1,c6g,ARM,AWS Graviton2,16,32,0.584,14.016,98.112,426.32
aws,eu-north-1,c6g,ARM,AWS Graviton2,32,64,1.168,28.032,196.224,852.64
aws,eu-north-1,c6g,ARM,AWS Graviton2,48,96,1.752,42.048,294.336,1278.96
aws,eu-north-1,c6g,ARM,AWS Graviton2,64,128,2.336,56.064,392.448,1705.28
aws,eu-north-1,c6i,x86(Intel),Intel Xeon Platinum 8375C,2,4,0.091,2.184,15.288,66.43
aws,eu-north-1,c6i,x86(Intel),Intel Xeon Platinum 8375C,4,8,0.182,4.368,30.576,132.86
aws,eu-north-1,c6i,x86(Intel),Intel Xeon Platinum 8375C,8,16,0.364,8.736,61.152,265.72
aws,eu-north-1,c6i,x86(Intel),Intel Xeon Platinum 8375C,16,32,0.728,17.472,122.304,531.44
aws,eu-north-1,c6i,x86(Intel),Intel Xeon Platinum 8375C,32,64,1.456,34.944,244.608,1062.88
aws,eu-north-1,c6i,x86(Intel),Intel Xeon Platinum 8375C,48,96,2.184,52.416,366.912,1594.32
aws,eu-north-1,c6i,x86(Intel),Intel Xeon Platinum 8375C,64,128,2.912,69.888,489.216,2125.76
aws,eu-north-1,c6i,x86(Intel),Intel Xeon Platinum 8375C,96,192,4.368,104.832,733.824,3188.64
aws,eu-north-1,c6i,x86(Intel),Intel Xeon Platinum 8375C,128,256,5.824,139.776,978.432,4251.52
aws,eu-north-1,c7a,x86(AMD),AMD EPYC 9R14,1,2,0.05494,1.3186,9.23,40.11
aws,eu-north-1,c7a,x86(AMD),AMD EPYC 9R14,2,4,0.10988,2.6371,18.46,80.21
aws,eu-north-1,c7a,x86(AMD),AMD EPYC 9R14,4,8,0.21976,5.2742,36.92,160.42
aws,eu-north-1,c7a,x86(AMD),AMD EPYC 9R14,8,16,0.43952,10.5485,73.839,320.85
aws,eu-north-1,c7a,x86(AMD),AMD EPYC 9R14,16,32,0.87904,21.097,147.679,641.7
aws,eu-north-1,c7a,x86(AMD),AMD EPYC 9R14,32,64,1.75808,42.1939,295.357,1283.4
aws,eu-north-1,c7a,x86(AMD),AMD EPYC 9R14,48,96,2.63712,63.2909,443.036,1925.1
aws,eu-north-1,c7a,x86(AMD),AMD EPYC 9R14,64,128,3.51616,84.3878,590.715,2566.8
aws,eu-north-1,c7a,x86(AMD),AMD EPYC 9R14,96,192,5.27424,126.5818,886.072,3850.2
aws,eu-north-1,c7a,x86(AMD),AMD EPYC 9R14,128,256,7.03232,168.7757,1181.43,5133.59
aws,eu-north-1,c7a,x86(AMD),AMD EPYC 9R14,192,384,10.54848,253.1635,1772.145,7700.39
aws,eu-north-1,c7g,ARM,AWS Graviton3,1,2,0.0387,0.9288,6.502,28.25
aws,eu-north-1,c7g,ARM,AWS Graviton3,2,4,0.0774,1.8576,13.003,56.5
aws,eu-north-1,c7g,ARM,AWS Graviton3,4,8,0.1547,3.7128,25.99,112.93
aws,eu-north-1,c7g,ARM,AWS Graviton3,8,16,0.3094,7.4256,51.979,225.86
aws,eu-north-1,c7g,ARM,AWS Graviton3,16,32,0.6189,14.8536,103.975,451.8
aws,eu-north-1,c7g,ARM,AWS Graviton3,32,64,1.2378,29.7072,207.95,903.59
aws,eu-north-1,c7g,ARM,AWS Graviton3,48,96,1.8566,44.5584,311.909,1355.32
aws,eu-north-1,c7g,ARM,AWS Graviton3,64,128,2.4755,59.412,415.884,1807.11
aws,eu-north-1,c7i,x86(Intel),Intel Xeon Platinum 8488C,2,4,0.09555,2.2932,16.052,69.75
aws,eu-north-1,c7i,x86(Intel),Intel Xeon Platinum 8488C,4,8,0.1911,4.5864,32.105,139.5
aws,eu-north-1,c7i,x86(Intel),Intel Xeon Platinum 8488C,8,16,0.3822,9.1728,64.21,279.01
aws,eu-north-1,c7i,x86(Intel),Intel Xeon Platinum 8488C,16,32,0.7644,18.3456,128.419,558.01
aws,eu-north-1,c7i,x86(Intel),Intel Xeon Platinum 8488C,32,64,1.5288,36.6912,256.838,1116.02
aws,eu-north-1,c7i,x86(Intel),Intel Xeon Platinum 8488C,48,96,2.2932,55.0368,385.258,1674.04
aws,eu-north-1,c7i,x86(Intel),Intel Xeon Platinum 8488C,64,128,3.0576,73.3824,513.677,2232.05
aws,eu-north-1,c7i,x86(Intel),Intel Xeon Platinum 8488C,96,192,4.5864,110.0736,770.515,3348.07
aws,eu-north-1,c7i,x86(Intel),Intel Xeon Platinum 8488C,192,384,9.1728,220.1472,1541.03,6696.14
aws,eu-north-1,c8g,ARM,AWS Graviton4,1,2,0.04255,1.0212,7.148,31.06
aws,eu-north-1,c8g,ARM,AWS Graviton4,2,4,0.0851,2.0424,14.297,62.12
aws,eu-north-1,c8g,ARM,AWS Graviton4,4,8,0.1702,4.0848,28.594,124.25
aws,eu-north-1,c8g,ARM,AWS Graviton4,8,16,0.3404,8.1696,57.187,248.49
aws,eu-north-1,c8g,ARM,AWS Graviton4,16,32,0.6808,16.3392,114.374,496.98
aws,eu-north-1,c8g,ARM,AWS Graviton4,32,64,1.3616,32.6784,228.749,993.97
aws,eu-north-1,c8g,ARM,AWS Graviton4,48,96,2.0424,49.0176,343.123,1490.95
aws,eu-north-1,c8g,ARM,AWS Graviton4,64,128,2.7232,65.3568,457.498,1987.94
aws,eu-north-1,c8g,ARM,AWS Graviton4,96,192,4.0848,98.0352,686.246,2981.9
aws,eu-north-1,c8g,ARM,AWS Graviton4,192,384,8.1696,196.0704,1372.493,5963.81
aws,eu-north-1,c8i,x86(Intel),Intel Xeon 6 6975P-C,2,4,0.10033,2.4079,16.855,73.24
aws,eu-north-1,c8i,x86(Intel),Intel Xeon 6 6975P-C,4,8,0.20066,4.8158,33.711,146.48
aws,eu-north-1,c8i,x86(Intel),Intel Xeon 6 6975P-C,8,16,0.40132,9.6317,67.422,292.96
aws,eu-north-1,c8i,x86(Intel),Intel Xeon 6 6975P-C,16,32,0.80264,19.2634,134.844,585.93
aws,eu-north-1,c8i,x86(Intel),Intel Xeon 6 6975P-C,32,64,1.60528,38.5267,269.687,1171.85
aws,eu-north-1,c8i,x86(Intel),Intel Xeon 6 6975P-C,48,96,2.40792,57.7901,404.531,1757.78
aws,eu-north-1,c8i,x86(Intel),Intel Xeon 6 6975P-C,64,128,3.21056,77.0534,539.374,2343.71
aws,eu-north-1,c8i,x86(Intel),Intel Xeon 6 6975P-C,96,192,4.81584,115.5802,809.061,3515.56
aws,eu-north-1,c8i,x86(Intel),Intel Xeon 6 6975P-C,128,256,6.42112,154.1069,1078.748,4687.42
aws,eu-north-1,c8i,x86(Intel),Intel Xeon 6 6975P-C,192,384,9.63168,231.1603,1618.122,7031.13
aws,eu-north-1,c8i,x86(Intel),Intel Xeon 6 6975P-C,384,768,19.26336,462.3206,3236.244,14062.25
aws,eu-north-1,m6g,ARM,AWS Graviton2,1,4,0.041,0.984,6.888,29.93
aws,eu-north-1,m6g,ARM,AWS Graviton2,2,8,0.082,1.968,13.776,59.86
aws,eu-north-1,m6g,ARM,AWS Graviton2,4,16,0.164,3.936,27.552,119.72
aws,eu-north-1,m6g,ARM,AWS Graviton2,8,32,0.328,7.872,55.104,239.44
aws,eu-north-1,m6g,ARM,AWS Graviton2,16,64,0.656,15.744,110.208,478.88
aws,eu-north-1,m6g,ARM,AWS Graviton2,32,128,1.312,31.488,220.416,957.76
aws,eu-north-1,m6g,ARM,AWS Graviton2,48,192,1.968,47.232,330.624,1436.64
aws,eu-north-1,m6g,ARM,AWS Graviton2,64,256,2.624,62.976,440.832,1915.52
aws,eu-north-1,m6i,x86(Intel),Intel Xeon Platinum 8375C,2,8,0.102,2.448,17.136,74.46
aws,eu-north-1,m6i,x86(Intel),Intel Xeon Platinum 8375C,4,16,0.204,4.896,34.272,148.92
aws,eu-north-1,m6i,x86(Intel),Intel Xeon Platinum 8375C,8,32,0.408,9.792,68.544,297.84
aws,eu-north-1,m6i,x86(Intel),Intel Xeon Platinum 8375C,16,64,0.816,19.584,137.088,595.68
aws,eu-north-1,m6i,x86(Intel),Intel Xeon Platinum 8375C,32,128,1.632,39.168,274.176,1191.36
aws,eu-north-1,m6i,x86(Intel),Intel Xeon Platinum 8375C,48,192,2.448,58.752,411.264,1787.04
aws,eu-north-1,m6i,x86(Intel),Intel Xeon Platinum 8375C,64,256,3.264,78.336,548.352,2382.72
aws,eu-north-1,m6i,x86(Intel),Intel Xeon Platinum 8375C,96,384,4.896,117.504,822.528,3574.08
aws,eu-north-1,m6i,x86(Intel),Intel Xeon Platinum 8375C,128,512,6.528,156.672,1096.704,4765.44
aws,eu-north-1,m7a,x86(AMD),AMD EPYC 9R14,1,4,0.06158,1.4779,10.345,44.95
aws,eu-north-1,m7a,x86(AMD),AMD EPYC 9R14,2,8,0.12316,2.9558,20.691,89.91
aws,eu-north-1,m7a,x86(AMD),AMD EPYC 9R14,4,16,0.24632,5.9117,41.382,179.81
aws,eu-north-1,m7a,x86(AMD),AMD EPYC 9R14,8,32,0.49264,11.8234,82.764,359.63
aws,eu-north-1,m7a,x86(AMD),AMD EPYC 9R14,16,64,0.98528,23.6467,165.527,719.25
aws,eu-north-1,m7a,x86(AMD),AMD EPYC 9R14,32,128,1.97056,47.2934,331.054,1438.51
aws,eu-north-1,m7a,x86(AMD),AMD EPYC 9R14,48,192,2.95584,70.9402,496.581,2157.76
aws,eu-north-1,m7a,x86(AMD),AMD EPYC 9R14,64,256,3.94112,94.5869,662.108,2877.02
aws,eu-north-1,m7a,x86(AMD),AMD EPYC 9R14,96,384,5.91168,141.8803,993.162,4315.53
aws,eu-north-1,m7a,x86(AMD),AMD EPYC 9R14,128,512,7.88224,189.1738,1324.216,5754.04
aws,eu-north-1,m7a,x86(AMD),AMD EPYC 9R14,192,768,11.82336,283.7606,1986.324,8631.05
aws,eu-north-1,m7g,ARM,AWS Graviton3,1,4,0.0434,1.0416,7.291,31.68
aws,eu-north-1,m7g,ARM,AWS Graviton3,2,8,0.0867,2.0808,14.566,63.29
aws,eu-north-1,m7g,ARM,AWS Graviton3,4,16,0.1734,4.1616,29.131,126.58
aws,eu-north-1,m7g,ARM,AWS Graviton3,8,32,0.3468,8.3232,58.262,253.16
aws,eu-north-1,m7g,ARM,AWS Graviton3,16,64,0.6936,16.6464,116.525,506.33
aws,eu-north-1,m7g,ARM,AWS Graviton3,32,128,1.3872,33.2928,233.05,1012.66
aws,eu-north-1,m7g,ARM,AWS Graviton3,48,192,2.0808,49.9392,349.574,1518.98
aws,eu-north-1,m7g,ARM,AWS Graviton3,64,256,2.7744,66.5856,466.099,2025.31
aws,eu-north-1,m7i,x86(Intel),Intel Xeon Platinum 8488C,2,8,0.1071,2.5704,17.993,78.18
aws,eu-north-1,m7i,x86(Intel),Intel Xeon Platinum 8488C,4,16,0.2142,5.1408,35.986,156.37
aws,eu-north-1,m7i,x86(Intel),Intel Xeon Platinum 8488C,8,32,0.4284,10.2816,71.971,312.73
aws,eu-north-1,m7i,x86(Intel),Intel Xeon Platinum 8488C,16,64,0.8568,20.5632,143.942,625.46
aws,eu-north-1,m7i,x86(Intel),Intel Xeon Platinum 8488C,32,128,1.7136,41.1264,287.885,1250.93
aws,eu-north-1,m7i,x86(Intel),Intel Xeon Platinum 8488C,48,192,2.5704,61.6896,431.827,1876.39
aws,eu-north-1,m7i,x86(Intel),Intel Xeon Platinum 8488C,64,256,3.4272,82.2528,575.77,2501.86
aws,eu-north-1,m7i,x86(Intel),Intel Xeon Platinum 8488C,96,384,5.1408,123.3792,863.654,3752.78
aws,eu-north-1,m7i,x86(Intel),Intel Xeon Platinum 8488C,192,768,10.2816,246.7584,1727.309,7505.57
aws,eu-north-1,m8g,ARM,AWS Graviton4,1,4,0.04769,1.1446,8.012,34.81
aws,eu-north-1,m8g,ARM,AWS Graviton4,2,8,0.09538,2.2891,16.024,69.63
aws,eu-north-1,m8g,ARM,AWS Graviton4,4,16,0.19076,4.5782,32.048,139.25
aws,eu-north-1,m8g,ARM,AWS Graviton4,8,32,0.38152,9.1565,64.095,278.51
aws,eu-north-1,m8g,ARM,AWS Graviton4,16,64,0.76304,18.313,128.191,557.02
aws,eu-north-1,m8g,ARM,AWS Graviton4,32,128,1.52608,36.6259,256.381,1114.04
aws,eu-north-1,m8g,ARM,AWS Graviton4,48,192,2.28912,54.9389,384.572,1671.06
aws,eu-north-1,m8g,ARM,AWS Graviton4,64,256,3.05216,73.2518,512.763,2228.08
aws,eu-north-1,m8g,ARM,AWS Graviton4,96,384,4.57824,109.8778,769.144,3342.12
aws,eu-north-1,m8g,ARM,AWS Graviton4,192,768,9.15648,219.7555,1538.289,6684.23
aws,eu-north-1,r6g,ARM,AWS Graviton2,1,8,0.0535,1.284,8.988,39.06
aws,eu-north-1,r6g,ARM,AWS Graviton2,2,16,0.107,2.568,17.976,78.11
aws,eu-north-1,r6g,ARM,AWS Graviton2,4,32,0.214,5.136,35.952,156.22
aws,eu-north-1,r6g,ARM,AWS Graviton2,8,64,0.428,10.272,71.904,312.44
aws,eu-north-1,r6g,ARM,AWS Graviton2,16,128,0.856,20.544,143.808,624.88
aws,eu-north-1,r6g,ARM,AWS Graviton2,32,256,1.712,41.088,287.616,1249.76
aws,eu-north-1,r6g,ARM,AWS Graviton2,48,384,2.568,61.632,431.424,1874.64
aws,eu-north-1,r6g,ARM,AWS Graviton2,64,512,3.424,82.176,575.232,2499.52
aws,eu-north-1,r6i,x86(Intel),Intel Xeon Platinum 8375C,2,16,0.134,3.216,22.512,97.82
aws,eu-north-1,r6i,x86(Intel),Intel Xeon Platinum 8375C,4,32,0.268,6.432,45.024,195.64
aws,eu-north-1,r6i,x86(Intel),Intel Xeon Platinum 8375C,8,64,0.536,12.864,90.048,391.28
aws,eu-north-1,r6i,x86(Intel),Intel Xeon Platinum 8375C,16,128,1.072,25.728,180.096,782.56
aws,eu-north-1,r6i,x86(Intel),Intel Xeon Platinum 8375C,32,256,2.144,51.456,360.192,1565.12
aws,eu-north-1,r6i,x86(Intel),Intel Xeon Platinum 8375C,48,384,3.216,77.184,540.288,2347.68
aws,eu-north-1,r6i,x86(Intel),Intel Xeon Platinum 8375C,64,512,4.288,102.912,720.384,3130.24
aws,eu-north-1,r6i,x86(Intel),Intel Xeon Platinum 8375C,96,768,6.432,154.368,1080.576,4695.36
aws,eu-north-1,r6i,x86(Intel),Intel Xeon Platinum 8375C,128,1024,8.576,205.824,1440.768,6260.48
aws,eu-north-1,r7a,x86(AMD),AMD EPYC 9R14,1,8,0.0809,1.9416,13.591,59.06
aws,eu-north-1,r7a,x86(AMD),AMD EPYC 9R14,2,16,0.1618,3.8832,27.182,118.11
aws,eu-north-1,r7a,x86(AMD),AMD EPYC 9R14,4,32,0.3236,7.7664,54.365,236.23
aws,eu-north-1,r7a,x86(AMD),AMD EPYC 9R14,8,64,0.6472,15.5328,108.73,472.46
aws,eu-north-1,r7a,x86(AMD),AMD EPYC 9R14,16,128,1.2944,31.0656,217.459,944.91
aws,eu-north-1,r7a,x86(AMD),AMD EPYC 9R14,32,256,2.5888,62.1312,434.918,1889.82
aws,eu-north-1,r7a,x86(AMD),AMD EPYC 9R14,48,384,3.8832,93.1968,652.378,2834.74
aws,eu-north-1,r7a,x86(AMD),AMD EPYC 9R14,64,512,5.1776,124.2624,869.837,3779.65
aws,eu-north-1,r7a,x86(AMD),AMD EPYC 9R14,96,768,7.7664,186.3936,1304.755,5669.47
aws,eu-north-1,r7a,x86(AMD),AMD EPYC 9R14,128,1024,10.3552,248.5248,1739.674,7559.3
aws,eu-north-1,r7a,x86(AMD),AMD EPYC 9R14,192,1536,15.5328,372.7872,2609.51,11338.94
aws,eu-north-1,r7g,ARM,AWS Graviton3,1,8,0.057,1.368,9.576,41.61
aws,eu-north-1,r7g,ARM,AWS Graviton3,2,16,0.1139,2.7336,19.135,83.15
aws,eu-north-1,r7g,ARM,AWS Graviton3,4,32,0.2278,5.4672,38.27,166.29
aws,eu-north-1,r7g,ARM,AWS Graviton3,8,64,0.4556,10.9344,76.541,332.59
aws,eu-north-1,r7g,ARM,AWS Graviton3,16,128,0.9112,21.8688,153.082,665.18
aws,eu-north-1,r7g,ARM,AWS Graviton3,32,256,1.8224,43.7376,306.163,1330.35
aws,eu-north-1,r7g,ARM,AWS Graviton3,48,384,2.7336,65.6064,459.245,1995.53
aws,eu-north-1,r7g,ARM,AWS Graviton3,64,512,3.6448,87.4752,612.326,2660.7
aws,eu-north-1,r7i,x86(Intel),Intel Xeon Platinum 8488C,2,16,0.1407,3.3768,23.638,102.71
aws,eu-north-1,r7i,x86(Intel),Intel Xeon Platinum 8488C,4,32,0.2814,6.7536,47.275,205.42
aws,eu-north-1,r7i,x86(Intel),Intel Xeon Platinum 8488C,8,64,0.5628,13.5072,94.55,410.84
aws,eu-north-1,r7i,x86(Intel),Intel Xeon Platinum 8488C,16,128,1.1256,27.0144,189.101,821.69
aws,eu-north-1,r7i,x86(Intel),Intel Xeon Platinum 8488C,32,256,2.2512,54.0288,378.202,1643.38
aws,eu-north-1,r7i,x86(Intel),Intel Xeon Platinum 8488C,48,384,3.3768,81.0432,567.302,2465.06
aws,eu-north-1,r7i,x86(Intel),Intel Xeon Platinum 8488C,64,512,4.5024,108.0576,756.403,3286.75
aws,eu-north-1,r7i,x86(Intel),Intel Xeon Platinum 8488C,96,768,6.7536,162.0864,1134.605,4930.13
aws,eu-north-1,r7i,x86(Intel),Intel Xeon Platinum 8488C,192,1536,13.5072,324.1728,2269.21,9860.26
aws,eu-north-1,r8g,ARM,AWS Graviton4,1,8,0.06265,1.5036,10.525,45.73
aws,eu-north-1,r8g,ARM,AWS Graviton4,2,16,0.12529,3.007,21.049,91.46
aws,eu-north-1,r8g,ARM,AWS Graviton4,4,32,0.25058,6.0139,42.097,182.92
aws,eu-north-1,r8g,ARM,AWS Graviton4,8,64,0.50116,12.0278,84.195,365.85
aws,eu-north-1,r8g,ARM,AWS Graviton4,16,128,1.00232,24.0557,168.39,731.69
aws,eu-north-1,r8g,ARM,AWS Graviton4,32,256,2.00464,48.1114,336.78,1463.39
aws,eu-north-1,r8g,ARM,AWS Graviton4,48,384,3.00696,72.167,505.169,2195.08
aws,eu-north-1,r8g,ARM,AWS Graviton4,64,512,4.00928,96.2227,673.559,2926.77
aws,eu-north-1,r8g,ARM,AWS Graviton4,96,768,6.01392,144.3341,1010.339,4390.16
aws,eu-north-1,r8g,ARM,AWS Graviton4,192,1536,12.02784,288.6682,2020.677,8780.32
aws,eu-north-1,r8i,x86(Intel),Intel Xeon 6 6985P-C,2,16,0.14774,3.5458,24.82,107.85
aws,eu-north-1,r8i,x86(Intel),Intel Xeon 6 6985P-C,4,32,0.29548,7.0915,49.641,215.7
aws,eu-north-1,r8i,x86(Intel),Intel Xeon 6 6985P-C,8,64,0.59096,14.183,99.281,431.4
aws,eu-north-1,r8i,x86(Intel),Intel Xeon 6 6985P-C,16,128,1.18192,28.3661,198.563,862.8
aws,eu-north-1,r8i,x86(Intel),Intel Xeon 6 6985P-C,32,256,2.36384,56.7322,397.125,1725.6
aws,eu-north-1,r8i,x86(Intel),Intel Xeon 6 6985P-C,48,384,3.54576,85.0982,595.688,2588.4
aws,eu-north-1,r8i,x86(Intel),Intel Xeon 6 6985P-C,64,512,4.72768,113.4643,794.25,3451.21
aws,eu-north-1,r8i,x86(Intel),Intel Xeon 6 6985P-C,96,768,7.09152,170.1965,1191.375,5176.81
aws,eu-north-1,r8i,x86(Intel),Intel Xeon 6 6985P-C,128,1024,9.45536,226.9286,1588.5,6902.41
aws,eu-north-1,r8i,x86(Intel),Intel Xeon 6 6985P-C,192,1536,14.18304,340.393,2382.751,10353.62
aws,eu-north-1,r8i,x86(Intel),Intel Xeon 6 6985P-C,384,3072,28.36608,680.7859,4765.501,20707.24
aws,eu-north-1,x8g,ARM,AWS Graviton4,1,16,0.11123,2.6695,18.687,81.2
aws,eu-north-1,x8g,ARM,AWS Graviton4,2,32,0.22246,5.339,37.373,162.4
aws,eu-north-1,x8g,ARM,AWS Graviton4,4,64,0.44492,10.6781,74.747,324.79
aws,eu-north-1,x8g,ARM,AWS Graviton4,8,128,0.88984,21.3562,149.493,649.58
aws,eu-north-1,x8g,ARM,AWS Graviton4,16,256,1.77968,42.7123,298.986,1299.17
aws,eu-north-1,x8g,ARM,AWS Graviton4,32,512,3.55936,85.4246,597.972,2598.33
aws,eu-north-1,x8g,ARM,AWS Graviton4,48,768,5.33904,128.137,896.959,3897.5
aws,eu-north-1,x8g,ARM,AWS Graviton4,64,1024,7.11872,170.8493,1195.945,5196.67
aws,eu-north-1,x8g,ARM,AWS Graviton4,96,1536,10.67808,256.2739,1793.917,7795.0
aws,eu-north-1,x8g,ARM,AWS Graviton4,192,3072,21.35616,512.5478,3587.835,15590.0
aws,eu-north-1,x8i,x86(Intel),Intel Xeon 6 6975P-C,2,32,0.24956,5.9894,41.926,182.18
aws,eu-north-1,x8i,x86(Intel),Intel Xeon 6 6975P-C,4,64,0.49912,11.9789,83.852,364.36
aws,eu-north-1,x8i,x86(Intel),Intel Xeon 6 6975P-C,8,128,0.99824,23.9578,167.704,728.72
aws,eu-north-1,x8i,x86(Intel),Intel Xeon 6 6975P-C,16,256,1.99648,47.9155,335.409,1457.43
aws,eu-north-1,x8i,x86(Intel),Intel Xeon 6 6975P-C,32,512,3.99296,95.831,670.817,2914.86
aws,eu-north-1,x8i,x86(Intel),Intel Xeon 6 6975P-C,48,768,5.98944,143.7466,1006.226,4372.29
aws,eu-north-1,x8i,x86(Intel),Intel Xeon 6 6975P-C,64,1024,7.98592,191.6621,1341.635,5829.72
aws,eu-north-1,x8i,x86(Intel),Intel Xeon 6 6975P-C,96,1536,11.97888,287.4931,2012.452,8744.58
aws,eu-north-1,x8i,x86(Intel),Intel Xeon 6 6975P-C,128,2048,15.97184,383.3242,2683.269,11659.44
aws,eu-north-1,x8i,x86(Intel),Intel Xeon 6 6975P-C,192,3072,23.95776,574.9862,4024.904,17489.16
aws,eu-north-1,x8i,x86(Intel),Intel Xeon 6 6975P-C,256,4096,31.94368,766.6483,5366.538,23318.89
aws,eu-north-1,x8i,x86(Intel),Intel Xeon 6 6975P-C,384,6144,51.7837,1242.8088,8699.662,37802.1
aws,eu-south-1,c6g,ARM,AWS Graviton2,1,2,0.0404,0.9696,6.787,29.49
aws,eu-south-1,c6g,ARM,AWS Graviton2,2,4,0.0808,1.9392,13.574,58.98
aws,eu-south-1,c6g,ARM,AWS Graviton2,4,8,0.1616,3.8784,27.149,117.97
aws,eu-south-1,c6g,ARM,AWS Graviton2,8,16,0.3232,7.7568,54.298,235.94
aws,eu-south-1,c6g,ARM,AWS Graviton2,16,32,0.6464,15.5136,108.595,471.87
aws,eu-south-1,c6g,ARM,AWS Graviton2,32,64,1.2928,31.0272,217.19,943.74
aws,eu-south-1,c6g,ARM,AWS Graviton2,48,96,1.9392,46.5408,325.786,1415.62
aws,eu-south-1,c6g,ARM,AWS Graviton2,64,128,2.5856,62.0544,434.381,1887.49
aws,eu-south-1,c6i,x86(Intel),Intel Xeon Platinum 8375C,2,4,0.101,2.424,16.968,73.73
aws,eu-south-1,c6i,x86(Intel),Intel Xeon Platinum 8375C,4,8,0.202,4.848,33.936,147.46
aws,eu-south-1,c6i,x86(Intel),Intel Xeon Platinum 8375C,8,16,0.404,9.696,67.872,294.92
aws,eu-south-1,c6i,x86(Intel),Intel Xeon Platinum 8375C,16,32,0.808,19.392,135.744,589.84
aws,eu-south-1,c6i,x86(Intel),Intel Xeon Platinum 8375C,32,64,1.616,38.784,271.488,1179.68
aws,eu-south-1,c6i,x86(Intel),Intel Xeon Platinum 8375C,48,96,2.424,58.176,407.232,1769.52
aws,eu-south-1,c6i,x86(Intel),Intel Xeon Platinum 8375C,64,128,3.232,77.568,542.976,2359.36
aws,eu-south-1,c6i,x86(Intel),Intel Xeon Platinum 8375C,96,192,4.848,116.352,814.464,3539.04
aws,eu-south-1,c6i,x86(Intel),Intel Xeon Platinum 8375C,128,256,6.464,155.136,1085.952,4718.72
aws,eu-south-1,c7g,ARM,AWS Graviton3,1,2,0.0428,1.0272,7.19,31.24
aws,eu-south-1,c7g,ARM,AWS Graviton3,2,4,0.0856,2.0544,14.381,62.49
aws,eu-south-1,c7g,ARM,AWS Graviton3,4,8,0.1713,4.1112,28.778,125.05
aws,eu-south-1,c7g,ARM,AWS Graviton3,8,16,0.3426,8.2224,57.557,250.1
aws,eu-south-1,c7g,ARM,AWS Graviton3,16,32,0.6852,16.4448,115.114,500.2
aws,eu-south-1,c7g,ARM,AWS Graviton3,32,64,1.3704,32.8896,230.227,1000.39
aws,eu-south-1,c7g,ARM,AWS Graviton3,48,96,2.0556,49.3344,345.341,1500.59
aws,eu-south-1,c7g,ARM,AWS Graviton3,64,128,2.7407,65.7768,460.438,2000.71
aws,eu-south-1,c8g,ARM,AWS Graviton4,1,2,0.04711,1.1306,7.914,34.39
aws,eu-south-1,c8g,ARM,AWS Graviton4,2,4,0.09422,2.2613,15.829,68.78
aws,eu-south-1,c8g,ARM,AWS Graviton4,4,8,0.18844,4.5226,31.658,137.56
aws,eu-south-1,c8g,ARM,AWS Graviton4,8,16,0.37688,9.0451,63.316,275.12
aws,eu-south-1,c8g,ARM,AWS Graviton4,16,32,0.75376,18.0902,126.632,550.24
aws,eu-south-1,c8g,ARM,AWS Graviton4,32,64,1.50752,36.1805,253.263,1100.49
aws,eu-south-1,c8g,ARM,AWS Graviton4,48,96,2.26128,54.2707,379.895,1650.73
aws,eu-south-1,c8g,ARM,AWS Graviton4,64,128,3.01504,72.361,506.527,2200.98
aws,eu-south-1,c8g,ARM,AWS Graviton4,96,192,4.52256,108.5414,759.79,3301.47
aws,eu-south-1,c8g,ARM,AWS Graviton4,192,384,9.04512,217.0829,1519.58,6602.94
aws,eu-south-1,m6a,x86(AMD),AMD EPYC 7R13,2,8,0.1008,2.4192,16.934,73.58
aws,eu-south-1,m6a,x86(AMD),AMD EPYC 7R13,4,16,0.2016,4.8384,33.869,147.17
aws,eu-south-1,m6a,x86(AMD),AMD EPYC 7R13,8,32,0.4032,9.6768,67.738,294.34
aws,eu-south-1,m6a,x86(AMD),AMD EPYC 7R13,16,64,0.8064,19.3536,135.475,588.67
aws,eu-south-1,m6a,x86(AMD),AMD EPYC 7R13,32,128,1.6128,38.7072,270.95,1177.34
aws,eu-south-1,m6a,x86(AMD),AMD EPYC 7R13,48,192,2.4192,58.0608,406.426,1766.02
aws,eu-south-1,m6a,x86(AMD),AMD EPYC 7R13,64,256,3.2256,77.4144,541.901,2354.69
aws,eu-south-1,m6a,x86(AMD),AMD EPYC 7R13,96,384,4.8384,116.1216,812.851,3532.03
aws,eu-south-1,m6a,x86(AMD),AMD EPYC 7R13,128,512,6.4512,154.8288,1083.802,4709.38
aws,eu-south-1,m6a,x86(AMD),AMD EPYC 7R13,192,768,9.6768,232.2432,1625.702,7064.06
aws,eu-south-1,m6g,ARM,AWS Graviton2,1,4,0.0448,1.0752,7.526,32.7
aws,eu-south-1,m6g,ARM,AWS Graviton2,2,8,0.0896,2.1504,15.053,65.41
aws,eu-south-1,m6g,ARM,AWS Graviton2,4,16,0.1792,4.3008,30.106,130.82
aws,eu-south-1,m6g,ARM,AWS Graviton2,8,32,0.3584,8.6016,60.211,261.63
aws,eu-south-1,m6g,ARM,AWS Graviton2,16,64,0.7168,17.2032,120.422,523.26
aws,eu-south-1,m6g,ARM,AWS Graviton2,32,128,1.4336,34.4064,240.845,1046.53
aws,eu-south-1,m6g,ARM,AWS Graviton2,48,192,2.1504,51.6096,361.267,1569.79
aws,eu-south-1,m6g,ARM,AWS Graviton2,64,256,2.8672,68.8128,481.69,2093.06
aws,eu-south-1,m6i,x86(Intel),Intel Xeon Platinum 8375C,2,8,0.112,2.688,18.816,81.76
aws,eu-south-1,m6i,x86(Intel),Intel Xeon Platinum 8375C,4,16,0.224,5.376,37.632,163.52
aws,eu-south-1,m6i,x86(Intel),Intel Xeon Platinum 8375C,8,32,0.448,10.752,75.264,327.04
aws,eu-south-1,m6i,x86(Intel),Intel Xeon Platinum 8375C,16,64,0.896,21.504,150.528,654.08
aws,eu-south-1,m6i,x86(Intel),Intel Xeon Platinum 8375C,32,128,1.792,43.008,301.056,1308.16
aws,eu-south-1,m6i,x86(Intel),Intel Xeon Platinum 8375C,48,192,2.688,64.512,451.584,1962.24
aws,eu-south-1,m6i,x86(Intel),Intel Xeon Platinum 8375C,64,256,3.584,86.016,602.112,2616.32
aws,eu-south-1,m6i,x86(Intel),Intel Xeon Platinum 8375C,96,384,5.376,129.024,903.168,3924.48
aws,eu-south-1,m6i,x86(Intel),Intel Xeon Platinum 8375C,128,512,7.168,172.032,1204.224,5232.64
aws,eu-south-1,m7i,x86(Intel),Intel Xeon Platinum 8488C,2,8,0.1176,2.8224,19.757,85.85
aws,eu-south-1,m7i,x86(Intel),Intel Xeon Platinum 8488C,4,16,0.2352,5.6448,39.514,171.7
aws,eu-south-1,m7i,x86(Intel),Intel Xeon Platinum 8488C,8,32,0.4704,11.2896,79.027,343.39
aws,eu-south-1,m7i,x86(Intel),Intel Xeon Platinum 8488C,16,64,0.9408,22.5792,158.054,686.78
aws,eu-south-1,m7i,x86(Intel),Intel Xeon Platinum 8488C,32,128,1.8816,45.1584,316.109,1373.57
aws,eu-south-1,m7i,x86(Intel),Intel Xeon Platinum 8488C,48,192,2.8224,67.7376,474.163,2060.35
aws,eu-south-1,m7i,x86(Intel),Intel Xeon Platinum 8488C,64,256,3.7632,90.3168,632.218,2747.14
aws,eu-south-1,m7i,x86(Intel),Intel Xeon Platinum 8488C,96,384,5.6448,135.4752,948.326,4120.7
aws,eu-south-1,m7i,x86(Intel),Intel Xeon Platinum 8488C,192,768,11.2896,270.9504,1896.653,8241.41
aws,eu-south-1,m8g,ARM,AWS Graviton4,1,4,0.05236,1.2566,8.796,38.22
aws,eu-south-1,m8g,ARM,AWS Graviton4,2,8,0.10472,2.5133,17.593,76.45
aws,eu-south-1,m8g,ARM,AWS Graviton4,4,16,0.20944,5.0266,35.186,152.89
aws,eu-south-1,m8g,ARM,AWS Graviton4,8,32,0.41888,10.0531,70.372,305.78
aws,eu-south-1,m8g,ARM,AWS Graviton4,16,64,0.83776,20.1062,140.744,611.56
aws,eu-south-1,m8g,ARM,AWS Graviton4,32,128,1.67552,40.2125,281.487,1223.13
aws,eu-south-1,m8g,ARM,AWS Graviton4,48,192,2.51328,60.3187,422.231,1834.69
aws,eu-south-1,m8g,ARM,AWS Graviton4,64,256,3.35104,80.425,562.975,2446.26
aws,eu-south-1,m8g,ARM,AWS Graviton4,96,384,5.02656,120.6374,844.462,3669.39
aws,eu-south-1,m8g,ARM,AWS Graviton4,192,768,10.05312,241.2749,1688.924,7338.78
aws,eu-south-1,r6g,ARM,AWS Graviton2,1,8,0.0592,1.4208,9.946,43.22
aws,eu-south-1,r6g,ARM,AWS Graviton2,2,16,0.1184,2.8416,19.891,86.43
aws,eu-south-1,r6g,ARM,AWS Graviton2,4,32,0.2368,5.6832,39.782,172.86
aws,eu-south-1,r6g,ARM,AWS Graviton2,8,64,0.4736,11.3664,79.565,345.73
aws,eu-south-1,r6g,ARM,AWS Graviton2,16,128,0.9472,22.7328,159.13,691.46
aws,eu-south-1,r6g,ARM,AWS Graviton2,32,256,1.8944,45.4656,318.259,1382.91
aws,eu-south-1,r6g,ARM,AWS Graviton2,48,384,2.8416,68.1984,477.389,2074.37
aws,eu-south-1,r6g,ARM,AWS Graviton2,64,512,3.7888,90.9312,636.518,2765.82
aws,eu-south-1,r6i,x86(Intel),Intel Xeon Platinum 8375C,2,16,0.148,3.552,24.864,108.04
aws,eu-south-1,r6i,x86(Intel),Intel Xeon Platinum 8375C,4,32,0.296,7.104,49.728,216.08
aws,eu-south-1,r6i,x86(Intel),Intel Xeon Platinum 8375C,8,64,0.592,14.208,99.456,432.16
aws,eu-south-1,r6i,x86(Intel),Intel Xeon Platinum 8375C,16,128,1.184,28.416,198.912,864.32
aws,eu-south-1,r6i,x86(Intel),Intel Xeon Platinum 8375C,32,256,2.368,56.832,397.824,1728.64
aws,eu-south-1,r6i,x86(Intel),Intel Xeon Platinum 8375C,48,384,3.552,85.248,596.736,2592.96
aws,eu-south-1,r6i,x86(Intel),Intel Xeon Platinum 8375C,64,512,4.736,113.664,795.648,3457.28
aws,eu-south-1,r6i,x86(Intel),Intel Xeon Platinum 8375C,96,768,7.104,170.496,1193.472,5185.92
aws,eu-south-1,r6i,x86(Intel),Intel Xeon Platinum 8375C,128,1024,9.472,227.328,1591.296,6914.56
aws,eu-south-1,r7g,ARM,AWS Graviton3,1,8,0.0628,1.5072,10.55,45.84
aws,eu-south-1,r7g,ARM,AWS Graviton3,2,16,0.1255,3.012,21.084,91.62
aws,eu-south-1,r7g,ARM,AWS Graviton3,4,32,0.251,6.024,42.168,183.23
aws,eu-south-1,r7g,ARM,AWS Graviton3,8,64,0.502,12.048,84.336,366.46
aws,eu-south-1,r7g,ARM,AWS Graviton3,16,128,1.004,24.096,168.672,732.92
aws,eu-south-1,r7g,ARM,AWS Graviton3,32,256,2.0081,48.1944,337.361,1465.91
aws,eu-south-1,r7g,ARM,AWS Graviton3,48,384,3.0121,72.2904,506.033,2198.83
aws,eu-south-1,r7g,ARM,AWS Graviton3,64,512,4.0161,96.3864,674.705,2931.75
aws,eu-south-1,r7i,x86(Intel),Intel Xeon Platinum 8488C,2,16,0.1554,3.7296,26.107,113.44
aws,eu-south-1,r7i,x86(Intel),Intel Xeon Platinum 8488C,4,32,0.3108,7.4592,52.214,226.88
aws,eu-south-1,r7i,x86(Intel),Intel Xeon Platinum 8488C,8,64,0.6216,14.9184,104.429,453.77
aws,eu-south-1,r7i,x86(Intel),Intel Xeon Platinum 8488C,16,128,1.2432,29.8368,208.858,907.54
aws,eu-south-1,r7i,x86(Intel),Intel Xeon Platinum 8488C,32,256,2.4864,59.6736,417.715,1815.07
aws,eu-south-1,r7i,x86(Intel),Intel Xeon Platinum 8488C,48,384,3.7296,89.5104,626.573,2722.61
aws,eu-south-1,r7i,x86(Intel),Intel Xeon Platinum 8488C,64,512,4.9728,119.3472,835.43,3630.14
aws,eu-south-1,r7i,x86(Intel),Intel Xeon Platinum 8488C,96,768,7.4592,179.0208,1253.146,5445.22
aws,eu-south-1,r7i,x86(Intel),Intel Xeon Platinum 8488C,192,1536,14.9184,358.0416,2506.291,10890.43
aws,eu-south-1,r8g,ARM,AWS Graviton4,1,8,0.06903,1.6567,11.597,50.39
aws,eu-south-1,r8g,ARM,AWS Graviton4,2,16,0.13806,3.3134,23.194,100.78
aws,eu-south-1,r8g,ARM,AWS Graviton4,4,32,0.27612,6.6269,46.388,201.57
aws,eu-south-1,r8g,ARM,AWS Graviton4,8,64,0.55224,13.2538,92.776,403.14
aws,eu-south-1,r8g,ARM,AWS Graviton4,16,128,1.10448,26.5075,185.553,806.27
aws,eu-south-1,r8g,ARM,AWS Graviton4,32,256,2.20896,53.015,371.105,1612.54
aws,eu-south-1,r8g,ARM,AWS Graviton4,48,384,3.31344,79.5226,556.658,2418.81
aws,eu-south-1,r8g,ARM,AWS Graviton4,64,512,4.41792,106.0301,742.211,3225.08
aws,eu-south-1,r8g,ARM,AWS Graviton4,96,768,6.62688,159.0451,1113.316,4837.62
aws,eu-south-1,r8g,ARM,AWS Graviton4,192,1536,13.25376,318.0902,2226.632,9675.24
aws,eu-south-2,c6g,ARM,AWS Graviton2,1,2,0.0365,0.876,6.132,26.64
aws,eu-south-2,c6g,ARM,AWS Graviton2,2,4,0.073,1.752,12.264,53.29
aws,eu-south-2,c6g,ARM,AWS Graviton2,4,8,0.1459,3.5016,24.511,106.51
aws,eu-south-2,c6g,ARM,AWS Graviton2,8,16,0.2918,7.0032,49.022,213.01
aws,eu-south-2,c6g,ARM,AWS Graviton2,16,32,0.5837,14.0088,98.062,426.1
aws,eu-south-2,c6g,ARM,AWS Graviton2,32,64,1.1674,28.0176,196.123,852.2
aws,eu-south-2,c6g,ARM,AWS Graviton2,48,96,1.751,42.024,294.168,1278.23
aws,eu-south-2,c6g,ARM,AWS Graviton2,64,128,2.3347,56.0328,392.23,1704.33
aws,eu-south-2,c7a,x86(AMD),AMD EPYC 9R14,1,2,0.05505,1.3212,9.248,40.19
aws,eu-south-2,c7a,x86(AMD),AMD EPYC 9R14,2,4,0.1101,2.6424,18.497,80.37
aws,eu-south-2,c7a,x86(AMD),AMD EPYC 9R14,4,8,0.2202,5.2848,36.994,160.75
aws,eu-south-2,c7a,x86(AMD),AMD EPYC 9R14,8,16,0.4404,10.5696,73.987,321.49
aws,eu-south-2,c7a,x86(AMD),AMD EPYC 9R14,16,32,0.8808,21.1392,147.974,642.98
aws,eu-south-2,c7a,x86(AMD),AMD EPYC 9R14,32,64,1.7616,42.2784,295.949,1285.97
aws,eu-south-2,c7a,x86(AMD),AMD EPYC 9R14,48,96,2.6424,63.4176,443.923,1928.95
aws,eu-south-2,c7a,x86(AMD),AMD EPYC 9R14,64,128,3.5232,84.5568,591.898,2571.94
aws,eu-south-2,c7a,x86(AMD),AMD EPYC 9R14,96,192,5.2848,126.8352,887.846,3857.9
aws,eu-south-2,c7a,x86(AMD),AMD EPYC 9R14,128,256,7.0464,169.1136,1183.795,5143.87
aws,eu-south-2,c7a,x86(AMD),AMD EPYC 9R14,192,384,10.5696,253.6704,1775.693,7715.81
aws,eu-south-2,c7g,ARM,AWS Graviton3,1,2,0.0388,0.9312,6.518,28.32
aws,eu-south-2,c7g,ARM,AWS Graviton3,2,4,0.0775,1.86,13.02,56.58
aws,eu-south-2,c7g,ARM,AWS Graviton3,4,8,0.155,3.72,26.04,113.15
aws,eu-south-2,c7g,ARM,AWS Graviton3,8,16,0.31,7.44,52.08,226.3
aws,eu-south-2,c7g,ARM,AWS Graviton3,16,32,0.62,14.88,104.16,452.6
aws,eu-south-2,c7g,ARM,AWS Graviton3,32,64,1.24,29.76,208.32,905.2
aws,eu-south-2,c7g,ARM,AWS Graviton3,48,96,1.86,44.64,312.48,1357.8
aws,eu-south-2,c7g,ARM,AWS Graviton3,64,128,2.48,59.52,416.64,1810.4
aws,eu-south-2,c7i,x86(Intel),Intel Xeon Platinum 8488C,2,4,0.09575,2.298,16.086,69.9
aws,eu-south-2,c7i,x86(Intel),Intel Xeon Platinum 8488C,4,8,0.1915,4.596,32.172,139.8
aws,eu-south-2,c7i,x86(Intel),Intel Xeon Platinum 8488C,8,16,0.383,9.192,64.344,279.59
aws,eu-south-2,c7i,x86(Intel),Intel Xeon Platinum 8488C,16,32,0.766,18.384,128.688,559.18
aws,eu-south-2,c7i,x86(Intel),Intel Xeon Platinum 8488C,32,64,1.532,36.768,257.376,1118.36
aws,eu-south-2,c7i,x86(Intel),Intel Xeon Platinum 8488C,48,96,2.298,55.152,386.064,1677.54
aws,eu-south-2,c7i,x86(Intel),Intel Xeon Platinum 8488C,64,128,3.064,73.536,514.752,2236.72
aws,eu-south-2,c7i,x86(Intel),Intel Xeon Platinum 8488C,96,192,4.596,110.304,772.128,3355.08
aws,eu-south-2,c7i,x86(Intel),Intel Xeon Platinum 8488C,192,384,9.192,220.608,1544.256,6710.16
aws,eu-south-2,c8a,x86(AMD),AMD EPYC 9R45,1,2,0.05781,1.3874,9.712,42.2
aws,eu-south-2,c8a,x86(AMD),AMD EPYC 9R45,2,4,0.11561,2.7746,19.422,84.4
aws,eu-south-2,c8a,x86(AMD),AMD EPYC 9R45,4,8,0.23122,5.5493,38.845,168.79
aws,eu-south-2,c8a,x86(AMD),AMD EPYC 9R45,8,16,0.46244,11.0986,77.69,337.58
aws,eu-south-2,c8a,x86(AMD),AMD EPYC 9R45,16,32,0.92488,22.1971,155.38,675.16
aws,eu-south-2,c8a,x86(AMD),AMD EPYC 9R45,32,64,1.84976,44.3942,310.76,1350.32
aws,eu-south-2,c8a,x86(AMD),AMD EPYC 9R45,48,96,2.77464,66.5914,466.14,2025.49
aws,eu-south-2,c8a,x86(AMD),AMD EPYC 9R45,64,128,3.69952,88.7885,621.519,2700.65
aws,eu-south-2,c8a,x86(AMD),AMD EPYC 9R45,96,192,5.54928,133.1827,932.279,4050.97
aws,eu-south-2,c8a,x86(AMD),AMD EPYC 9R45,192,384,11.09856,266.3654,1864.558,8101.95
aws,eu-south-2,c8g,ARM,AWS Graviton4,1,2,0.04263,1.0231,7.162,31.12
aws,eu-south-2,c8g,ARM,AWS Graviton4,2,4,0.08526,2.0462,14.324,62.24
aws,eu-south-2,c8g,ARM,AWS Graviton4,4,8,0.17052,4.0925,28.647,124.48
aws,eu-south-2,c8g,ARM,AWS Graviton4,8,16,0.34104,8.185,57.295,248.96
aws,eu-south-2,c8g,ARM,AWS Graviton4,16,32,0.68208,16.3699,114.589,497.92
aws,eu-south-2,c8g,ARM,AWS Graviton4,32,64,1.36416,32.7398,229.179,995.84
aws,eu-south-2,c8g,ARM,AWS Graviton4,48,96,2.04624,49.1098,343.768,1493.76
aws,eu-south-2,c8g,ARM,AWS Graviton4,64,128,2.72832,65.4797,458.358,1991.67
aws,eu-south-2,c8g,ARM,AWS Graviton4,96,192,4.09248,98.2195,687.537,2987.51
aws,eu-south-2,c8g,ARM,AWS Graviton4,192,384,8.18496,196.439,1375.073,5975.02
aws,eu-south-2,c8i,x86(Intel),Intel Xeon 6 6975P-C,2,4,0.10054,2.413,16.891,73.39
aws,eu-south-2,c8i,x86(Intel),Intel Xeon 6 6975P-C,4,8,0.20108,4.8259,33.781,146.79
aws,eu-south-2,c8i,x86(Intel),Intel Xeon 6 6975P-C,8,16,0.40216,9.6518,67.563,293.58
aws,eu-south-2,c8i,x86(Intel),Intel Xeon 6 6975P-C,16,32,0.80432,19.3037,135.126,587.15
aws,eu-south-2,c8i,x86(Intel),Intel Xeon 6 6975P-C,32,64,1.60864,38.6074,270.252,1174.31
aws,eu-south-2,c8i,x86(Intel),Intel Xeon 6 6975P-C,48,96,2.41296,57.911,405.377,1761.46
aws,eu-south-2,c8i,x86(Intel),Intel Xeon 6 6975P-C,64,128,3.21728,77.2147,540.503,2348.61
aws,eu-south-2,c8i,x86(Intel),Intel Xeon 6 6975P-C,96,192,4.82592,115.8221,810.755,3522.92
aws,eu-south-2,c8i,x86(Intel),Intel Xeon 6 6975P-C,128,256,6.43456,154.4294,1081.006,4697.23
aws,eu-south-2,c8i,x86(Intel),Intel Xeon 6 6975P-C,192,384,9.65184,231.6442,1621.509,7045.84
aws,eu-south-2,c8i,x86(Intel),Intel Xeon 6 6975P-C,384,768,19.30368,463.2883,3243.018,14091.69
aws,eu-south-2,m6g,ARM,AWS Graviton2,1,4,0.043,1.032,7.224,31.39
aws,eu-south-2,m6g,ARM,AWS Graviton2,2,8,0.086,2.064,14.448,62.78
aws,eu-south-2,m6g,ARM,AWS Graviton2,4,16,0.172,4.128,28.896,125.56
aws,eu-south-2,m6g,ARM,AWS Graviton2,8,32,0.344,8.256,57.792,251.12
aws,eu-south-2,m6g,ARM,AWS Graviton2,16,64,0.688,16.512,115.584,502.24
aws,eu-south-2,m6g,ARM,AWS Graviton2,32,128,1.376,33.024,231.168,1004.48
aws,eu-south-2,m6g,ARM,AWS Graviton2,48,192,2.064,49.536,346.752,1506.72
aws,eu-south-2,m6g,ARM,AWS Graviton2,64,256,2.752,66.048,462.336,2008.96
aws,eu-south-2,m7a,x86(AMD),AMD EPYC 9R14,1,4,0.0646,1.5504,10.853,47.16
aws,eu-south-2,m7a,x86(AMD),AMD EPYC 9R14,2,8,0.1292,3.1008,21.706,94.32
aws,eu-south-2,m7a,x86(AMD),AMD EPYC 9R14,4,16,0.2584,6.2016,43.411,188.63
aws,eu-south-2,m7a,x86(AMD),AMD EPYC 9R14,8,32,0.5168,12.4032,86.822,377.26
aws,eu-south-2,m7a,x86(AMD),AMD EPYC 9R14,16,64,1.0336,24.8064,173.645,754.53
aws,eu-south-2,m7a,x86(AMD),AMD EPYC 9R14,32,128,2.0672,49.6128,347.29,1509.06
aws,eu-south-2,m7a,x86(AMD),AMD EPYC 9R14,48,192,3.1008,74.4192,520.934,2263.58
aws,eu-south-2,m7a,x86(AMD),AMD EPYC 9R14,64,256,4.1344,99.2256,694.579,3018.11
aws,eu-south-2,m7a,x86(AMD),AMD EPYC 9R14,96,384,6.2016,148.8384,1041.869,4527.17
aws,eu-south-2,m7a,x86(AMD),AMD EPYC 9R14,128,512,8.2688,198.4512,1389.158,6036.22
aws,eu-south-2,m7a,x86(AMD),AMD EPYC 9R14,192,768,12.4032,297.6768,2083.738,9054.34
aws,eu-south-2,m7g,ARM,AWS Graviton3,1,4,0.0455,1.092,7.644,33.21
aws,eu-south-2,m7g,ARM,AWS Graviton3,2,8,0.0909,2.1816,15.271,66.36
aws,eu-south-2,m7g,ARM,AWS Graviton3,4,16,0.1818,4.3632,30.542,132.71
aws,eu-south-2,m7g,ARM,AWS Graviton3,8,32,0.3636,8.7264,61.085,265.43
aws,eu-south-2,m7g,ARM,AWS Graviton3,16,64,0.7272,17.4528,122.17,530.86
aws,eu-south-2,m7g,ARM,AWS Graviton3,32,128,1.4544,34.9056,244.339,1061.71
aws,eu-south-2,m7g,ARM,AWS Graviton3,48,192,2.1816,52.3584,366.509,1592.57
aws,eu-south-2,m7g,ARM,AWS Graviton3,64,256,2.9088,69.8112,488.678,2123.42
aws,eu-south-2,m7i,x86(Intel),Intel Xeon Platinum 8488C,2,8,0.11235,2.6964,18.875,82.02
aws,eu-south-2,m7i,x86(Intel),Intel Xeon Platinum 8488C,4,16,0.2247,5.3928,37.75,164.03
aws,eu-south-2,m7i,x86(Intel),Intel Xeon Platinum 8488C,8,32,0.4494,10.7856,75.499,328.06
aws,eu-south-2,m7i,x86(Intel),Intel Xeon Platinum 8488C,16,64,0.8988,21.5712,150.998,656.12
aws,eu-south-2,m7i,x86(Intel),Intel Xeon Platinum 8488C,32,128,1.7976,43.1424,301.997,1312.25
aws,eu-south-2,m7i,x86(Intel),Intel Xeon Platinum 8488C,48,192,2.6964,64.7136,452.995,1968.37
aws,eu-south-2,m7i,x86(Intel),Intel Xeon Platinum 8488C,64,256,3.5952,86.2848,603.994,2624.5
aws,eu-south-2,m7i,x86(Intel),Intel Xeon Platinum 8488C,96,384,5.3928,129.4272,905.99,3936.74
aws,eu-south-2,m7i,x86(Intel),Intel Xeon Platinum 8488C,192,768,10.7856,258.8544,1811.981,7873.49
aws,eu-south-2,m8a,x86(AMD),AMD EPYC 9R45,1,4,0.06783,1.6279,11.395,49.52
aws,eu-south-2,m8a,x86(AMD),AMD EPYC 9R45,2,8,0.13566,3.2558,22.791,99.03
aws,eu-south-2,m8a,x86(AMD),AMD EPYC 9R45,4,16,0.27132,6.5117,45.582,198.06
aws,eu-south-2,m8a,x86(AMD),AMD EPYC 9R45,8,32,0.54264,13.0234,91.164,396.13
aws,eu-south-2,m8a,x86(AMD),AMD EPYC 9R45,16,64,1.08528,26.0467,182.327,792.25
aws,eu-south-2,m8a,x86(AMD),AMD EPYC 9R45,32,128,2.17056,52.0934,364.654,1584.51
aws,eu-south-2,m8a,x86(AMD),AMD EPYC 9R45,48,192,3.25584,78.1402,546.981,2376.76
aws,eu-south-2,m8a,x86(AMD),AMD EPYC 9R45,64,256,4.34112,104.1869,729.308,3169.02
aws,eu-south-2,m8a,x86(AMD),AMD EPYC 9R45,96,384,6.51168,156.2803,1093.962,4753.53
aws,eu-south-2,m8a,x86(AMD),AMD EPYC 9R45,192,768,13.02336,312.5606,2187.924,9507.05
aws,eu-south-2,m8g,ARM,AWS Graviton4,1,4,0.04999,1.1998,8.398,36.49
aws,eu-south-2,m8g,ARM,AWS Graviton4,2,8,0.09998,2.3995,16.797,72.99
aws,eu-south-2,m8g,ARM,AWS Graviton4,4,16,0.19996,4.799,33.593,145.97
aws,eu-south-2,m8g,ARM,AWS Graviton4,8,32,0.39992,9.5981,67.187,291.94
aws,eu-south-2,m8g,ARM,AWS Graviton4,16,64,0.79984,19.1962,134.373,583.88
aws,eu-south-2,m8g,ARM,AWS Graviton4,32,128,1.59968,38.3923,268.746,1167.77
aws,eu-south-2,m8g,ARM,AWS Graviton4,48,192,2.39952,57.5885,403.119,1751.65
aws,eu-south-2,m8g,ARM,AWS Graviton4,64,256,3.19936,76.7846,537.492,2335.53
aws,eu-south-2,m8g,ARM,AWS Graviton4,96,384,4.79904,115.177,806.239,3503.3
aws,eu-south-2,m8g,ARM,AWS Graviton4,192,768,9.59808,230.3539,1612.477,7006.6
aws,eu-south-2,m8i,x86(Intel),Intel Xeon 6 6975P-C,2,8,0.11797,2.8313,19.819,86.12
aws,eu-south-2,m8i,x86(Intel),Intel Xeon 6 6975P-C,4,16,0.23594,5.6626,39.638,172.24
aws,eu-south-2,m8i,x86(Intel),Intel Xeon 6 6975P-C,8,32,0.47188,11.3251,79.276,344.47
aws,eu-south-2,m8i,x86(Intel),Intel Xeon 6 6975P-C,16,64,0.94376,22.6502,158.552,688.94
aws,eu-south-2,m8i,x86(Intel),Intel Xeon 6 6975P-C,32,128,1.88752,45.3005,317.103,1377.89
aws,eu-south-2,m8i,x86(Intel),Intel Xeon 6 6975P-C,48,192,2.83128,67.9507,475.655,2066.83
aws,eu-south-2,m8i,x86(Intel),Intel Xeon 6 6975P-C,64,256,3.77504,90.601,634.207,2755.78
aws,eu-south-2,m8i,x86(Intel),Intel Xeon 6 6975P-C,96,384,5.66256,135.9014,951.31,4133.67
aws,eu-south-2,m8i,x86(Intel),Intel Xeon 6 6975P-C,128,512,7.55008,181.2019,1268.413,5511.56
aws,eu-south-2,m8i,x86(Intel),Intel Xeon 6 6975P-C,192,768,11.32512,271.8029,1902.62,8267.34
aws,eu-south-2,m8i,x86(Intel),Intel Xeon 6 6975P-C,384,1536,22.65024,543.6058,3805.24,16534.68
aws,eu-south-2,r6g,ARM,AWS Graviton2,1,8,0.0564,1.3536,9.475,41.17
aws,eu-south-2,r6g,ARM,AWS Graviton2,2,16,0.1128,2.7072,18.95,82.34
aws,eu-south-2,r6g,ARM,AWS Graviton2,4,32,0.2256,5.4144,37.901,164.69
aws,eu-south-2,r6g,ARM,AWS Graviton2,8,64,0.4512,10.8288,75.802,329.38
aws,eu-south-2,r6g,ARM,AWS Graviton2,16,128,0.9024,21.6576,151.603,658.75
aws,eu-south-2,r6g,ARM,AWS Graviton2,32,256,1.8048,43.3152,303.206,1317.5
aws,eu-south-2,r6g,ARM,AWS Graviton2,48,384,2.7072,64.9728,454.81,1976.26
aws,eu-south-2,r6g,ARM,AWS Graviton2,64,512,3.6096,86.6304,606.413,2635.01
aws,eu-south-2,r7a,x86(AMD),AMD EPYC 9R14,1,8,0.08513,2.0431,14.302,62.14
aws,eu-south-2,r7a,x86(AMD),AMD EPYC 9R14,2,16,0.17026,4.0862,28.604,124.29
aws,eu-south-2,r7a,x86(AMD),AMD EPYC 9R14,4,32,0.34052,8.1725,57.207,248.58
aws,eu-south-2,r7a,x86(AMD),AMD EPYC 9R14,8,64,0.68104,16.345,114.415,497.16
aws,eu-south-2,r7a,x86(AMD),AMD EPYC 9R14,16,128,1.36208,32.6899,228.829,994.32
aws,eu-south-2,r7a,x86(AMD),AMD EPYC 9R14,32,256,2.72416,65.3798,457.659,1988.64
aws,eu-south-2,r7a,x86(AMD),AMD EPYC 9R14,48,384,4.08624,98.0698,686.488,2982.96
aws,eu-south-2,r7a,x86(AMD),AMD EPYC 9R14,64,512,5.44832,130.7597,915.318,3977.27
aws,eu-south-2,r7a,x86(AMD),AMD EPYC 9R14,96,768,8.17248,196.1395,1372.977,5965.91
aws,eu-south-2,r7a,x86(AMD),AMD EPYC 9R14,128,1024,10.89664,261.5194,1830.636,7954.55
aws,eu-south-2,r7a,x86(AMD),AMD EPYC 9R14,192,1536,16.34496,392.279,2745.953,11931.82
aws,eu-south-2,r7g,ARM,AWS Graviton3,1,8,0.0599,1.4376,10.063,43.73
aws,eu-south-2,r7g,ARM,AWS Graviton3,2,16,0.1198,2.8752,20.126,87.45
aws,eu-south-2,r7g,ARM,AWS Graviton3,4,32,0.2396,5.7504,40.253,174.91
aws,eu-south-2,r7g,ARM,AWS Graviton3,8,64,0.4792,11.5008,80.506,349.82
aws,eu-south-2,r7g,ARM,AWS Graviton3,16,128,0.9584,23.0016,161.011,699.63
aws,eu-south-2,r7g,ARM,AWS Graviton3,32,256,1.9168,46.0032,322.022,1399.26
aws,eu-south-2,r7g,ARM,AWS Graviton3,48,384,2.8752,69.0048,483.034,2098.9
aws,eu-south-2,r7g,ARM,AWS Graviton3,64,512,3.8336,92.0064,644.045,2798.53
aws,eu-south-2,r7i,x86(Intel),Intel Xeon Platinum 8488C,2,16,0.14805,3.5532,24.872,108.08
aws,eu-south-2,r7i,x86(Intel),Intel Xeon Platinum 8488C,4,32,0.2961,7.1064,49.745,216.15
aws,eu-south-2,r7i,x86(Intel),Intel Xeon Platinum 8488C,8,64,0.5922,14.2128,99.49,432.31
aws,eu-south-2,r7i,x86(Intel),Intel Xeon Platinum 8488C,16,128,1.1844,28.4256,198.979,864.61
aws,eu-south-2,r7i,x86(Intel),Intel Xeon Platinum 8488C,32,256,2.3688,56.8512,397.958,1729.22
aws,eu-south-2,r7i,x86(Intel),Intel Xeon Platinum 8488C,48,384,3.5532,85.2768,596.938,2593.84
aws,eu-south-2,r7i,x86(Intel),Intel Xeon Platinum 8488C,64,512,4.7376,113.7024,795.917,3458.45
aws,eu-south-2,r7i,x86(Intel),Intel Xeon Platinum 8488C,96,768,7.1064,170.5536,1193.875,5187.67
aws,eu-south-2,r7i,x86(Intel),Intel Xeon Platinum 8488C,192,1536,14.2128,341.1072,2387.75,10375.34
aws,eu-south-2,r8a,x86(AMD),AMD EPYC 9R45,1,8,0.08939,2.1454,15.018,65.25
aws,eu-south-2,r8a,x86(AMD),AMD EPYC 9R45,2,16,0.17877,4.2905,30.033,130.5
aws,eu-south-2,r8a,x86(AMD),AMD EPYC 9R45,4,32,0.35754,8.581,60.067,261.0
aws,eu-south-2,r8a,x86(AMD),AMD EPYC 9R45,8,64,0.71508,17.1619,120.133,522.01
aws,eu-south-2,r8a,x86(AMD),AMD EPYC 9R45,16,128,1.43016,34.3238,240.267,1044.02
aws,eu-south-2,r8a,x86(AMD),AMD EPYC 9R45,32,256,2.86032,68.6477,480.534,2088.03
aws,eu-south-2,r8a,x86(AMD),AMD EPYC 9R45,48,384,4.29048,102.9715,720.801,3132.05
aws,eu-south-2,r8a,x86(AMD),AMD EPYC 9R45,64,512,5.72064,137.2954,961.068,4176.07
aws,eu-south-2,r8a,x86(AMD),AMD EPYC 9R45,96,768,8.58096,205.943,1441.601,6264.1
aws,eu-south-2,r8a,x86(AMD),AMD EPYC 9R45,192,1536,17.16192,411.8861,2883.203,12528.2
aws,eu-south-2,r8g,ARM,AWS Graviton4,1,8,0.06589,1.5814,11.07,48.1
aws,eu-south-2,r8g,ARM,AWS Graviton4,2,16,0.13178,3.1627,22.139,96.2
aws,eu-south-2,r8g,ARM,AWS Graviton4,4,32,0.26356,6.3254,44.278,192.4
aws,eu-south-2,r8g,ARM,AWS Graviton4,8,64,0.52712,12.6509,88.556,384.8
aws,eu-south-2,r8g,ARM,AWS Graviton4,16,128,1.05424,25.3018,177.112,769.6
aws,eu-south-2,r8g,ARM,AWS Graviton4,32,256,2.10848,50.6035,354.225,1539.19
aws,eu-south-2,r8g,ARM,AWS Graviton4,48,384,3.16272,75.9053,531.337,2308.79
aws,eu-south-2,r8g,ARM,AWS Graviton4,64,512,4.21696,101.207,708.449,3078.38
aws,eu-south-2,r8g,ARM,AWS Graviton4,96,768,6.32544,151.8106,1062.674,4617.57
aws,eu-south-2,r8g,ARM,AWS Graviton4,192,1536,12.65088,303.6211,2125.348,9235.14
aws,eu-south-2,r8i,x86(Intel),Intel Xeon 6 6985P-C,2,16,0.15545,3.7308,26.116,113.48
aws,eu-south-2,r8i,x86(Intel),Intel Xeon 6 6985P-C,4,32,0.3109,7.4616,52.231,226.96
aws,eu-south-2,r8i,x86(Intel),Intel Xeon 6 6985P-C,8,64,0.6218,14.9232,104.462,453.91
aws,eu-south-2,r8i,x86(Intel),Intel Xeon 6 6985P-C,16,128,1.2436,29.8464,208.925,907.83
aws,eu-south-2,r8i,x86(Intel),Intel Xeon 6 6985P-C,32,256,2.4872,59.6928,417.85,1815.66
aws,eu-south-2,r8i,x86(Intel),Intel Xeon 6 6985P-C,48,384,3.7308,89.5392,626.774,2723.48
aws,eu-south-2,r8i,x86(Intel),Intel Xeon 6 6985P-C,64,512,4.9744,119.3856,835.699,3631.31
aws,eu-south-2,r8i,x86(Intel),Intel Xeon 6 6985P-C,96,768,7.4616,179.0784,1253.549,5446.97
aws,eu-south-2,r8i,x86(Intel),Intel Xeon 6 6985P-C,128,1024,9.9488,238.7712,1671.398,7262.62
aws,eu-south-2,r8i,x86(Intel),Intel Xeon 6 6985P-C,192,1536,14.9232,358.1568,2507.098,10893.94
aws,eu-south-2,r8i,x86(Intel),Intel Xeon 6 6985P-C,384,3072,29.8464,716.3136,5014.195,21787.87
aws,eu-west-1,c6a,x86(AMD),AMD EPYC 7R13,2,4,0.08208,1.9699,13.789,59.92
aws,eu-west-1,c6a,x86(AMD),AMD EPYC 7R13,4,8,0.16416,3.9398,27.579,119.84
aws,eu-west-1,c6a,x86(AMD),AMD EPYC 7R13,8,16,0.32832,7.8797,55.158,239.67
aws,eu-west-1,c6a,x86(AMD),AMD EPYC 7R13,16,32,0.65664,15.7594,110.316,479.35
aws,eu-west-1,c6a,x86(AMD),AMD EPYC 7R13,32,64,1.31328,31.5187,220.631,958.69
aws,eu-west-1,c6a,x86(AMD),AMD EPYC 7R13,48,96,1.96992,47.2781,330.947,1438.04
aws,eu-west-1,c6a,x86(AMD),AMD EPYC 7R13,64,128,2.62656,63.0374,441.262,1917.39
aws,eu-west-1,c6a,x86(AMD),AMD EPYC 7R13,96,192,3.93984,94.5562,661.893,2876.08
aws,eu-west-1,c6a,x86(AMD),AMD EPYC 7R13,128,256,5.25312,126.0749,882.524,3834.78
aws,eu-west-1,c6a,x86(AMD),AMD EPYC 7R13,192,384,7.87968,189.1123,1323.786,5752.17
aws,eu-west-1,c6g,ARM,AWS Graviton2,1,2,0.0365,0.876,6.132,26.64
aws,eu-west-1,c6g,ARM,AWS Graviton2,2,4,0.073,1.752,12.264,53.29
aws,eu-west-1,c6g,ARM,AWS Graviton2,4,8,0.1459,3.5016,24.511,106.51
aws,eu-west-1,c6g,ARM,AWS Graviton2,8,16,0.2918,7.0032,49.022,213.01
aws,eu-west-1,c6g,ARM,AWS Graviton2,16,32,0.5837,14.0088,98.062,426.1
aws,eu-west-1,c6g,ARM,AWS Graviton2,32,64,1.1674,28.0176,196.123,852.2
aws,eu-west-1,c6g,ARM,AWS Graviton2,48,96,1.751,42.024,294.168,1278.23
aws,eu-west-1,c6g,ARM,AWS Graviton2,64,128,2.3347,56.0328,392.23,1704.33
aws,eu-west-1,c6i,x86(Intel),Intel Xeon Platinum 8375C,2,4,0.0912,2.1888,15.322,66.58
aws,eu-west-1,c6i,x86(Intel),Intel Xeon Platinum 8375C,4,8,0.1824,4.3776,30.643,133.15
aws,eu-west-1,c6i,x86(Intel),Intel Xeon Platinum 8375C,8,16,0.3648,8.7552,61.286,266.3
aws,eu-west-1,c6i,x86(Intel),Intel Xeon Platinum 8375C,16,32,0.7296,17.5104,122.573,532.61
aws,eu-west-1,c6i,x86(Intel),Intel Xeon Platinum 8375C,32,64,1.4592,35.0208,245.146,1065.22
aws,eu-west-1,c6i,x86(Intel),Intel Xeon Platinum 8375C,48,96,2.1888,52.5312,367.718,1597.82
aws,eu-west-1,c6i,x86(Intel),Intel Xeon Platinum 8375C,64,128,2.9184,70.0416,490.291,2130.43
aws,eu-west-1,c6i,x86(Intel),Intel Xeon Platinum 8375C,96,192,4.3776,105.0624,735.437,3195.65
aws,eu-west-1,c6i,x86(Intel),Intel Xeon Platinum 8375C,128,256,5.8368,140.0832,980.582,4260.86
aws,eu-west-1,c7a,x86(AMD),AMD EPYC 9R14,1,2,0.05506,1.3214,9.25,40.19
aws,eu-west-1,c7a,x86(AMD),AMD EPYC 9R14,2,4,0.11012,2.6429,18.5,80.39
aws,eu-west-1,c7a,x86(AMD),AMD EPYC 9R14,4,8,0.22024,5.2858,37.0,160.78
aws,eu-west-1,c7a,x86(AMD),AMD EPYC 9R14,8,16,0.44048,10.5715,74.001,321.55
aws,eu-west-1,c7a,x86(AMD),AMD EPYC 9R14,16,32,0.88096,21.143,148.001,643.1
aws,eu-west-1,c7a,x86(AMD),AMD EPYC 9R14,32,64,1.76192,42.2861,296.003,1286.2
aws,eu-west-1,c7a,x86(AMD),AMD EPYC 9R14,48,96,2.64288,63.4291,444.004,1929.3
aws,eu-west-1,c7a,x86(AMD),AMD EPYC 9R14,64,128,3.52384,84.5722,592.005,2572.4
aws,eu-west-1,c7a,x86(AMD),AMD EPYC 9R14,96,192,5.28576,126.8582,888.008,3858.6
aws,eu-west-1,c7a,x86(AMD),AMD EPYC 9R14,128,256,7.04768,169.1443,1184.01,5144.81
aws,eu-west-1,c7a,x86(AMD),AMD EPYC 9R14,192,384,10.57152,253.7165,1776.015,7717.21
aws,eu-west-1,c7g,ARM,AWS Graviton3,1,2,0.0388,0.9312,6.518,28.32
aws,eu-west-1,c7g,ARM,AWS Graviton3,2,4,0.0775,1.86,13.02,56.58
aws,eu-west-1,c7g,ARM,AWS Graviton3,4,8,0.155,3.72,26.04,113.15
aws,eu-west-1,c7g,ARM,AWS Graviton3,8,16,0.3101,7.4424,52.097,226.37
aws,eu-west-1,c7g,ARM,AWS Graviton3,16,32,0.6202,14.8848,104.194,452.75
aws,eu-west-1,c7g,ARM,AWS Graviton3,32,64,1.2403,29.7672,208.37,905.42
aws,eu-west-1,c7g,ARM,AWS Graviton3,48,96,1.8605,44.652,312.564,1358.16
aws,eu-west-1,c7g,ARM,AWS Graviton3,64,128,2.4806,59.5344,416.741,1810.84
aws,eu-west-1,c7i,x86(Intel),Intel Xeon Platinum 8488C,2,4,0.09576,2.2982,16.088,69.9
aws,eu-west-1,c7i,x86(Intel),Intel Xeon Platinum 8488C,4,8,0.19152,4.5965,32.175,139.81
aws,eu-west-1,c7i,x86(Intel),Intel Xeon Platinum 8488C,8,16,0.38304,9.193,64.351,279.62
aws,eu-west-1,c7i,x86(Intel),Intel Xeon Platinum 8488C,16,32,0.76608,18.3859,128.701,559.24
aws,eu-west-1,c7i,x86(Intel),Intel Xeon Platinum 8488C,32,64,1.53216,36.7718,257.403,1118.48
aws,eu-west-1,c7i,x86(Intel),Intel Xeon Platinum 8488C,48,96,2.29824,55.1578,386.104,1677.72
aws,eu-west-1,c7i,x86(Intel),Intel Xeon Platinum 8488C,64,128,3.06432,73.5437,514.806,2236.95
aws,eu-west-1,c7i,x86(Intel),Intel Xeon Platinum 8488C,96,192,4.59648,110.3155,772.209,3355.43
aws,eu-west-1,c7i,x86(Intel),Intel Xeon Platinum 8488C,192,384,9.19296,220.631,1544.417,6710.86
aws,eu-west-1,c8a,x86(AMD),AMD EPYC 9R45,1,2,0.05782,1.3877,9.714,42.21
aws,eu-west-1,c8a,x86(AMD),AMD EPYC 9R45,2,4,0.11563,2.7751,19.426,84.41
aws,eu-west-1,c8a,x86(AMD),AMD EPYC 9R45,4,8,0.23126,5.5502,38.852,168.82
aws,eu-west-1,c8a,x86(AMD),AMD EPYC 9R45,8,16,0.46252,11.1005,77.703,337.64
aws,eu-west-1,c8a,x86(AMD),AMD EPYC 9R45,16,32,0.92504,22.201,155.407,675.28
aws,eu-west-1,c8a,x86(AMD),AMD EPYC 9R45,32,64,1.85008,44.4019,310.813,1350.56
aws,eu-west-1,c8a,x86(AMD),AMD EPYC 9R45,48,96,2.77512,66.6029,466.22,2025.84
aws,eu-west-1,c8a,x86(AMD),AMD EPYC 9R45,64,128,3.70016,88.8038,621.627,2701.12
aws,eu-west-1,c8a,x86(AMD),AMD EPYC 9R45,96,192,5.55024,133.2058,932.44,4051.68
aws,eu-west-1,c8a,x86(AMD),AMD EPYC 9R45,192,384,11.10048,266.4115,1864.881,8103.35
aws,eu-west-1,c8g,ARM,AWS Graviton4,1,2,0.04264,1.0234,7.164,31.13
aws,eu-west-1,c8g,ARM,AWS Graviton4,2,4,0.08528,2.0467,14.327,62.25
aws,eu-west-1,c8g,ARM,AWS Graviton4,4,8,0.17056,4.0934,28.654,124.51
aws,eu-west-1,c8g,ARM,AWS Graviton4,8,16,0.34112,8.1869,57.308,249.02
aws,eu-west-1,c8g,ARM,AWS Graviton4,16,32,0.68224,16.3738,114.616,498.04
aws,eu-west-1,c8g,ARM,AWS Graviton4,32,64,1.36448,32.7475,229.233,996.07
aws,eu-west-1,c8g,ARM,AWS Graviton4,48,96,2.04672,49.1213,343.849,1494.11
aws,eu-west-1,c8g,ARM,AWS Graviton4,64,128,2.72896,65.495,458.465,1992.14
aws,eu-west-1,c8g,ARM,AWS Graviton4,96,192,4.09344,98.2426,687.698,2988.21
aws,eu-west-1,c8g,ARM,AWS Graviton4,192,384,8.18688,196.4851,1375.396,5976.42
aws,eu-west-1,c8i,x86(Intel),Intel Xeon 6 6975P-C,2,4,0.10055,2.4132,16.892,73.4
aws,eu-west-1,c8i,x86(Intel),Intel Xeon 6 6975P-C,4,8,0.2011,4.8264,33.785,146.8
aws,eu-west-1,c8i,x86(Intel),Intel Xeon 6 6975P-C,8,16,0.4022,9.6528,67.57,293.61
aws,eu-west-1,c8i,x86(Intel),Intel Xeon 6 6975P-C,16,32,0.8044,19.3056,135.139,587.21
aws,eu-west-1,c8i,x86(Intel),Intel Xeon 6 6975P-C,32,64,1.6088,38.6112,270.278,1174.42
aws,eu-west-1,c8i,x86(Intel),Intel Xeon 6 6975P-C,48,96,2.4132,57.9168,405.418,1761.64
aws,eu-west-1,c8i,x86(Intel),Intel Xeon 6 6975P-C,64,128,3.2176,77.2224,540.557,2348.85
aws,eu-west-1,c8i,x86(Intel),Intel Xeon 6 6975P-C,96,192,4.8264,115.8336,810.835,3523.27
aws,eu-west-1,c8i,x86(Intel),Intel Xeon 6 6975P-C,128,256,6.4352,154.4448,1081.114,4697.7
aws,eu-west-1,c8i,x86(Intel),Intel Xeon 6 6975P-C,192,384,9.6528,231.6672,1621.67,7046.54
aws,eu-west-1,c8i,x86(Intel),Intel Xeon 6 6975P-C,384,768,19.3056,463.3344,3243.341,14093.09
aws,eu-west-1,m6a,x86(AMD),AMD EPYC 7R13,2,8,0.0963,2.3112,16.178,70.3
aws,eu-west-1,m6a,x86(AMD),AMD EPYC 7R13,4,16,0.1926,4.6224,32.357,140.6
aws,eu-west-1,m6a,x86(AMD),AMD EPYC 7R13,8,32,0.3852,9.2448,64.714,281.2
aws,eu-west-1,m6a,x86(AMD),AMD EPYC 7R13,16,64,0.7704,18.4896,129.427,562.39
aws,eu-west-1,m6a,x86(AMD),AMD EPYC 7R13,32,128,1.5408,36.9792,258.854,1124.78
aws,eu-west-1,m6a,x86(AMD),AMD EPYC 7R13,48,192,2.3112,55.4688,388.282,1687.18
aws,eu-west-1,m6a,x86(AMD),AMD EPYC 7R13,64,256,3.0816,73.9584,517.709,2249.57
aws,eu-west-1,m6a,x86(AMD),AMD EPYC 7R13,96,384,4.6224,110.9376,776.563,3374.35
aws,eu-west-1,m6a,x86(AMD),AMD EPYC 7R13,128,512,6.1632,147.9168,1035.418,4499.14
aws,eu-west-1,m6a,x86(AMD),AMD EPYC 7R13,192,768,9.2448,221.8752,1553.126,6748.7
aws,eu-west-1,m6g,ARM,AWS Graviton2,1,4,0.043,1.032,7.224,31.39
aws,eu-west-1,m6g,ARM,AWS Graviton2,2,8,0.086,2.064,14.448,62.78
aws,eu-west-1,m6g,ARM,AWS Graviton2,4,16,0.172,4.128,28.896,125.56
aws,eu-west-1,m6g,ARM,AWS Graviton2,8,32,0.344,8.256,57.792,251.12
aws,eu-west-1,m6g,ARM,AWS Graviton2,16,64,0.688,16.512,115.584,502.24
aws,eu-west-1,m6g,ARM,AWS Graviton2,32,128,1.376,33.024,231.168,1004.48
aws,eu-west-1,m6g,ARM,AWS Graviton2,48,192,2.064,49.536,346.752,1506.72
aws,eu-west-1,m6g,ARM,AWS Graviton2,64,256,2.752,66.048,462.336,2008.96
aws,eu-west-1,m6i,x86(Intel),Intel Xeon Platinum 8375C,2,8,0.107,2.568,17.976,78.11
aws,eu-west-1,m6i,x86(Intel),Intel Xeon Platinum 8375C,4,16,0.214,5.136,35.952,156.22
aws,eu-west-1,m6i,x86(Intel),Intel Xeon Platinum 8375C,8,32,0.428,10.272,71.904,312.44
aws,eu-west-1,m6i,x86(Intel),Intel Xeon Platinum 8375C,16,64,0.856,20.544,143.808,624.88
aws,eu-west-1,m6i,x86(Intel),Intel Xeon Platinum 8375C,32,128,1.712,41.088,287.616,1249.76
aws,eu-west-1,m6i,x86(Intel),Intel Xeon Platinum 8375C,48,192,2.568,61.632,431.424,1874.64
aws,eu-west-1,m6i,x86(Intel),Intel Xeon Platinum 8375C,64,256,3.424,82.176,575.232,2499.52
aws,eu-west-1,m6i,x86(Intel),Intel Xeon Platinum 8375C,96,384,5.136,123.264,862.848,3749.28
aws,eu-west-1,m6i,x86(Intel),Intel Xeon Platinum 8375C,128,512,6.848,164.352,1150.464,4999.04
aws,eu-west-1,m7a,x86(AMD),AMD EPYC 9R14,1,4,0.0646,1.5504,10.853,47.16
aws,eu-west-1,m7a,x86(AMD),AMD EPYC 9R14,2,8,0.1292,3.1008,21.706,94.32
aws,eu-west-1,m7a,x86(AMD),AMD EPYC 9R14,4,16,0.2584,6.2016,43.411,188.63
aws,eu-west-1,m7a,x86(AMD),AMD EPYC 9R14,8,32,0.5168,12.4032,86.822,377.26
aws,eu-west-1,m7a,x86(AMD),AMD EPYC 9R14,16,64,1.0336,24.8064,173.645,754.53
aws,eu-west-1,m7a,x86(AMD),AMD EPYC 9R14,32,128,2.0672,49.6128,347.29,1509.06
aws,eu-west-1,m7a,x86(AMD),AMD EPYC 9R14,48,192,3.1008,74.4192,520.934,2263.58
aws,eu-west-1,m7a,x86(AMD),AMD EPYC 9R14,64,256,4.1344,99.2256,694.579,3018.11
aws,eu-west-1,m7a,x86(AMD),AMD EPYC 9R14,96,384,6.2016,148.8384,1041.869,4527.17
aws,eu-west-1,m7a,x86(AMD),AMD EPYC 9R14,128,512,8.2688,198.4512,1389.158,6036.22
aws,eu-west-1,m7a,x86(AMD),AMD EPYC 9R14,192,768,12.4032,297.6768,2083.738,9054.34
aws,eu-west-1,m7g,ARM,AWS Graviton3,1,4,0.0455,1.092,7.644,33.21
aws,eu-west-1,m7g,ARM,AWS Graviton3,2,8,0.091,2.184,15.288,66.43
aws,eu-west-1,m7g,ARM,AWS Graviton3,4,16,0.1819,4.3656,30.559,132.79
aws,eu-west-1,m7g,ARM,AWS Graviton3,8,32,0.3638,8.7312,61.118,265.57
aws,eu-west-1,m7g,ARM,AWS Graviton3,16,64,0.7276,17.4624,122.237,531.15
aws,eu-west-1,m7g,ARM,AWS Graviton3,32,128,1.4552,34.9248,244.474,1062.3
aws,eu-west-1,m7g,ARM,AWS Graviton3,48,192,2.1828,52.3872,366.71,1593.44
aws,eu-west-1,m7g,ARM,AWS Graviton3,64,256,2.9104,69.8496,488.947,2124.59
aws,eu-west-1,m7i,x86(Intel),Intel Xeon Platinum 8488C,2,8,0.11235,2.6964,18.875,82.02
aws,eu-west-1,m7i,x86(Intel),Intel Xeon Platinum 8488C,4,16,0.2247,5.3928,37.75,164.03
aws,eu-west-1,m7i,x86(Intel),Intel Xeon Platinum 8488C,8,32,0.4494,10.7856,75.499,328.06
aws,eu-west-1,m7i,x86(Intel),Intel Xeon Platinum 8488C,16,64,0.8988,21.5712,150.998,656.12
aws,eu-west-1,m7i,x86(Intel),Intel Xeon Platinum 8488C,32,128,1.7976,43.1424,301.997,1312.25
aws,eu-west-1,m7i,x86(Intel),Intel Xeon Platinum 8488C,48,192,2.6964,64.7136,452.995,1968.37
aws,eu-west-1,m7i,x86(Intel),Intel Xeon Platinum 8488C,64,256,3.5952,86.2848,603.994,2624.5
aws,eu-west-1,m7i,x86(Intel),Intel Xeon Platinum 8488C,96,384,5.3928,129.4272,905.99,3936.74
aws,eu-west-1,m7i,x86(Intel),Intel Xeon Platinum 8488C,192,768,10.7856,258.8544,1811.981,7873.49
aws,eu-west-1,m8a,x86(AMD),AMD EPYC 9R45,1,4,0.06783,1.6279,11.395,49.52
aws,eu-west-1,m8a,x86(AMD),AMD EPYC 9R45,2,8,0.13566,3.2558,22.791,99.03
aws,eu-west-1,m8a,x86(AMD),AMD EPYC 9R45,4,16,0.27132,6.5117,45.582,198.06
aws,eu-west-1,m8a,x86(AMD),AMD EPYC 9R45,8,32,0.54264,13.0234,91.164,396.13
aws,eu-west-1,m8a,x86(AMD),AMD EPYC 9R45,16,64,1.08528,26.0467,182.327,792.25
aws,eu-west-1,m8a,x86(AMD),AMD EPYC 9R45,32,128,2.17056,52.0934,364.654,1584.51
aws,eu-west-1,m8a,x86(AMD),AMD EPYC 9R45,48,192,3.25584,78.1402,546.981,2376.76
aws,eu-west-1,m8a,x86(AMD),AMD EPYC 9R45,64,256,4.34112,104.1869,729.308,3169.02
aws,eu-west-1,m8a,x86(AMD),AMD EPYC 9R45,96,384,6.51168,156.2803,1093.962,4753.53
aws,eu-west-1,m8a,x86(AMD),AMD EPYC 9R45,192,768,13.02336,312.5606,2187.924,9507.05
aws,eu-west-1,m8g,ARM,AWS Graviton4,1,4,0.05002,1.2005,8.403,36.51
aws,eu-west-1,m8g,ARM,AWS Graviton4,2,8,0.10004,2.401,16.807,73.03
aws,eu-west-1,m8g,ARM,AWS Graviton4,4,16,0.20008,4.8019,33.613,146.06
aws,eu-west-1,m8g,ARM,AWS Graviton4,8,32,0.40016,9.6038,67.227,292.12
aws,eu-west-1,m8g,ARM,AWS Graviton4,16,64,0.80032,19.2077,134.454,584.23
aws,eu-west-1,m8g,ARM,AWS Graviton4,32,128,1.60064,38.4154,268.908,1168.47
aws,eu-west-1,m8g,ARM,AWS Graviton4,48,192,2.40096,57.623,403.361,1752.7
aws,eu-west-1,m8g,ARM,AWS Graviton4,64,256,3.20128,76.8307,537.815,2336.93
aws,eu-west-1,m8g,ARM,AWS Graviton4,96,384,4.80192,115.2461,806.723,3505.4
aws,eu-west-1,m8g,ARM,AWS Graviton4,192,768,9.60384,230.4922,1613.445,7010.8
aws,eu-west-1,m8i,x86(Intel),Intel Xeon 6 6975P-C,2,8,0.11797,2.8313,19.819,86.12
aws,eu-west-1,m8i,x86(Intel),Intel Xeon 6 6975P-C,4,16,0.23594,5.6626,39.638,172.24
aws,eu-west-1,m8i,x86(Intel),Intel Xeon 6 6975P-C,8,32,0.47188,11.3251,79.276,344.47
aws,eu-west-1,m8i,x86(Intel),Intel Xeon 6 6975P-C,16,64,0.94376,22.6502,158.552,688.94
aws,eu-west-1,m8i,x86(Intel),Intel Xeon 6 6975P-C,32,128,1.88752,45.3005,317.103,1377.89
aws,eu-west-1,m8i,x86(Intel),Intel Xeon 6 6975P-C,48,192,2.83128,67.9507,475.655,2066.83
aws,eu-west-1,m8i,x86(Intel),Intel Xeon 6 6975P-C,64,256,3.77504,90.601,634.207,2755.78
aws,eu-west-1,m8i,x86(Intel),Intel Xeon 6 6975P-C,96,384,5.66256,135.9014,951.31,4133.67
aws,eu-west-1,m8i,x86(Intel),Intel Xeon 6 6975P-C,128,512,7.55008,181.2019,1268.413,5511.56
aws,eu-west-1,m8i,x86(Intel),Intel Xeon 6 6975P-C,192,768,11.32512,271.8029,1902.62,8267.34
aws,eu-west-1,m8i,x86(Intel),Intel Xeon 6 6975P-C,384,1536,22.65024,543.6058,3805.24,16534.68
aws,eu-west-1,r6a,x86(AMD),AMD EPYC 7R13,2,16,0.1269,3.0456,21.319,92.64
aws,eu-west-1,r6a,x86(AMD),AMD EPYC 7R13,4,32,0.2538,6.0912,42.638,185.27
aws,eu-west-1,r6a,x86(AMD),AMD EPYC 7R13,8,64,0.5076,12.1824,85.277,370.55
aws,eu-west-1,r6a,x86(AMD),AMD EPYC 7R13,16,128,1.0152,24.3648,170.554,741.1
aws,eu-west-1,r6a,x86(AMD),AMD EPYC 7R13,32,256,2.0304,48.7296,341.107,1482.19
aws,eu-west-1,r6a,x86(AMD),AMD EPYC 7R13,48,384,3.0456,73.0944,511.661,2223.29
aws,eu-west-1,r6a,x86(AMD),AMD EPYC 7R13,64,512,4.0608,97.4592,682.214,2964.38
aws,eu-west-1,r6a,x86(AMD),AMD EPYC 7R13,96,768,6.0912,146.1888,1023.322,4446.58
aws,eu-west-1,r6a,x86(AMD),AMD EPYC 7R13,128,1024,8.1216,194.9184,1364.429,5928.77
aws,eu-west-1,r6a,x86(AMD),AMD EPYC 7R13,192,1536,12.1824,292.3776,2046.643,8893.15
aws,eu-west-1,r6g,ARM,AWS Graviton2,1,8,0.0564,1.3536,9.475,41.17
aws,eu-west-1,r6g,ARM,AWS Graviton2,2,16,0.1128,2.7072,18.95,82.34
aws,eu-west-1,r6g,ARM,AWS Graviton2,4,32,0.2256,5.4144,37.901,164.69
aws,eu-west-1,r6g,ARM,AWS Graviton2,8,64,0.4512,10.8288,75.802,329.38
aws,eu-west-1,r6g,ARM,AWS Graviton2,16,128,0.9024,21.6576,151.603,658.75
aws,eu-west-1,r6g,ARM,AWS Graviton2,32,256,1.8048,43.3152,303.206,1317.5
aws,eu-west-1,r6g,ARM,AWS Graviton2,48,384,2.7072,64.9728,454.81,1976.26
aws,eu-west-1,r6g,ARM,AWS Graviton2,64,512,3.6096,86.6304,606.413,2635.01
aws,eu-west-1,r6i,x86(Intel),Intel Xeon Platinum 8375C,2,16,0.141,3.384,23.688,102.93
aws,eu-west-1,r6i,x86(Intel),Intel Xeon Platinum 8375C,4,32,0.282,6.768,47.376,205.86
aws,eu-west-1,r6i,x86(Intel),Intel Xeon Platinum 8375C,8,64,0.564,13.536,94.752,411.72
aws,eu-west-1,r6i,x86(Intel),Intel Xeon Platinum 8375C,16,128,1.128,27.072,189.504,823.44
aws,eu-west-1,r6i,x86(Intel),Intel Xeon Platinum 8375C,32,256,2.256,54.144,379.008,1646.88
aws,eu-west-1,r6i,x86(Intel),Intel Xeon Platinum 8375C,48,384,3.384,81.216,568.512,2470.32
aws,eu-west-1,r6i,x86(Intel),Intel Xeon Platinum 8375C,64,512,4.512,108.288,758.016,3293.76
aws,eu-west-1,r6i,x86(Intel),Intel Xeon Platinum 8375C,96,768,6.768,162.432,1137.024,4940.64
aws,eu-west-1,r6i,x86(Intel),Intel Xeon Platinum 8375C,128,1024,9.024,216.576,1516.032,6587.52
aws,eu-west-1,r7a,x86(AMD),AMD EPYC 9R14,1,8,0.08513,2.0431,14.302,62.14
aws,eu-west-1,r7a,x86(AMD),AMD EPYC 9R14,2,16,0.17026,4.0862,28.604,124.29
aws,eu-west-1,r7a,x86(AMD),AMD EPYC 9R14,4,32,0.34052,8.1725,57.207,248.58
aws,eu-west-1,r7a,x86(AMD),AMD EPYC 9R14,8,64,0.68104,16.345,114.415,497.16
aws,eu-west-1,r7a,x86(AMD),AMD EPYC 9R14,16,128,1.36208,32.6899,228.829,994.32
aws,eu-west-1,r7a,x86(AMD),AMD EPYC 9R14,32,256,2.72416,65.3798,457.659,1988.64
aws,eu-west-1,r7a,x86(AMD),AMD EPYC 9R14,48,384,4.08624,98.0698,686.488,2982.96
aws,eu-west-1,r7a,x86(AMD),AMD EPYC 9R14,64,512,5.44832,130.7597,915.318,3977.27
aws,eu-west-1,r7a,x86(AMD),AMD EPYC 9R14,96,768,8.17248,196.1395,1372.977,5965.91
aws,eu-west-1,r7a,x86(AMD),AMD EPYC 9R14,128,1024,10.89664,261.5194,1830.636,7954.55
aws,eu-west-1,r7a,x86(AMD),AMD EPYC 9R14,192,1536,16.34496,392.279,2745.953,11931.82
aws,eu-west-1,r7g,ARM,AWS Graviton3,1,8,0.0599,1.4376,10.063,43.73
aws,eu-west-1,r7g,ARM,AWS Graviton3,2,16,0.1199,2.8776,20.143,87.53
aws,eu-west-1,r7g,ARM,AWS Graviton3,4,32,0.2397,5.7528,40.27,174.98
aws,eu-west-1,r7g,ARM,AWS Graviton3,8,64,0.4794,11.5056,80.539,349.96
aws,eu-west-1,r7g,ARM,AWS Graviton3,16,128,0.9588,23.0112,161.078,699.92
aws,eu-west-1,r7g,ARM,AWS Graviton3,32,256,1.9176,46.0224,322.157,1399.85
aws,eu-west-1,r7g,ARM,AWS Graviton3,48,384,2.8764,69.0336,483.235,2099.77
aws,eu-west-1,r7g,ARM,AWS Graviton3,64,512,3.8352,92.0448,644.314,2799.7
aws,eu-west-1,r7i,x86(Intel),Intel Xeon Platinum 8488C,2,16,0.14805,3.5532,24.872,108.08
aws,eu-west-1,r7i,x86(Intel),Intel Xeon Platinum 8488C,4,32,0.2961,7.1064,49.745,216.15
aws,eu-west-1,r7i,x86(Intel),Intel Xeon Platinum 8488C,8,64,0.5922,14.2128,99.49,432.31
aws,eu-west-1,r7i,x86(Intel),Intel Xeon Platinum 8488C,16,128,1.1844,28.4256,198.979,864.61
aws,eu-west-1,r7i,x86(Intel),Intel Xeon Platinum 8488C,32,256,2.3688,56.8512,397.958,1729.22
aws,eu-west-1,r7i,x86(Intel),Intel Xeon Platinum 8488C,48,384,3.5532,85.2768,596.938,2593.84
aws,eu-west-1,r7i,x86(Intel),Intel Xeon Platinum 8488C,64,512,4.7376,113.7024,795.917,3458.45
aws,eu-west-1,r7i,x86(Intel),Intel Xeon Platinum 8488C,96,768,7.1064,170.5536,1193.875,5187.67
aws,eu-west-1,r7i,x86(Intel),Intel Xeon Platinum 8488C,192,1536,14.2128,341.1072,2387.75,10375.34
aws,eu-west-1,r8a,x86(AMD),AMD EPYC 9R45,1,8,0.08939,2.1454,15.018,65.25
aws,eu-west-1,r8a,x86(AMD),AMD EPYC 9R45,2,16,0.17877,4.2905,30.033,130.5
aws,eu-west-1,r8a,x86(AMD),AMD EPYC 9R45,4,32,0.35754,8.581,60.067,261.0
aws,eu-west-1,r8a,x86(AMD),AMD EPYC 9R45,8,64,0.71508,17.1619,120.133,522.01
aws,eu-west-1,r8a,x86(AMD),AMD EPYC 9R45,16,128,1.43016,34.3238,240.267,1044.02
aws,eu-west-1,r8a,x86(AMD),AMD EPYC 9R45,32,256,2.86032,68.6477,480.534,2088.03
aws,eu-west-1,r8a,x86(AMD),AMD EPYC 9R45,48,384,4.29048,102.9715,720.801,3132.05
aws,eu-west-1,r8a,x86(AMD),AMD EPYC 9R45,64,512,5.72064,137.2954,961.068,4176.07
aws,eu-west-1,r8a,x86(AMD),AMD EPYC 9R45,96,768,8.58096,205.943,1441.601,6264.1
aws,eu-west-1,r8a,x86(AMD),AMD EPYC 9R45,192,1536,17.16192,411.8861,2883.203,12528.2
aws,eu-west-1,r8g,ARM,AWS Graviton4,1,8,0.06592,1.5821,11.075,48.12
aws,eu-west-1,r8g,ARM,AWS Graviton4,2,16,0.13184,3.1642,22.149,96.24
aws,eu-west-1,r8g,ARM,AWS Graviton4,4,32,0.26368,6.3283,44.298,192.49
aws,eu-west-1,r8g,ARM,AWS Graviton4,8,64,0.52736,12.6566,88.596,384.97
aws,eu-west-1,r8g,ARM,AWS Graviton4,16,128,1.05472,25.3133,177.193,769.95
aws,eu-west-1,r8g,ARM,AWS Graviton4,32,256,2.10944,50.6266,354.386,1539.89
aws,eu-west-1,r8g,ARM,AWS Graviton4,48,384,3.16416,75.9398,531.579,2309.84
aws,eu-west-1,r8g,ARM,AWS Graviton4,64,512,4.21888,101.2531,708.772,3079.78
aws,eu-west-1,r8g,ARM,AWS Graviton4,96,768,6.32832,151.8797,1063.158,4619.67
aws,eu-west-1,r8g,ARM,AWS Graviton4,192,1536,12.65664,303.7594,2126.316,9239.35
aws,eu-west-1,r8i,x86(Intel),Intel Xeon 6 6985P-C,2,16,0.15545,3.7308,26.116,113.48
aws,eu-west-1,r8i,x86(Intel),Intel Xeon 6 6985P-C,4,32,0.3109,7.4616,52.231,226.96
aws,eu-west-1,r8i,x86(Intel),Intel Xeon 6 6985P-C,8,64,0.6218,14.9232,104.462,453.91
aws,eu-west-1,r8i,x86(Intel),Intel Xeon 6 6985P-C,16,128,1.2436,29.8464,208.925,907.83
aws,eu-west-1,r8i,x86(Intel),Intel Xeon 6 6985P-C,32,256,2.4872,59.6928,417.85,1815.66
aws,eu-west-1,r8i,x86(Intel),Intel Xeon 6 6985P-C,48,384,3.7308,89.5392,626.774,2723.48
aws,eu-west-1,r8i,x86(Intel),Intel Xeon 6 6985P-C,64,512,4.9744,119.3856,835.699,3631.31
aws,eu-west-1,r8i,x86(Intel),Intel Xeon 6 6985P-C,96,768,7.4616,179.0784,1253.549,5446.97
aws,eu-west-1,r8i,x86(Intel),Intel Xeon 6 6985P-C,128,1024,9.9488,238.7712,1671.398,7262.62
aws,eu-west-1,r8i,x86(Intel),Intel Xeon 6 6985P-C,192,1536,14.9232,358.1568,2507.098,10893.94
aws,eu-west-1,r8i,x86(Intel),Intel Xeon 6 6985P-C,384,3072,29.8464,716.3136,5014.195,21787.87
aws,eu-west-1,x8g,ARM,AWS Graviton4,1,16,0.117,2.808,19.656,85.41
aws,eu-west-1,x8g,ARM,AWS Graviton4,2,32,0.234,5.616,39.312,170.82
aws,eu-west-1,x8g,ARM,AWS Graviton4,4,64,0.468,11.232,78.624,341.64
aws,eu-west-1,x8g,ARM,AWS Graviton4,8,128,0.936,22.464,157.248,683.28
aws,eu-west-1,x8g,ARM,AWS Graviton4,16,256,1.872,44.928,314.496,1366.56
aws,eu-west-1,x8g,ARM,AWS Graviton4,32,512,3.744,89.856,628.992,2733.12
aws,eu-west-1,x8g,ARM,AWS Graviton4,48,768,5.616,134.784,943.488,4099.68
aws,eu-west-1,x8g,ARM,AWS Graviton4,64,1024,7.488,179.712,1257.984,5466.24
aws,eu-west-1,x8g,ARM,AWS Graviton4,96,1536,11.232,269.568,1886.976,8199.36
aws,eu-west-1,x8g,ARM,AWS Graviton4,192,3072,22.464,539.136,3773.952,16398.72
aws,eu-west-1,x8i,x86(Intel),Intel Xeon 6 6975P-C,2,32,0.2626,6.3024,44.117,191.7
aws,eu-west-1,x8i,x86(Intel),Intel Xeon 6 6975P-C,4,64,0.5252,12.6048,88.234,383.4
aws,eu-west-1,x8i,x86(Intel),Intel Xeon 6 6975P-C,8,128,1.0504,25.2096,176.467,766.79
aws,eu-west-1,x8i,x86(Intel),Intel Xeon 6 6975P-C,16,256,2.1008,50.4192,352.934,1533.58
aws,eu-west-1,x8i,x86(Intel),Intel Xeon 6 6975P-C,32,512,4.2016,100.8384,705.869,3067.17
aws,eu-west-1,x8i,x86(Intel),Intel Xeon 6 6975P-C,48,768,6.3024,151.2576,1058.803,4600.75
aws,eu-west-1,x8i,x86(Intel),Intel Xeon 6 6975P-C,64,1024,8.4032,201.6768,1411.738,6134.34
aws,eu-west-1,x8i,x86(Intel),Intel Xeon 6 6975P-C,96,1536,12.6048,302.5152,2117.606,9201.5
aws,eu-west-1,x8i,x86(Intel),Intel Xeon 6 6975P-C,128,2048,16.8064,403.3536,2823.475,12268.67
aws,eu-west-1,x8i,x86(Intel),Intel Xeon 6 6975P-C,192,3072,25.2096,605.0304,4235.213,18403.01
aws,eu-west-1,x8i,x86(Intel),Intel Xeon 6 6975P-C,256,4096,33.6128,806.7072,5646.95,24537.34
aws,eu-west-1,x8i,x86(Intel),Intel Xeon 6 6975P-C,384,6144,54.4895,1307.748,9154.236,39777.34
aws,eu-west-2,c6a,x86(AMD),AMD EPYC 7R13,2,4,0.0909,2.1816,15.271,66.36
aws,eu-west-2,c6a,x86(AMD),AMD EPYC 7R13,4,8,0.1818,4.3632,30.542,132.71
aws,eu-west-2,c6a,x86(AMD),AMD EPYC 7R13,8,16,0.3636,8.7264,61.085,265.43
aws,eu-west-2,c6a,x86(AMD),AMD EPYC 7R13,16,32,0.7272,17.4528,122.17,530.86
aws,eu-west-2,c6a,x86(AMD),AMD EPYC 7R13,32,64,1.4544,34.9056,244.339,1061.71
aws,eu-west-2,c6a,x86(AMD),AMD EPYC 7R13,48,96,2.1816,52.3584,366.509,1592.57
aws,eu-west-2,c6a,x86(AMD),AMD EPYC 7R13,64,128,2.9088,69.8112,488.678,2123.42
aws,eu-west-2,c6a,x86(AMD),AMD EPYC 7R13,96,192,4.3632,104.7168,733.018,3185.14
aws,eu-west-2,c6a,x86(AMD),AMD EPYC 7R13,128,256,5.8176,139.6224,977.357,4246.85
aws,eu-west-2,c6a,x86(AMD),AMD EPYC 7R13,192,384,8.7264,209.4336,1466.035,6370.27
aws,eu-west-2,c6g,ARM,AWS Graviton2,1,2,0.0404,0.9696,6.787,29.49
aws,eu-west-2,c6g,ARM,AWS Graviton2,2,4,0.0808,1.9392,13.574,58.98
aws,eu-west-2,c6g,ARM,AWS Graviton2,4,8,0.1616,3.8784,27.149,117.97
aws,eu-west-2,c6g,ARM,AWS Graviton2,8,16,0.3232,7.7568,54.298,235.94
aws,eu-west-2,c6g,ARM,AWS Graviton2,16,32,0.6464,15.5136,108.595,471.87
aws,eu-west-2,c6g,ARM,AWS Graviton2,32,64,1.2928,31.0272,217.19,943.74
aws,eu-west-2,c6g,ARM,AWS Graviton2,48,96,1.9392,46.5408,325.786,1415.62
aws,eu-west-2,c6g,ARM,AWS Graviton2,64,128,2.5856,62.0544,434.381,1887.49
aws,eu-west-2,c6i,x86(Intel),Intel Xeon Platinum 8375C,2,4,0.101,2.424,16.968,73.73
aws,eu-west-2,c6i,x86(Intel),Intel Xeon Platinum 8375C,4,8,0.202,4.848,33.936,147.46
aws,eu-west-2,c6i,x86(Intel),Intel Xeon Platinum 8375C,8,16,0.404,9.696,67.872,294.92
aws,eu-west-2,c6i,x86(Intel),Intel Xeon Platinum 8375C,16,32,0.808,19.392,135.744,589.84
aws,eu-west-2,c6i,x86(Intel),Intel Xeon Platinum 8375C,32,64,1.616,38.784,271.488,1179.68
aws,eu-west-2,c6i,x86(Intel),Intel Xeon Platinum 8375C,48,96,2.424,58.176,407.232,1769.52
aws,eu-west-2,c6i,x86(Intel),Intel Xeon Platinum 8375C,64,128,3.232,77.568,542.976,2359.36
aws,eu-west-2,c6i,x86(Intel),Intel Xeon Platinum 8375C,96,192,4.848,116.352,814.464,3539.04
aws,eu-west-2,c6i,x86(Intel),Intel Xeon Platinum 8375C,128,256,6.464,155.136,1085.952,4718.72
aws,eu-west-2,c7a,x86(AMD),AMD EPYC 9R14,1,2,0.06098,1.4635,10.245,44.52
aws,eu-west-2,c7a,x86(AMD),AMD EPYC 9R14,2,4,0.12196,2.927,20.489,89.03
aws,eu-west-2,c7a,x86(AMD),AMD EPYC 9R14,4,8,0.24392,5.8541,40.979,178.06
aws,eu-west-2,c7a,x86(AMD),AMD EPYC 9R14,8,16,0.48784,11.7082,81.957,356.12
aws,eu-west-2,c7a,x86(AMD),AMD EPYC 9R14,16,32,0.97568,23.4163,163.914,712.25
aws,eu-west-2,c7a,x86(AMD),AMD EPYC 9R14,32,64,1.95136,46.8326,327.828,1424.49
aws,eu-west-2,c7a,x86(AMD),AMD EPYC 9R14,48,96,2.92704,70.249,491.743,2136.74
aws,eu-west-2,c7a,x86(AMD),AMD EPYC 9R14,64,128,3.90272,93.6653,655.657,2848.99
aws,eu-west-2,c7a,x86(AMD),AMD EPYC 9R14,96,192,5.85408,140.4979,983.485,4273.48
aws,eu-west-2,c7a,x86(AMD),AMD EPYC 9R14,128,256,7.80544,187.3306,1311.314,5697.97
aws,eu-west-2,c7a,x86(AMD),AMD EPYC 9R14,192,384,11.70816,280.9958,1966.971,8546.96
aws,eu-west-2,c7g,ARM,AWS Graviton3,1,2,0.0429,1.0296,7.207,31.32
aws,eu-west-2,c7g,ARM,AWS Graviton3,2,4,0.0859,2.0616,14.431,62.71
aws,eu-west-2,c7g,ARM,AWS Graviton3,4,8,0.1717,4.1208,28.846,125.34
aws,eu-west-2,c7g,ARM,AWS Graviton3,8,16,0.3434,8.2416,57.691,250.68
aws,eu-west-2,c7g,ARM,AWS Graviton3,16,32,0.6869,16.4856,115.399,501.44
aws,eu-west-2,c7g,ARM,AWS Graviton3,32,64,1.3738,32.9712,230.798,1002.87
aws,eu-west-2,c7g,ARM,AWS Graviton3,48,96,2.0606,49.4544,346.181,1504.24
aws,eu-west-2,c7g,ARM,AWS Graviton3,64,128,2.7475,65.94,461.58,2005.68
aws,eu-west-2,c7i,x86(Intel),Intel Xeon Platinum 8488C,2,4,0.10605,2.5452,17.816,77.42
aws,eu-west-2,c7i,x86(Intel),Intel Xeon Platinum 8488C,4,8,0.2121,5.0904,35.633,154.83
aws,eu-west-2,c7i,x86(Intel),Intel Xeon Platinum 8488C,8,16,0.4242,10.1808,71.266,309.67
aws,eu-west-2,c7i,x86(Intel),Intel Xeon Platinum 8488C,16,32,0.8484,20.3616,142.531,619.33
aws,eu-west-2,c7i,x86(Intel),Intel Xeon Platinum 8488C,32,64,1.6968,40.7232,285.062,1238.66
aws,eu-west-2,c7i,x86(Intel),Intel Xeon Platinum 8488C,48,96,2.5452,61.0848,427.594,1858.0
aws,eu-west-2,c7i,x86(Intel),Intel Xeon Platinum 8488C,64,128,3.3936,81.4464,570.125,2477.33
aws,eu-west-2,c7i,x86(Intel),Intel Xeon Platinum 8488C,96,192,5.0904,122.1696,855.187,3715.99
aws,eu-west-2,c7i,x86(Intel),Intel Xeon Platinum 8488C,192,384,10.1808,244.3392,1710.374,7431.98
aws,eu-west-2,c8g,ARM,AWS Graviton4,1,2,0.04722,1.1333,7.933,34.47
aws,eu-west-2,c8g,ARM,AWS Graviton4,2,4,0.09444,2.2666,15.866,68.94
aws,eu-west-2,c8g,ARM,AWS Graviton4,4,8,0.18888,4.5331,31.732,137.88
aws,eu-west-2,c8g,ARM,AWS Graviton4,8,16,0.37776,9.0662,63.464,275.76
aws,eu-west-2,c8g,ARM,AWS Graviton4,16,32,0.75552,18.1325,126.927,551.53
aws,eu-west-2,c8g,ARM,AWS Graviton4,32,64,1.51104,36.265,253.855,1103.06
aws,eu-west-2,c8g,ARM,AWS Graviton4,48,96,2.26656,54.3974,380.782,1654.59
aws,eu-west-2,c8g,ARM,AWS Graviton4,64,128,3.02208,72.5299,507.709,2206.12
aws,eu-west-2,c8g,ARM,AWS Graviton4,96,192,4.53312,108.7949,761.564,3309.18
aws,eu-west-2,c8g,ARM,AWS Graviton4,192,384,9.06624,217.5898,1523.128,6618.36
aws,eu-west-2,c8i,x86(Intel),Intel Xeon 6 6975P-C,2,4,0.11135,2.6724,18.707,81.29
aws,eu-west-2,c8i,x86(Intel),Intel Xeon 6 6975P-C,4,8,0.2227,5.3448,37.414,162.57
aws,eu-west-2,c8i,x86(Intel),Intel Xeon 6 6975P-C,8,16,0.4454,10.6896,74.827,325.14
aws,eu-west-2,c8i,x86(Intel),Intel Xeon 6 6975P-C,16,32,0.8908,21.3792,149.654,650.28
aws,eu-west-2,c8i,x86(Intel),Intel Xeon 6 6975P-C,32,64,1.7816,42.7584,299.309,1300.57
aws,eu-west-2,c8i,x86(Intel),Intel Xeon 6 6975P-C,48,96,2.6724,64.1376,448.963,1950.85
aws,eu-west-2,c8i,x86(Intel),Intel Xeon 6 6975P-C,64,128,3.5632,85.5168,598.618,2601.14
aws,eu-west-2,c8i,x86(Intel),Intel Xeon 6 6975P-C,96,192,5.3448,128.2752,897.926,3901.7
aws,eu-west-2,c8i,x86(Intel),Intel Xeon 6 6975P-C,128,256,7.1264,171.0336,1197.235,5202.27
aws,eu-west-2,c8i,x86(Intel),Intel Xeon 6 6975P-C,192,384,10.6896,256.5504,1795.853,7803.41
aws,eu-west-2,c8i,x86(Intel),Intel Xeon 6 6975P-C,384,768,21.3792,513.1008,3591.706,15606.82
aws,eu-west-2,m6a,x86(AMD),AMD EPYC 7R13,2,8,0.0999,2.3976,16.783,72.93
aws,eu-west-2,m6a,x86(AMD),AMD EPYC 7R13,4,16,0.1998,4.7952,33.566,145.85
aws,eu-west-2,m6a,x86(AMD),AMD EPYC 7R13,8,32,0.3996,9.5904,67.133,291.71
aws,eu-west-2,m6a,x86(AMD),AMD EPYC 7R13,16,64,0.7992,19.1808,134.266,583.42
aws,eu-west-2,m6a,x86(AMD),AMD EPYC 7R13,32,128,1.5984,38.3616,268.531,1166.83
aws,eu-west-2,m6a,x86(AMD),AMD EPYC 7R13,48,192,2.3976,57.5424,402.797,1750.25
aws,eu-west-2,m6a,x86(AMD),AMD EPYC 7R13,64,256,3.1968,76.7232,537.062,2333.66
aws,eu-west-2,m6a,x86(AMD),AMD EPYC 7R13,96,384,4.7952,115.0848,805.594,3500.5
aws,eu-west-2,m6a,x86(AMD),AMD EPYC 7R13,128,512,6.3936,153.4464,1074.125,4667.33
aws,eu-west-2,m6a,x86(AMD),AMD EPYC 7R13,192,768,9.5904,230.1696,1611.187,7000.99
aws,eu-west-2,m6g,ARM,AWS Graviton2,1,4,0.0444,1.0656,7.459,32.41
aws,eu-west-2,m6g,ARM,AWS Graviton2,2,8,0.0888,2.1312,14.918,64.82
aws,eu-west-2,m6g,ARM,AWS Graviton2,4,16,0.1776,4.2624,29.837,129.65
aws,eu-west-2,m6g,ARM,AWS Graviton2,8,32,0.3552,8.5248,59.674,259.3
aws,eu-west-2,m6g,ARM,AWS Graviton2,16,64,0.7104,17.0496,119.347,518.59
aws,eu-west-2,m6g,ARM,AWS Graviton2,32,128,1.4208,34.0992,238.694,1037.18
aws,eu-west-2,m6g,ARM,AWS Graviton2,48,192,2.1312,51.1488,358.042,1555.78
aws,eu-west-2,m6g,ARM,AWS Graviton2,64,256,2.8416,68.1984,477.389,2074.37
aws,eu-west-2,m6i,x86(Intel),Intel Xeon Platinum 8375C,2,8,0.111,2.664,18.648,81.03
aws,eu-west-2,m6i,x86(Intel),Intel Xeon Platinum 8375C,4,16,0.222,5.328,37.296,162.06
aws,eu-west-2,m6i,x86(Intel),Intel Xeon Platinum 8375C,8,32,0.444,10.656,74.592,324.12
aws,eu-west-2,m6i,x86(Intel),Intel Xeon Platinum 8375C,16,64,0.888,21.312,149.184,648.24
aws,eu-west-2,m6i,x86(Intel),Intel Xeon Platinum 8375C,32,128,1.776,42.624,298.368,1296.48
aws,eu-west-2,m6i,x86(Intel),Intel Xeon Platinum 8375C,48,192,2.664,63.936,447.552,1944.72
aws,eu-west-2,m6i,x86(Intel),Intel Xeon Platinum 8375C,64,256,3.552,85.248,596.736,2592.96
aws,eu-west-2,m6i,x86(Intel),Intel Xeon Platinum 8375C,96,384,5.328,127.872,895.104,3889.44
aws,eu-west-2,m6i,x86(Intel),Intel Xeon Platinum 8375C,128,512,7.104,170.496,1193.472,5185.92
aws,eu-west-2,m7a,x86(AMD),AMD EPYC 9R14,1,4,0.06702,1.6085,11.259,48.92
aws,eu-west-2,m7a,x86(AMD),AMD EPYC 9R14,2,8,0.13403,3.2167,22.517,97.84
aws,eu-west-2,m7a,x86(AMD),AMD EPYC 9R14,4,16,0.26806,6.4334,45.034,195.68
aws,eu-west-2,m7a,x86(AMD),AMD EPYC 9R14,8,32,0.53612,12.8669,90.068,391.37
aws,eu-west-2,m7a,x86(AMD),AMD EPYC 9R14,16,64,1.07224,25.7338,180.136,782.74
aws,eu-west-2,m7a,x86(AMD),AMD EPYC 9R14,32,128,2.14448,51.4675,360.273,1565.47
aws,eu-west-2,m7a,x86(AMD),AMD EPYC 9R14,48,192,3.21672,77.2013,540.409,2348.21
aws,eu-west-2,m7a,x86(AMD),AMD EPYC 9R14,64,256,4.28896,102.935,720.545,3130.94
aws,eu-west-2,m7a,x86(AMD),AMD EPYC 9R14,96,384,6.43344,154.4026,1080.818,4696.41
aws,eu-west-2,m7a,x86(AMD),AMD EPYC 9R14,128,512,8.57792,205.8701,1441.091,6261.88
aws,eu-west-2,m7a,x86(AMD),AMD EPYC 9R14,192,768,12.86688,308.8051,2161.636,9392.82
aws,eu-west-2,m7g,ARM,AWS Graviton3,1,4,0.0472,1.1328,7.93,34.46
aws,eu-west-2,m7g,ARM,AWS Graviton3,2,8,0.0944,2.2656,15.859,68.91
aws,eu-west-2,m7g,ARM,AWS Graviton3,4,16,0.1887,4.5288,31.702,137.75
aws,eu-west-2,m7g,ARM,AWS Graviton3,8,32,0.3774,9.0576,63.403,275.5
aws,eu-west-2,m7g,ARM,AWS Graviton3,16,64,0.7549,18.1176,126.823,551.08
aws,eu-west-2,m7g,ARM,AWS Graviton3,32,128,1.5098,36.2352,253.646,1102.15
aws,eu-west-2,m7g,ARM,AWS Graviton3,48,192,2.2646,54.3504,380.453,1653.16
aws,eu-west-2,m7g,ARM,AWS Graviton3,64,256,3.0195,72.468,507.276,2204.23
aws,eu-west-2,m7i,x86(Intel),Intel Xeon Platinum 8488C,2,8,0.11655,2.7972,19.58,85.08
aws,eu-west-2,m7i,x86(Intel),Intel Xeon Platinum 8488C,4,16,0.2331,5.5944,39.161,170.16
aws,eu-west-2,m7i,x86(Intel),Intel Xeon Platinum 8488C,8,32,0.4662,11.1888,78.322,340.33
aws,eu-west-2,m7i,x86(Intel),Intel Xeon Platinum 8488C,16,64,0.9324,22.3776,156.643,680.65
aws,eu-west-2,m7i,x86(Intel),Intel Xeon Platinum 8488C,32,128,1.8648,44.7552,313.286,1361.3
aws,eu-west-2,m7i,x86(Intel),Intel Xeon Platinum 8488C,48,192,2.7972,67.1328,469.93,2041.96
aws,eu-west-2,m7i,x86(Intel),Intel Xeon Platinum 8488C,64,256,3.7296,89.5104,626.573,2722.61
aws,eu-west-2,m7i,x86(Intel),Intel Xeon Platinum 8488C,96,384,5.5944,134.2656,939.859,4083.91
aws,eu-west-2,m7i,x86(Intel),Intel Xeon Platinum 8488C,192,768,11.1888,268.5312,1879.718,8167.82
aws,eu-west-2,m8g,ARM,AWS Graviton4,1,4,0.0519,1.2456,8.719,37.89
aws,eu-west-2,m8g,ARM,AWS Graviton4,2,8,0.1038,2.4912,17.438,75.77
aws,eu-west-2,m8g,ARM,AWS Graviton4,4,16,0.2076,4.9824,34.877,151.55
aws,eu-west-2,m8g,ARM,AWS Graviton4,8,32,0.4152,9.9648,69.754,303.1
aws,eu-west-2,m8g,ARM,AWS Graviton4,16,64,0.8304,19.9296,139.507,606.19
aws,eu-west-2,m8g,ARM,AWS Graviton4,32,128,1.6608,39.8592,279.014,1212.38
aws,eu-west-2,m8g,ARM,AWS Graviton4,48,192,2.4912,59.7888,418.522,1818.58
aws,eu-west-2,m8g,ARM,AWS Graviton4,64,256,3.3216,79.7184,558.029,2424.77
aws,eu-west-2,m8g,ARM,AWS Graviton4,96,384,4.9824,119.5776,837.043,3637.15
aws,eu-west-2,m8g,ARM,AWS Graviton4,192,768,9.9648,239.1552,1674.086,7274.3
aws,eu-west-2,m8i,x86(Intel),Intel Xeon 6 6975P-C,2,8,0.12238,2.9371,20.56,89.34
aws,eu-west-2,m8i,x86(Intel),Intel Xeon 6 6975P-C,4,16,0.24476,5.8742,41.12,178.67
aws,eu-west-2,m8i,x86(Intel),Intel Xeon 6 6975P-C,8,32,0.48952,11.7485,82.239,357.35
aws,eu-west-2,m8i,x86(Intel),Intel Xeon 6 6975P-C,16,64,0.97904,23.497,164.479,714.7
aws,eu-west-2,m8i,x86(Intel),Intel Xeon 6 6975P-C,32,128,1.95808,46.9939,328.957,1429.4
aws,eu-west-2,m8i,x86(Intel),Intel Xeon 6 6975P-C,48,192,2.93712,70.4909,493.436,2144.1
aws,eu-west-2,m8i,x86(Intel),Intel Xeon 6 6975P-C,64,256,3.91616,93.9878,657.915,2858.8
aws,eu-west-2,m8i,x86(Intel),Intel Xeon 6 6975P-C,96,384,5.87424,140.9818,986.872,4288.2
aws,eu-west-2,m8i,x86(Intel),Intel Xeon 6 6975P-C,128,512,7.83232,187.9757,1315.83,5717.59
aws,eu-west-2,m8i,x86(Intel),Intel Xeon 6 6975P-C,192,768,11.74848,281.9635,1973.745,8576.39
aws,eu-west-2,m8i,x86(Intel),Intel Xeon 6 6975P-C,384,1536,23.49696,563.927,3947.489,17152.78
aws,eu-west-2,r6a,x86(AMD),AMD EPYC 7R13,2,16,0.1332,3.1968,22.378,97.24
aws,eu-west-2,r6a,x86(AMD),AMD EPYC 7R13,4,32,0.2664,6.3936,44.755,194.47
aws,eu-west-2,r6a,x86(AMD),AMD EPYC 7R13,8,64,0.5328,12.7872,89.51,388.94
aws,eu-west-2,r6a,x86(AMD),AMD EPYC 7R13,16,128,1.0656,25.5744,179.021,777.89
aws,eu-west-2,r6a,x86(AMD),AMD EPYC 7R13,32,256,2.1312,51.1488,358.042,1555.78
aws,eu-west-2,r6a,x86(AMD),AMD EPYC 7R13,48,384,3.1968,76.7232,537.062,2333.66
aws,eu-west-2,r6a,x86(AMD),AMD EPYC 7R13,64,512,4.2624,102.2976,716.083,3111.55
aws,eu-west-2,r6a,x86(AMD),AMD EPYC 7R13,96,768,6.3936,153.4464,1074.125,4667.33
aws,eu-west-2,r6a,x86(AMD),AMD EPYC 7R13,128,1024,8.5248,204.5952,1432.166,6223.1
aws,eu-west-2,r6a,x86(AMD),AMD EPYC 7R13,192,1536,12.7872,306.8928,2148.25,9334.66
aws,eu-west-2,r6g,ARM,AWS Graviton2,1,8,0.0592,1.4208,9.946,43.22
aws,eu-west-2,r6g,ARM,AWS Graviton2,2,16,0.1184,2.8416,19.891,86.43
aws,eu-west-2,r6g,ARM,AWS Graviton2,4,32,0.2368,5.6832,39.782,172.86
aws,eu-west-2,r6g,ARM,AWS Graviton2,8,64,0.4736,11.3664,79.565,345.73
aws,eu-west-2,r6g,ARM,AWS Graviton2,16,128,0.9472,22.7328,159.13,691.46
aws,eu-west-2,r6g,ARM,AWS Graviton2,32,256,1.8944,45.4656,318.259,1382.91
aws,eu-west-2,r6g,ARM,AWS Graviton2,48,384,2.8416,68.1984,477.389,2074.37
aws,eu-west-2,r6g,ARM,AWS Graviton2,64,512,3.7888,90.9312,636.518,2765.82
aws,eu-west-2,r6i,x86(Intel),Intel Xeon Platinum 8375C,2,16,0.148,3.552,24.864,108.04
aws,eu-west-2,r6i,x86(Intel),Intel Xeon Platinum 8375C,4,32,0.296,7.104,49.728,216.08
aws,eu-west-2,r6i,x86(Intel),Intel Xeon Platinum 8375C,8,64,0.592,14.208,99.456,432.16
aws,eu-west-2,r6i,x86(Intel),Intel Xeon Platinum 8375C,16,128,1.184,28.416,198.912,864.32
aws,eu-west-2,r6i,x86(Intel),Intel Xeon Platinum 8375C,32,256,2.368,56.832,397.824,1728.64
aws,eu-west-2,r6i,x86(Intel),Intel Xeon Platinum 8375C,48,384,3.552,85.248,596.736,2592.96
aws,eu-west-2,r6i,x86(Intel),Intel Xeon Platinum 8375C,64,512,4.736,113.664,795.648,3457.28
aws,eu-west-2,r6i,x86(Intel),Intel Xeon Platinum 8375C,96,768,7.104,170.496,1193.472,5185.92
aws,eu-west-2,r6i,x86(Intel),Intel Xeon Platinum 8375C,128,1024,9.472,227.328,1591.296,6914.56
aws,eu-west-2,r7g,ARM,AWS Graviton3,1,8,0.0629,1.5096,10.567,45.92
aws,eu-west-2,r7g,ARM,AWS Graviton3,2,16,0.1258,3.0192,21.134,91.83
aws,eu-west-2,r7g,ARM,AWS Graviton3,4,32,0.2516,6.0384,42.269,183.67
aws,eu-west-2,r7g,ARM,AWS Graviton3,8,64,0.5032,12.0768,84.538,367.34
aws,eu-west-2,r7g,ARM,AWS Graviton3,16,128,1.0064,24.1536,169.075,734.67
aws,eu-west-2,r7g,ARM,AWS Graviton3,32,256,2.0128,48.3072,338.15,1469.34
aws,eu-west-2,r7g,ARM,AWS Graviton3,48,384,3.0192,72.4608,507.226,2204.02
aws,eu-west-2,r7g,ARM,AWS Graviton3,64,512,4.0256,96.6144,676.301,2938.69
aws,eu-west-2,r7i,x86(Intel),Intel Xeon Platinum 8488C,2,16,0.1554,3.7296,26.107,113.44
aws,eu-west-2,r7i,x86(Intel),Intel Xeon Platinum 8488C,4,32,0.3108,7.4592,52.214,226.88
aws,eu-west-2,r7i,x86(Intel),Intel Xeon Platinum 8488C,8,64,0.6216,14.9184,104.429,453.77
aws,eu-west-2,r7i,x86(Intel),Intel Xeon Platinum 8488C,16,128,1.2432,29.8368,208.858,907.54
aws,eu-west-2,r7i,x86(Intel),Intel Xeon Platinum 8488C,32,256,2.4864,59.6736,417.715,1815.07
aws,eu-west-2,r7i,x86(Intel),Intel Xeon Platinum 8488C,48,384,3.7296,89.5104,626.573,2722.61
aws,eu-west-2,r7i,x86(Intel),Intel Xeon Platinum 8488C,64,512,4.9728,119.3472,835.43,3630.14
aws,eu-west-2,r7i,x86(Intel),Intel Xeon Platinum 8488C,96,768,7.4592,179.0208,1253.146,5445.22
aws,eu-west-2,r7i,x86(Intel),Intel Xeon Platinum 8488C,192,1536,14.9184,358.0416,2506.291,10890.43
aws,eu-west-2,r8g,ARM,AWS Graviton4,1,8,0.06919,1.6606,11.624,50.51
aws,eu-west-2,r8g,ARM,AWS Graviton4,2,16,0.13838,3.3211,23.248,101.02
aws,eu-west-2,r8g,ARM,AWS Graviton4,4,32,0.27676,6.6422,46.496,202.03
aws,eu-west-2,r8g,ARM,AWS Graviton4,8,64,0.55352,13.2845,92.991,404.07
aws,eu-west-2,r8g,ARM,AWS Graviton4,16,128,1.10704,26.569,185.983,808.14
aws,eu-west-2,r8g,ARM,AWS Graviton4,32,256,2.21408,53.1379,371.965,1616.28
aws,eu-west-2,r8g,ARM,AWS Graviton4,48,384,3.32112,79.7069,557.948,2424.42
aws,eu-west-2,r8g,ARM,AWS Graviton4,64,512,4.42816,106.2758,743.931,3232.56
aws,eu-west-2,r8g,ARM,AWS Graviton4,96,768,6.64224,159.4138,1115.896,4848.84
aws,eu-west-2,r8g,ARM,AWS Graviton4,192,1536,13.28448,318.8275,2231.793,9697.67
aws,eu-west-2,r8i,x86(Intel),Intel Xeon 6 6985P-C,2,16,0.16317,3.9161,27.413,119.11
aws,eu-west-2,r8i,x86(Intel),Intel Xeon 6 6985P-C,4,32,0.32634,7.8322,54.825,238.23
aws,eu-west-2,r8i,x86(Intel),Intel Xeon 6 6985P-C,8,64,0.65268,15.6643,109.65,476.46
aws,eu-west-2,r8i,x86(Intel),Intel Xeon 6 6985P-C,16,128,1.30536,31.3286,219.3,952.91
aws,eu-west-2,r8i,x86(Intel),Intel Xeon 6 6985P-C,32,256,2.61072,62.6573,438.601,1905.83
aws,eu-west-2,r8i,x86(Intel),Intel Xeon 6 6985P-C,48,384,3.91608,93.9859,657.901,2858.74
aws,eu-west-2,r8i,x86(Intel),Intel Xeon 6 6985P-C,64,512,5.22144,125.3146,877.202,3811.65
aws,eu-west-2,r8i,x86(Intel),Intel Xeon 6 6985P-C,96,768,7.83216,187.9718,1315.803,5717.48
aws,eu-west-2,r8i,x86(Intel),Intel Xeon 6 6985P-C,128,1024,10.44288,250.6291,1754.404,7623.3
aws,eu-west-2,r8i,x86(Intel),Intel Xeon 6 6985P-C,192,1536,15.66432,375.9437,2631.606,11434.95
aws,eu-west-2,r8i,x86(Intel),Intel Xeon 6 6985P-C,384,3072,31.32864,751.8874,5263.212,22869.91
aws,eu-west-3,c6g,ARM,AWS Graviton2,1,2,0.0405,0.972,6.804,29.56
aws,eu-west-3,c6g,ARM,AWS Graviton2,2,4,0.081,1.944,13.608,59.13
aws,eu-west-3,c6g,ARM,AWS Graviton2,4,8,0.162,3.888,27.216,118.26
aws,eu-west-3,c6g,ARM,AWS Graviton2,8,16,0.324,7.776,54.432,236.52
aws,eu-west-3,c6g,ARM,AWS Graviton2,16,32,0.648,15.552,108.864,473.04
aws,eu-west-3,c6g,ARM,AWS Graviton2,32,64,1.296,31.104,217.728,946.08
aws,eu-west-3,c6g,ARM,AWS Graviton2,48,96,1.944,46.656,326.592,1419.12
aws,eu-west-3,c6g,ARM,AWS Graviton2,64,128,2.592,62.208,435.456,1892.16
aws,eu-west-3,c6i,x86(Intel),Intel Xeon Platinum 8375C,2,4,0.101,2.424,16.968,73.73
aws,eu-west-3,c6i,x86(Intel),Intel Xeon Platinum 8375C,4,8,0.202,4.848,33.936,147.46
aws,eu-west-3,c6i,x86(Intel),Intel Xeon Platinum 8375C,8,16,0.404,9.696,67.872,294.92
aws,eu-west-3,c6i,x86(Intel),Intel Xeon Platinum 8375C,16,32,0.808,19.392,135.744,589.84
aws,eu-west-3,c6i,x86(Intel),Intel Xeon Platinum 8375C,32,64,1.616,38.784,271.488,1179.68
aws,eu-west-3,c6i,x86(Intel),Intel Xeon Platinum 8375C,48,96,2.424,58.176,407.232,1769.52
aws,eu-west-3,c6i,x86(Intel),Intel Xeon Platinum 8375C,64,128,3.232,77.568,542.976,2359.36
aws,eu-west-3,c6i,x86(Intel),Intel Xeon Platinum 8375C,96,192,4.848,116.352,814.464,3539.04
aws,eu-west-3,c6i,x86(Intel),Intel Xeon Platinum 8375C,128,256,6.464,155.136,1085.952,4718.72
aws,eu-west-3,c7g,ARM,AWS Graviton3,1,2,0.0429,1.0296,7.207,31.32
aws,eu-west-3,c7g,ARM,AWS Graviton3,2,4,0.0859,2.0616,14.431,62.71
aws,eu-west-3,c7g,ARM,AWS Graviton3,4,8,0.1717,4.1208,28.846,125.34
aws,eu-west-3,c7g,ARM,AWS Graviton3,8,16,0.3434,8.2416,57.691,250.68
aws,eu-west-3,c7g,ARM,AWS Graviton3,16,32,0.6869,16.4856,115.399,501.44
aws,eu-west-3,c7g,ARM,AWS Graviton3,32,64,1.3738,32.9712,230.798,1002.87
aws,eu-west-3,c7g,ARM,AWS Graviton3,48,96,2.0606,49.4544,346.181,1504.24
aws,eu-west-3,c7g,ARM,AWS Graviton3,64,128,2.7475,65.94,461.58,2005.68
aws,eu-west-3,c7i,x86(Intel),Intel Xeon Platinum 8488C,2,4,0.10605,2.5452,17.816,77.42
aws,eu-west-3,c7i,x86(Intel),Intel Xeon Platinum 8488C,4,8,0.2121,5.0904,35.633,154.83
aws,eu-west-3,c7i,x86(Intel),Intel Xeon Platinum 8488C,8,16,0.4242,10.1808,71.266,309.67
aws,eu-west-3,c7i,x86(Intel),Intel Xeon Platinum 8488C,16,32,0.8484,20.3616,142.531,619.33
aws,eu-west-3,c7i,x86(Intel),Intel Xeon Platinum 8488C,32,64,1.6968,40.7232,285.062,1238.66
aws,eu-west-3,c7i,x86(Intel),Intel Xeon Platinum 8488C,48,96,2.5452,61.0848,427.594,1858.0
aws,eu-west-3,c7i,x86(Intel),Intel Xeon Platinum 8488C,64,128,3.3936,81.4464,570.125,2477.33
aws,eu-west-3,c7i,x86(Intel),Intel Xeon Platinum 8488C,96,192,5.0904,122.1696,855.187,3715.99
aws,eu-west-3,c7i,x86(Intel),Intel Xeon Platinum 8488C,192,384,10.1808,244.3392,1710.374,7431.98
aws,eu-west-3,c8g,ARM,AWS Graviton4,1,2,0.04722,1.1333,7.933,34.47
aws,eu-west-3,c8g,ARM,AWS Graviton4,2,4,0.09444,2.2666,15.866,68.94
aws,eu-west-3,c8g,ARM,AWS Graviton4,4,8,0.18888,4.5331,31.732,137.88
aws,eu-west-3,c8g,ARM,AWS Graviton4,8,16,0.37776,9.0662,63.464,275.76
aws,eu-west-3,c8g,ARM,AWS Graviton4,16,32,0.75552,18.1325,126.927,551.53
aws,eu-west-3,c8g,ARM,AWS Graviton4,32,64,1.51104,36.265,253.855,1103.06
aws,eu-west-3,c8g,ARM,AWS Graviton4,48,96,2.26656,54.3974,380.782,1654.59
aws,eu-west-3,c8g,ARM,AWS Graviton4,64,128,3.02208,72.5299,507.709,2206.12
aws,eu-west-3,c8g,ARM,AWS Graviton4,96,192,4.53312,108.7949,761.564,3309.18
aws,eu-west-3,c8g,ARM,AWS Graviton4,192,384,9.06624,217.5898,1523.128,6618.36
aws,eu-west-3,c8i,x86(Intel),Intel Xeon 6 6975P-C,2,4,0.11135,2.6724,18.707,81.29
aws,eu-west-3,c8i,x86(Intel),Intel Xeon 6 6975P-C,4,8,0.2227,5.3448,37.414,162.57
aws,eu-west-3,c8i,x86(Intel),Intel Xeon 6 6975P-C,8,16,0.4454,10.6896,74.827,325.14
aws,eu-west-3,c8i,x86(Intel),Intel Xeon 6 6975P-C,16,32,0.8908,21.3792,149.654,650.28
aws,eu-west-3,c8i,x86(Intel),Intel Xeon 6 6975P-C,32,64,1.7816,42.7584,299.309,1300.57
aws,eu-west-3,c8i,x86(Intel),Intel Xeon 6 6975P-C,48,96,2.6724,64.1376,448.963,1950.85
aws,eu-west-3,c8i,x86(Intel),Intel Xeon 6 6975P-C,64,128,3.5632,85.5168,598.618,2601.14
aws,eu-west-3,c8i,x86(Intel),Intel Xeon 6 6975P-C,96,192,5.3448,128.2752,897.926,3901.7
aws,eu-west-3,c8i,x86(Intel),Intel Xeon 6 6975P-C,128,256,7.1264,171.0336,1197.235,5202.27
aws,eu-west-3,c8i,x86(Intel),Intel Xeon 6 6975P-C,192,384,10.6896,256.5504,1795.853,7803.41
aws,eu-west-3,c8i,x86(Intel),Intel Xeon 6 6975P-C,384,768,21.3792,513.1008,3591.706,15606.82
aws,eu-west-3,m6a,x86(AMD),AMD EPYC 7R13,2,8,0.1008,2.4192,16.934,73.58
aws,eu-west-3,m6a,x86(AMD),AMD EPYC 7R13,4,16,0.2016,4.8384,33.869,147.17
aws,eu-west-3,m6a,x86(AMD),AMD EPYC 7R13,8,32,0.4032,9.6768,67.738,294.34
aws,eu-west-3,m6a,x86(AMD),AMD EPYC 7R13,16,64,0.8064,19.3536,135.475,588.67
aws,eu-west-3,m6a,x86(AMD),AMD EPYC 7R13,32,128,1.6128,38.7072,270.95,1177.34
aws,eu-west-3,m6a,x86(AMD),AMD EPYC 7R13,48,192,2.4192,58.0608,406.426,1766.02
aws,eu-west-3,m6a,x86(AMD),AMD EPYC 7R13,64,256,3.2256,77.4144,541.901,2354.69
aws,eu-west-3,m6a,x86(AMD),AMD EPYC 7R13,96,384,4.8384,116.1216,812.851,3532.03
aws,eu-west-3,m6a,x86(AMD),AMD EPYC 7R13,128,512,6.4512,154.8288,1083.802,4709.38
aws,eu-west-3,m6a,x86(AMD),AMD EPYC 7R13,192,768,9.6768,232.2432,1625.702,7064.06
aws,eu-west-3,m6g,ARM,AWS Graviton2,1,4,0.045,1.08,7.56,32.85
aws,eu-west-3,m6g,ARM,AWS Graviton2,2,8,0.09,2.16,15.12,65.7
aws,eu-west-3,m6g,ARM,AWS Graviton2,4,16,0.18,4.32,30.24,131.4
aws,eu-west-3,m6g,ARM,AWS Graviton2,8,32,0.36,8.64,60.48,262.8
aws,eu-west-3,m6g,ARM,AWS Graviton2,16,64,0.72,17.28,120.96,525.6
aws,eu-west-3,m6g,ARM,AWS Graviton2,32,128,1.44,34.56,241.92,1051.2
aws,eu-west-3,m6g,ARM,AWS Graviton2,48,192,2.16,51.84,362.88,1576.8
aws,eu-west-3,m6g,ARM,AWS Graviton2,64,256,2.88,69.12,483.84,2102.4
aws,eu-west-3,m6i,x86(Intel),Intel Xeon Platinum 8375C,2,8,0.112,2.688,18.816,81.76
aws,eu-west-3,m6i,x86(Intel),Intel Xeon Platinum 8375C,4,16,0.224,5.376,37.632,163.52
aws,eu-west-3,m6i,x86(Intel),Intel Xeon Platinum 8375C,8,32,0.448,10.752,75.264,327.04
aws,eu-west-3,m6i,x86(Intel),Intel Xeon Platinum 8375C,16,64,0.896,21.504,150.528,654.08
aws,eu-west-3,m6i,x86(Intel),Intel Xeon Platinum 8375C,32,128,1.792,43.008,301.056,1308.16
aws,eu-west-3,m6i,x86(Intel),Intel Xeon Platinum 8375C,48,192,2.688,64.512,451.584,1962.24
aws,eu-west-3,m6i,x86(Intel),Intel Xeon Platinum 8375C,64,256,3.584,86.016,602.112,2616.32
aws,eu-west-3,m6i,x86(Intel),Intel Xeon Platinum 8375C,96,384,5.376,129.024,903.168,3924.48
aws,eu-west-3,m6i,x86(Intel),Intel Xeon Platinum 8375C,128,512,7.168,172.032,1204.224,5232.64
aws,eu-west-3,m7g,ARM,AWS Graviton3,1,4,0.0476,1.1424,7.997,34.75
aws,eu-west-3,m7g,ARM,AWS Graviton3,2,8,0.0952,2.2848,15.994,69.5
aws,eu-west-3,m7g,ARM,AWS Graviton3,4,16,0.1904,4.5696,31.987,138.99
aws,eu-west-3,m7g,ARM,AWS Graviton3,8,32,0.3808,9.1392,63.974,277.98
aws,eu-west-3,m7g,ARM,AWS Graviton3,16,64,0.7616,18.2784,127.949,555.97
aws,eu-west-3,m7g,ARM,AWS Graviton3,32,128,1.5232,36.5568,255.898,1111.94
aws,eu-west-3,m7g,ARM,AWS Graviton3,48,192,2.2848,54.8352,383.846,1667.9
aws,eu-west-3,m7g,ARM,AWS Graviton3,64,256,3.0464,73.1136,511.795,2223.87
aws,eu-west-3,m7i,x86(Intel),Intel Xeon Platinum 8488C,2,8,0.1176,2.8224,19.757,85.85
aws,eu-west-3,m7i,x86(Intel),Intel Xeon Platinum 8488C,4,16,0.2352,5.6448,39.514,171.7
aws,eu-west-3,m7i,x86(Intel),Intel Xeon Platinum 8488C,8,32,0.4704,11.2896,79.027,343.39
aws,eu-west-3,m7i,x86(Intel),Intel Xeon Platinum 8488C,16,64,0.9408,22.5792,158.054,686.78
aws,eu-west-3,m7i,x86(Intel),Intel Xeon Platinum 8488C,32,128,1.8816,45.1584,316.109,1373.57
aws,eu-west-3,m7i,x86(Intel),Intel Xeon Platinum 8488C,48,192,2.8224,67.7376,474.163,2060.35
aws,eu-west-3,m7i,x86(Intel),Intel Xeon Platinum 8488C,64,256,3.7632,90.3168,632.218,2747.14
aws,eu-west-3,m7i,x86(Intel),Intel Xeon Platinum 8488C,96,384,5.6448,135.4752,948.326,4120.7
aws,eu-west-3,m7i,x86(Intel),Intel Xeon Platinum 8488C,192,768,11.2896,270.9504,1896.653,8241.41
aws,eu-west-3,m8g,ARM,AWS Graviton4,1,4,0.05236,1.2566,8.796,38.22
aws,eu-west-3,m8g,ARM,AWS Graviton4,2,8,0.10472,2.5133,17.593,76.45
aws,eu-west-3,m8g,ARM,AWS Graviton4,4,16,0.20944,5.0266,35.186,152.89
aws,eu-west-3,m8g,ARM,AWS Graviton4,8,32,0.41888,10.0531,70.372,305.78
aws,eu-west-3,m8g,ARM,AWS Graviton4,16,64,0.83776,20.1062,140.744,611.56
aws,eu-west-3,m8g,ARM,AWS Graviton4,32,128,1.67552,40.2125,281.487,1223.13
aws,eu-west-3,m8g,ARM,AWS Graviton4,48,192,2.51328,60.3187,422.231,1834.69
aws,eu-west-3,m8g,ARM,AWS Graviton4,64,256,3.35104,80.425,562.975,2446.26
aws,eu-west-3,m8g,ARM,AWS Graviton4,96,384,5.02656,120.6374,844.462,3669.39
aws,eu-west-3,m8g,ARM,AWS Graviton4,192,768,10.05312,241.2749,1688.924,7338.78
aws,eu-west-3,m8i,x86(Intel),Intel Xeon 6 6975P-C,2,8,0.12348,2.9635,20.745,90.14
aws,eu-west-3,m8i,x86(Intel),Intel Xeon 6 6975P-C,4,16,0.24696,5.927,41.489,180.28
aws,eu-west-3,m8i,x86(Intel),Intel Xeon 6 6975P-C,8,32,0.49392,11.8541,82.979,360.56
aws,eu-west-3,m8i,x86(Intel),Intel Xeon 6 6975P-C,16,64,0.98784,23.7082,165.957,721.12
aws,eu-west-3,m8i,x86(Intel),Intel Xeon 6 6975P-C,32,128,1.97568,47.4163,331.914,1442.25
aws,eu-west-3,m8i,x86(Intel),Intel Xeon 6 6975P-C,48,192,2.96352,71.1245,497.871,2163.37
aws,eu-west-3,m8i,x86(Intel),Intel Xeon 6 6975P-C,64,256,3.95136,94.8326,663.828,2884.49
aws,eu-west-3,m8i,x86(Intel),Intel Xeon 6 6975P-C,96,384,5.92704,142.249,995.743,4326.74
aws,eu-west-3,m8i,x86(Intel),Intel Xeon 6 6975P-C,128,512,7.90272,189.6653,1327.657,5768.99
aws,eu-west-3,m8i,x86(Intel),Intel Xeon 6 6975P-C,192,768,11.85408,284.4979,1991.485,8653.48
aws,eu-west-3,m8i,x86(Intel),Intel Xeon 6 6975P-C,384,1536,23.70816,568.9958,3982.971,17306.96
aws,eu-west-3,r6g,ARM,AWS Graviton2,1,8,0.059,1.416,9.912,43.07
aws,eu-west-3,r6g,ARM,AWS Graviton2,2,16,0.118,2.832,19.824,86.14
aws,eu-west-3,r6g,ARM,AWS Graviton2,4,32,0.236,5.664,39.648,172.28
aws,eu-west-3,r6g,ARM,AWS Graviton2,8,64,0.472,11.328,79.296,344.56
aws,eu-west-3,r6g,ARM,AWS Graviton2,16,128,0.944,22.656,158.592,689.12
aws,eu-west-3,r6g,ARM,AWS Graviton2,32,256,1.888,45.312,317.184,1378.24
aws,eu-west-3,r6g,ARM,AWS Graviton2,48,384,2.832,67.968,475.776,2067.36
aws,eu-west-3,r6g,ARM,AWS Graviton2,64,512,3.776,90.624,634.368,2756.48
aws,eu-west-3,r6i,x86(Intel),Intel Xeon Platinum 8375C,2,16,0.148,3.552,24.864,108.04
aws,eu-west-3,r6i,x86(Intel),Intel Xeon Platinum 8375C,4,32,0.296,7.104,49.728,216.08
aws,eu-west-3,r6i,x86(Intel),Intel Xeon Platinum 8375C,8,64,0.592,14.208,99.456,432.16
aws,eu-west-3,r6i,x86(Intel),Intel Xeon Platinum 8375C,16,128,1.184,28.416,198.912,864.32
aws,eu-west-3,r6i,x86(Intel),Intel Xeon Platinum 8375C,32,256,2.368,56.832,397.824,1728.64
aws,eu-west-3,r6i,x86(Intel),Intel Xeon Platinum 8375C,48,384,3.552,85.248,596.736,2592.96
aws,eu-west-3,r6i,x86(Intel),Intel Xeon Platinum 8375C,64,512,4.736,113.664,795.648,3457.28
aws,eu-west-3,r6i,x86(Intel),Intel Xeon Platinum 8375C,96,768,7.104,170.496,1193.472,5185.92
aws,eu-west-3,r6i,x86(Intel),Intel Xeon Platinum 8375C,128,1024,9.472,227.328,1591.296,6914.56
aws,eu-west-3,r7g,ARM,AWS Graviton3,1,8,0.0629,1.5096,10.567,45.92
aws,eu-west-3,r7g,ARM,AWS Graviton3,2,16,0.1258,3.0192,21.134,91.83
aws,eu-west-3,r7g,ARM,AWS Graviton3,4,32,0.2516,6.0384,42.269,183.67
aws,eu-west-3,r7g,ARM,AWS Graviton3,8,64,0.5032,12.0768,84.538,367.34
aws,eu-west-3,r7g,ARM,AWS Graviton3,16,128,1.0064,24.1536,169.075,734.67
aws,eu-west-3,r7g,ARM,AWS Graviton3,32,256,2.0128,48.3072,338.15,1469.34
aws,eu-west-3,r7g,ARM,AWS Graviton3,48,384,3.0192,72.4608,507.226,2204.02
aws,eu-west-3,r7g,ARM,AWS Graviton3,64,512,4.0256,96.6144,676.301,2938.69
aws,eu-west-3,r7i,x86(Intel),Intel Xeon Platinum 8488C,2,16,0.1554,3.7296,26.107,113.44
aws,eu-west-3,r7i,x86(Intel),Intel Xeon Platinum 8488C,4,32,0.3108,7.4592,52.214,226.88
aws,eu-west-3,r7i,x86(Intel),Intel Xeon Platinum 8488C,8,64,0.6216,14.9184,104.429,453.77
aws,eu-west-3,r7i,x86(Intel),Intel Xeon Platinum 8488C,16,128,1.2432,29.8368,208.858,907.54
aws,eu-west-3,r7i,x86(Intel),Intel Xeon Platinum 8488C,32,256,2.4864,59.6736,417.715,1815.07
aws,eu-west-3,r7i,x86(Intel),Intel Xeon Platinum 8488C,48,384,3.7296,89.5104,626.573,2722.61
aws,eu-west-3,r7i,x86(Intel),Intel Xeon Platinum 8488C,64,512,4.9728,119.3472,835.43,3630.14
aws,eu-west-3,r7i,x86(Intel),Intel Xeon Platinum 8488C,96,768,7.4592,179.0208,1253.146,5445.22
aws,eu-west-3,r7i,x86(Intel),Intel Xeon Platinum 8488C,192,1536,14.9184,358.0416,2506.291,10890.43
aws,eu-west-3,r8g,ARM,AWS Graviton4,1,8,0.06919,1.6606,11.624,50.51
aws,eu-west-3,r8g,ARM,AWS Graviton4,2,16,0.13838,3.3211,23.248,101.02
aws,eu-west-3,r8g,ARM,AWS Graviton4,4,32,0.27676,6.6422,46.496,202.03
aws,eu-west-3,r8g,ARM,AWS Graviton4,8,64,0.55352,13.2845,92.991,404.07
aws,eu-west-3,r8g,ARM,AWS Graviton4,16,128,1.10704,26.569,185.983,808.14
aws,eu-west-3,r8g,ARM,AWS Graviton4,32,256,2.21408,53.1379,371.965,1616.28
aws,eu-west-3,r8g,ARM,AWS Graviton4,48,384,3.32112,79.7069,557.948,2424.42
aws,eu-west-3,r8g,ARM,AWS Graviton4,64,512,4.42816,106.2758,743.931,3232.56
aws,eu-west-3,r8g,ARM,AWS Graviton4,96,768,6.64224,159.4138,1115.896,4848.84
aws,eu-west-3,r8g,ARM,AWS Graviton4,192,1536,13.28448,318.8275,2231.793,9697.67
aws,eu-west-3,r8i,x86(Intel),Intel Xeon 6 6985P-C,2,16,0.16317,3.9161,27.413,119.11
aws,eu-west-3,r8i,x86(Intel),Intel Xeon 6 6985P-C,4,32,0.32634,7.8322,54.825,238.23
aws,eu-west-3,r8i,x86(Intel),Intel Xeon 6 6985P-C,8,64,0.65268,15.6643,109.65,476.46
aws,eu-west-3,r8i,x86(Intel),Intel Xeon 6 6985P-C,16,128,1.30536,31.3286,219.3,952.91
aws,eu-west-3,r8i,x86(Intel),Intel Xeon 6 6985P-C,32,256,2.61072,62.6573,438.601,1905.83
aws,eu-west-3,r8i,x86(Intel),Intel Xeon 6 6985P-C,48,384,3.91608,93.9859,657.901,2858.74
aws,eu-west-3,r8i,x86(Intel),Intel Xeon 6 6985P-C,64,512,5.22144,125.3146,877.202,3811.65
aws,eu-west-3,r8i,x86(Intel),Intel Xeon 6 6985P-C,96,768,7.83216,187.9718,1315.803,5717.48
aws,eu-west-3,r8i,x86(Intel),Intel Xeon 6 6985P-C,128,1024,10.44288,250.6291,1754.404,7623.3
aws,eu-west-3,r8i,x86(Intel),Intel Xeon 6 6985P-C,192,1536,15.66432,375.9437,2631.606,11434.95
aws,eu-west-3,r8i,x86(Intel),Intel Xeon 6 6985P-C,384,3072,31.32864,751.8874,5263.212,22869.91
aws,eu-west-3,x8i,x86(Intel),Intel Xeon 6 6975P-C,2,32,0.27572,6.6173,46.321,201.28
aws,eu-west-3,x8i,x86(Intel),Intel Xeon 6 6975P-C,4,64,0.55144,13.2346,92.642,402.55
aws,eu-west-3,x8i,x86(Intel),Intel Xeon 6 6975P-C,8,128,1.10288,26.4691,185.284,805.1
aws,eu-west-3,x8i,x86(Intel),Intel Xeon 6 6975P-C,16,256,2.20576,52.9382,370.568,1610.2
aws,eu-west-3,x8i,x86(Intel),Intel Xeon 6 6975P-C,32,512,4.41152,105.8765,741.135,3220.41
aws,eu-west-3,x8i,x86(Intel),Intel Xeon 6 6975P-C,48,768,6.61728,158.8147,1111.703,4830.61
aws,eu-west-3,x8i,x86(Intel),Intel Xeon 6 6975P-C,64,1024,8.82304,211.753,1482.271,6440.82
aws,eu-west-3,x8i,x86(Intel),Intel Xeon 6 6975P-C,96,1536,13.23456,317.6294,2223.406,9661.23
aws,eu-west-3,x8i,x86(Intel),Intel Xeon 6 6975P-C,128,2048,17.64608,423.5059,2964.541,12881.64
aws,eu-west-3,x8i,x86(Intel),Intel Xeon 6 6975P-C,192,3072,26.46912,635.2589,4446.812,19322.46
aws,eu-west-3,x8i,x86(Intel),Intel Xeon 6 6975P-C,256,4096,35.29216,847.0118,5929.083,25763.28
aws,eu-west-3,x8i,x86(Intel),Intel Xeon 6 6975P-C,384,6144,57.2119,1373.0856,9611.599,41764.69
aws,il-central-1,c6g,ARM,AWS Graviton2,1,2,0.0383,0.9192,6.434,27.96
aws,il-central-1,c6g,ARM,AWS Graviton2,2,4,0.0766,1.8384,12.869,55.92
aws,il-central-1,c6g,ARM,AWS Graviton2,4,8,0.1532,3.6768,25.738,111.84
aws,il-central-1,c6g,ARM,AWS Graviton2,8,16,0.3064,7.3536,51.475,223.67
aws,il-central-1,c6g,ARM,AWS Graviton2,16,32,0.6128,14.7072,102.95,447.34
aws,il-central-1,c6g,ARM,AWS Graviton2,32,64,1.2256,29.4144,205.901,894.69
aws,il-central-1,c6g,ARM,AWS Graviton2,48,96,1.8384,44.1216,308.851,1342.03
aws,il-central-1,c6g,ARM,AWS Graviton2,64,128,2.4512,58.8288,411.802,1789.38
aws,il-central-1,c6i,x86(Intel),Intel Xeon Platinum 8375C,2,4,0.09576,2.2982,16.088,69.9
aws,il-central-1,c6i,x86(Intel),Intel Xeon Platinum 8375C,4,8,0.19152,4.5965,32.175,139.81
aws,il-central-1,c6i,x86(Intel),Intel Xeon Platinum 8375C,8,16,0.38304,9.193,64.351,279.62
aws,il-central-1,c6i,x86(Intel),Intel Xeon Platinum 8375C,16,32,0.76608,18.3859,128.701,559.24
aws,il-central-1,c6i,x86(Intel),Intel Xeon Platinum 8375C,32,64,1.53216,36.7718,257.403,1118.48
aws,il-central-1,c6i,x86(Intel),Intel Xeon Platinum 8375C,48,96,2.29824,55.1578,386.104,1677.72
aws,il-central-1,c6i,x86(Intel),Intel Xeon Platinum 8375C,64,128,3.06432,73.5437,514.806,2236.95
aws,il-central-1,c6i,x86(Intel),Intel Xeon Platinum 8375C,96,192,4.59648,110.3155,772.209,3355.43
aws,il-central-1,c6i,x86(Intel),Intel Xeon Platinum 8375C,128,256,6.12864,147.0874,1029.612,4473.91
aws,il-central-1,c7g,ARM,AWS Graviton3,1,2,0.0407,0.9768,6.838,29.71
aws,il-central-1,c7g,ARM,AWS Graviton3,2,4,0.0814,1.9536,13.675,59.42
aws,il-central-1,c7g,ARM,AWS Graviton3,4,8,0.1628,3.9072,27.35,118.84
aws,il-central-1,c7g,ARM,AWS Graviton3,8,16,0.3256,7.8144,54.701,237.69
aws,il-central-1,c7g,ARM,AWS Graviton3,16,32,0.6512,15.6288,109.402,475.38
aws,il-central-1,c7g,ARM,AWS Graviton3,32,64,1.3024,31.2576,218.803,950.75
aws,il-central-1,c7g,ARM,AWS Graviton3,48,96,1.9536,46.8864,328.205,1426.13
aws,il-central-1,c7g,ARM,AWS Graviton3,64,128,2.6048,62.5152,437.606,1901.5
aws,il-central-1,c7i,x86(Intel),Intel Xeon Platinum 8488C,2,4,0.10055,2.4132,16.892,73.4
aws,il-central-1,c7i,x86(Intel),Intel Xeon Platinum 8488C,4,8,0.2011,4.8264,33.785,146.8
aws,il-central-1,c7i,x86(Intel),Intel Xeon Platinum 8488C,8,16,0.4022,9.6528,67.57,293.61
aws,il-central-1,c7i,x86(Intel),Intel Xeon Platinum 8488C,16,32,0.8044,19.3056,135.139,587.21
aws,il-central-1,c7i,x86(Intel),Intel Xeon Platinum 8488C,32,64,1.6088,38.6112,270.278,1174.42
aws,il-central-1,c7i,x86(Intel),Intel Xeon Platinum 8488C,48,96,2.4132,57.9168,405.418,1761.64
aws,il-central-1,c7i,x86(Intel),Intel Xeon Platinum 8488C,64,128,3.2176,77.2224,540.557,2348.85
aws,il-central-1,c7i,x86(Intel),Intel Xeon Platinum 8488C,96,192,4.8264,115.8336,810.835,3523.27
aws,il-central-1,c7i,x86(Intel),Intel Xeon Platinum 8488C,192,384,9.6528,231.6672,1621.67,7046.54
aws,il-central-1,c8g,ARM,AWS Graviton4,1,2,0.04477,1.0745,7.521,32.68
aws,il-central-1,c8g,ARM,AWS Graviton4,2,4,0.08954,2.149,15.043,65.36
aws,il-central-1,c8g,ARM,AWS Graviton4,4,8,0.17908,4.2979,30.085,130.73
aws,il-central-1,c8g,ARM,AWS Graviton4,8,16,0.35816,8.5958,60.171,261.46
aws,il-central-1,c8g,ARM,AWS Graviton4,16,32,0.71632,17.1917,120.342,522.91
aws,il-central-1,c8g,ARM,AWS Graviton4,32,64,1.43264,34.3834,240.684,1045.83
aws,il-central-1,c8g,ARM,AWS Graviton4,48,96,2.14896,51.575,361.025,1568.74
aws,il-central-1,c8g,ARM,AWS Graviton4,64,128,2.86528,68.7667,481.367,2091.65
aws,il-central-1,c8g,ARM,AWS Graviton4,96,192,4.29792,103.1501,722.051,3137.48
aws,il-central-1,c8g,ARM,AWS Graviton4,192,384,8.59584,206.3002,1444.101,6274.96
aws,il-central-1,m6g,ARM,AWS Graviton2,1,4,0.0452,1.0848,7.594,33.0
aws,il-central-1,m6g,ARM,AWS Graviton2,2,8,0.0903,2.1672,15.17,65.92
aws,il-central-1,m6g,ARM,AWS Graviton2,4,16,0.1806,4.3344,30.341,131.84
aws,il-central-1,m6g,ARM,AWS Graviton2,8,32,0.3612,8.6688,60.682,263.68
aws,il-central-1,m6g,ARM,AWS Graviton2,16,64,0.7224,17.3376,121.363,527.35
aws,il-central-1,m6g,ARM,AWS Graviton2,32,128,1.4448,34.6752,242.726,1054.7
aws,il-central-1,m6g,ARM,AWS Graviton2,48,192,2.1672,52.0128,364.09,1582.06
aws,il-central-1,m6g,ARM,AWS Graviton2,64,256,2.8896,69.3504,485.453,2109.41
aws,il-central-1,m6i,x86(Intel),Intel Xeon Platinum 8375C,2,8,0.11235,2.6964,18.875,82.02
aws,il-central-1,m6i,x86(Intel),Intel Xeon Platinum 8375C,4,16,0.2247,5.3928,37.75,164.03
aws,il-central-1,m6i,x86(Intel),Intel Xeon Platinum 8375C,8,32,0.4494,10.7856,75.499,328.06
aws,il-central-1,m6i,x86(Intel),Intel Xeon Platinum 8375C,16,64,0.8988,21.5712,150.998,656.12
aws,il-central-1,m6i,x86(Intel),Intel Xeon Platinum 8375C,32,128,1.7976,43.1424,301.997,1312.25
aws,il-central-1,m6i,x86(Intel),Intel Xeon Platinum 8375C,48,192,2.6964,64.7136,452.995,1968.37
aws,il-central-1,m6i,x86(Intel),Intel Xeon Platinum 8375C,64,256,3.5952,86.2848,603.994,2624.5
aws,il-central-1,m6i,x86(Intel),Intel Xeon Platinum 8375C,96,384,5.3928,129.4272,905.99,3936.74
aws,il-central-1,m6i,x86(Intel),Intel Xeon Platinum 8375C,128,512,7.1904,172.5696,1207.987,5248.99
aws,il-central-1,m7g,ARM,AWS Graviton3,1,4,0.0478,1.1472,8.03,34.89
aws,il-central-1,m7g,ARM,AWS Graviton3,2,8,0.0955,2.292,16.044,69.72
aws,il-central-1,m7g,ARM,AWS Graviton3,4,16,0.191,4.584,32.088,139.43
aws,il-central-1,m7g,ARM,AWS Graviton3,8,32,0.382,9.168,64.176,278.86
aws,il-central-1,m7g,ARM,AWS Graviton3,16,64,0.764,18.336,128.352,557.72
aws,il-central-1,m7g,ARM,AWS Graviton3,32,128,1.528,36.672,256.704,1115.44
aws,il-central-1,m7g,ARM,AWS Graviton3,48,192,2.292,55.008,385.056,1673.16
aws,il-central-1,m7g,ARM,AWS Graviton3,64,256,3.056,73.344,513.408,2230.88
aws,il-central-1,m7i,x86(Intel),Intel Xeon Platinum 8488C,2,8,0.11797,2.8313,19.819,86.12
aws,il-central-1,m7i,x86(Intel),Intel Xeon Platinum 8488C,4,16,0.23594,5.6626,39.638,172.24
aws,il-central-1,m7i,x86(Intel),Intel Xeon Platinum 8488C,8,32,0.47188,11.3251,79.276,344.47
aws,il-central-1,m7i,x86(Intel),Intel Xeon Platinum 8488C,16,64,0.94376,22.6502,158.552,688.94
aws,il-central-1,m7i,x86(Intel),Intel Xeon Platinum 8488C,32,128,1.88752,45.3005,317.103,1377.89
aws,il-central-1,m7i,x86(Intel),Intel Xeon Platinum 8488C,48,192,2.83128,67.9507,475.655,2066.83
aws,il-central-1,m7i,x86(Intel),Intel Xeon Platinum 8488C,64,256,3.77504,90.601,634.207,2755.78
aws,il-central-1,m7i,x86(Intel),Intel Xeon Platinum 8488C,96,384,5.66256,135.9014,951.31,4133.67
aws,il-central-1,m7i,x86(Intel),Intel Xeon Platinum 8488C,192,768,11.32512,271.8029,1902.62,8267.34
aws,il-central-1,r6g,ARM,AWS Graviton2,1,8,0.0592,1.4208,9.946,43.22
aws,il-central-1,r6g,ARM,AWS Graviton2,2,16,0.1184,2.8416,19.891,86.43
aws,il-central-1,r6g,ARM,AWS Graviton2,4,32,0.2369,5.6856,39.799,172.94
aws,il-central-1,r6g,ARM,AWS Graviton2,8,64,0.4738,11.3712,79.598,345.87
aws,il-central-1,r6g,ARM,AWS Graviton2,16,128,0.9475,22.74,159.18,691.68
aws,il-central-1,r6g,ARM,AWS Graviton2,32,256,1.895,45.48,318.36,1383.35
aws,il-central-1,r6g,ARM,AWS Graviton2,48,384,2.8426,68.2224,477.557,2075.1
aws,il-central-1,r6g,ARM,AWS Graviton2,64,512,3.7901,90.9624,636.737,2766.77
aws,il-central-1,r6i,x86(Intel),Intel Xeon Platinum 8375C,2,16,0.14805,3.5532,24.872,108.08
aws,il-central-1,r6i,x86(Intel),Intel Xeon Platinum 8375C,4,32,0.2961,7.1064,49.745,216.15
aws,il-central-1,r6i,x86(Intel),Intel Xeon Platinum 8375C,8,64,0.5922,14.2128,99.49,432.31
aws,il-central-1,r6i,x86(Intel),Intel Xeon Platinum 8375C,16,128,1.1844,28.4256,198.979,864.61
aws,il-central-1,r6i,x86(Intel),Intel Xeon Platinum 8375C,32,256,2.3688,56.8512,397.958,1729.22
aws,il-central-1,r6i,x86(Intel),Intel Xeon Platinum 8375C,48,384,3.5532,85.2768,596.938,2593.84
aws,il-central-1,r6i,x86(Intel),Intel Xeon Platinum 8375C,64,512,4.7376,113.7024,795.917,3458.45
aws,il-central-1,r6i,x86(Intel),Intel Xeon Platinum 8375C,96,768,7.1064,170.5536,1193.875,5187.67
aws,il-central-1,r6i,x86(Intel),Intel Xeon Platinum 8375C,128,1024,9.4752,227.4048,1591.834,6916.9
aws,il-central-1,r7g,ARM,AWS Graviton3,1,8,0.0629,1.5096,10.567,45.92
aws,il-central-1,r7g,ARM,AWS Graviton3,2,16,0.1258,3.0192,21.134,91.83
aws,il-central-1,r7g,ARM,AWS Graviton3,4,32,0.2517,6.0408,42.286,183.74
aws,il-central-1,r7g,ARM,AWS Graviton3,8,64,0.5034,12.0816,84.571,367.48
aws,il-central-1,r7g,ARM,AWS Graviton3,16,128,1.0067,24.1608,169.126,734.89
aws,il-central-1,r7g,ARM,AWS Graviton3,32,256,2.0134,48.3216,338.251,1469.78
aws,il-central-1,r7g,ARM,AWS Graviton3,48,384,3.0202,72.4848,507.394,2204.75
aws,il-central-1,r7g,ARM,AWS Graviton3,64,512,4.0269,96.6456,676.519,2939.64
aws,me-central-1,c6g,ARM,AWS Graviton2,1,2,0.0401,0.9624,6.737,29.27
aws,me-central-1,c6g,ARM,AWS Graviton2,2,4,0.0803,1.9272,13.49,58.62
aws,me-central-1,c6g,ARM,AWS Graviton2,4,8,0.1605,3.852,26.964,117.16
aws,me-central-1,c6g,ARM,AWS Graviton2,8,16,0.321,7.704,53.928,234.33
aws,me-central-1,c6g,ARM,AWS Graviton2,16,32,0.6421,15.4104,107.873,468.73
aws,me-central-1,c6g,ARM,AWS Graviton2,32,64,1.2842,30.8208,215.746,937.47
aws,me-central-1,c6g,ARM,AWS Graviton2,48,96,1.9262,46.2288,323.602,1406.13
aws,me-central-1,c6g,ARM,AWS Graviton2,64,128,2.5683,61.6392,431.474,1874.86
aws,me-central-1,c7i,x86(Intel),Intel Xeon Platinum 8488C,2,4,0.10725,2.574,18.018,78.29
aws,me-central-1,c7i,x86(Intel),Intel Xeon Platinum 8488C,4,8,0.2145,5.148,36.036,156.58
aws,me-central-1,c7i,x86(Intel),Intel Xeon Platinum 8488C,8,16,0.429,10.296,72.072,313.17
aws,me-central-1,c7i,x86(Intel),Intel Xeon Platinum 8488C,16,32,0.858,20.592,144.144,626.34
aws,me-central-1,c7i,x86(Intel),Intel Xeon Platinum 8488C,32,64,1.716,41.184,288.288,1252.68
aws,me-central-1,c7i,x86(Intel),Intel Xeon Platinum 8488C,48,96,2.574,61.776,432.432,1879.02
aws,me-central-1,c7i,x86(Intel),Intel Xeon Platinum 8488C,64,128,3.432,82.368,576.576,2505.36
aws,me-central-1,c7i,x86(Intel),Intel Xeon Platinum 8488C,96,192,5.148,123.552,864.864,3758.04
aws,me-central-1,c7i,x86(Intel),Intel Xeon Platinum 8488C,192,384,10.296,247.104,1729.728,7516.08
aws,me-central-1,m6g,ARM,AWS Graviton2,1,4,0.0473,1.1352,7.946,34.53
aws,me-central-1,m6g,ARM,AWS Graviton2,2,8,0.0946,2.2704,15.893,69.06
aws,me-central-1,m6g,ARM,AWS Graviton2,4,16,0.1892,4.5408,31.786,138.12
aws,me-central-1,m6g,ARM,AWS Graviton2,8,32,0.3784,9.0816,63.571,276.23
aws,me-central-1,m6g,ARM,AWS Graviton2,16,64,0.7568,18.1632,127.142,552.46
aws,me-central-1,m6g,ARM,AWS Graviton2,32,128,1.5136,36.3264,254.285,1104.93
aws,me-central-1,m6g,ARM,AWS Graviton2,48,192,2.2704,54.4896,381.427,1657.39
aws,me-central-1,m6g,ARM,AWS Graviton2,64,256,3.0272,72.6528,508.57,2209.86
aws,me-central-1,m6i,x86(Intel),Intel Xeon Platinum 8375C,2,8,0.1177,2.8248,19.774,85.92
aws,me-central-1,m6i,x86(Intel),Intel Xeon Platinum 8375C,4,16,0.2354,5.6496,39.547,171.84
aws,me-central-1,m6i,x86(Intel),Intel Xeon Platinum 8375C,8,32,0.4708,11.2992,79.094,343.68
aws,me-central-1,m6i,x86(Intel),Intel Xeon Platinum 8375C,16,64,0.9416,22.5984,158.189,687.37
aws,me-central-1,m6i,x86(Intel),Intel Xeon Platinum 8375C,32,128,1.8832,45.1968,316.378,1374.74
aws,me-central-1,m6i,x86(Intel),Intel Xeon Platinum 8375C,48,192,2.8248,67.7952,474.566,2062.1
aws,me-central-1,m6i,x86(Intel),Intel Xeon Platinum 8375C,64,256,3.7664,90.3936,632.755,2749.47
aws,me-central-1,m6i,x86(Intel),Intel Xeon Platinum 8375C,96,384,5.6496,135.5904,949.133,4124.21
aws,me-central-1,m6i,x86(Intel),Intel Xeon Platinum 8375C,128,512,7.5328,180.7872,1265.51,5498.94
aws,me-central-1,m7g,ARM,AWS Graviton3,1,4,0.05,1.2,8.4,36.5
aws,me-central-1,m7g,ARM,AWS Graviton3,2,8,0.1,2.4,16.8,73.0
aws,me-central-1,m7g,ARM,AWS Graviton3,4,16,0.2001,4.8024,33.617,146.07
aws,me-central-1,m7g,ARM,AWS Graviton3,8,32,0.4002,9.6048,67.234,292.15
aws,me-central-1,m7g,ARM,AWS Graviton3,16,64,0.8004,19.2096,134.467,584.29
aws,me-central-1,m7g,ARM,AWS Graviton3,32,128,1.6007,38.4168,268.918,1168.51
aws,me-central-1,m7g,ARM,AWS Graviton3,48,192,2.4011,57.6264,403.385,1752.8
aws,me-central-1,m7g,ARM,AWS Graviton3,64,256,3.2014,76.8336,537.835,2337.02
aws,me-central-1,m7i,x86(Intel),Intel Xeon Platinum 8488C,2,8,0.12359,2.9662,20.763,90.22
aws,me-central-1,m7i,x86(Intel),Intel Xeon Platinum 8488C,4,16,0.24718,5.9323,41.526,180.44
aws,me-central-1,m7i,x86(Intel),Intel Xeon Platinum 8488C,8,32,0.49436,11.8646,83.052,360.88
aws,me-central-1,m7i,x86(Intel),Intel Xeon Platinum 8488C,16,64,0.98872,23.7293,166.105,721.77
aws,me-central-1,m7i,x86(Intel),Intel Xeon Platinum 8488C,32,128,1.97744,47.4586,332.21,1443.53
aws,me-central-1,m7i,x86(Intel),Intel Xeon Platinum 8488C,48,192,2.96616,71.1878,498.315,2165.3
aws,me-central-1,m7i,x86(Intel),Intel Xeon Platinum 8488C,64,256,3.95488,94.9171,664.42,2887.06
aws,me-central-1,m7i,x86(Intel),Intel Xeon Platinum 8488C,96,384,5.93232,142.3757,996.63,4330.59
aws,me-central-1,m7i,x86(Intel),Intel Xeon Platinum 8488C,192,768,11.86464,284.7514,1993.26,8661.19
aws,me-central-1,m8g,ARM,AWS Graviton4,1,4,0.05502,1.3205,9.243,40.16
aws,me-central-1,m8g,ARM,AWS Graviton4,2,8,0.11004,2.641,18.487,80.33
aws,me-central-1,m8g,ARM,AWS Graviton4,4,16,0.22008,5.2819,36.973,160.66
aws,me-central-1,m8g,ARM,AWS Graviton4,8,32,0.44016,10.5638,73.947,321.32
aws,me-central-1,m8g,ARM,AWS Graviton4,16,64,0.88032,21.1277,147.894,642.63
aws,me-central-1,m8g,ARM,AWS Graviton4,32,128,1.76064,42.2554,295.788,1285.27
aws,me-central-1,m8g,ARM,AWS Graviton4,48,192,2.64096,63.383,443.681,1927.9
aws,me-central-1,m8g,ARM,AWS Graviton4,64,256,3.52128,84.5107,591.575,2570.53
aws,me-central-1,m8g,ARM,AWS Graviton4,96,384,5.28192,126.7661,887.363,3855.8
aws,me-central-1,m8g,ARM,AWS Graviton4,192,768,10.56384,253.5322,1774.725,7711.6
aws,me-central-1,r6g,ARM,AWS Graviton2,1,8,0.062,1.488,10.416,45.26
aws,me-central-1,r6g,ARM,AWS Graviton2,2,16,0.1241,2.9784,20.849,90.59
aws,me-central-1,r6g,ARM,AWS Graviton2,4,32,0.2482,5.9568,41.698,181.19
aws,me-central-1,r6g,ARM,AWS Graviton2,8,64,0.4963,11.9112,83.378,362.3
aws,me-central-1,r6g,ARM,AWS Graviton2,16,128,0.9926,23.8224,166.757,724.6
aws,me-central-1,r6g,ARM,AWS Graviton2,32,256,1.9853,47.6472,333.53,1449.27
aws,me-central-1,r6g,ARM,AWS Graviton2,48,384,2.9779,71.4696,500.287,2173.87
aws,me-central-1,r6g,ARM,AWS Graviton2,64,512,3.9706,95.2944,667.061,2898.54
aws,me-central-1,r6i,x86(Intel),Intel Xeon Platinum 8375C,2,16,0.1551,3.7224,26.057,113.22
aws,me-central-1,r6i,x86(Intel),Intel Xeon Platinum 8375C,4,32,0.3102,7.4448,52.114,226.45
aws,me-central-1,r6i,x86(Intel),Intel Xeon Platinum 8375C,8,64,0.6204,14.8896,104.227,452.89
aws,me-central-1,r6i,x86(Intel),Intel Xeon Platinum 8375C,16,128,1.2408,29.7792,208.454,905.78
aws,me-central-1,r6i,x86(Intel),Intel Xeon Platinum 8375C,32,256,2.4816,59.5584,416.909,1811.57
aws,me-central-1,r6i,x86(Intel),Intel Xeon Platinum 8375C,48,384,3.7224,89.3376,625.363,2717.35
aws,me-central-1,r6i,x86(Intel),Intel Xeon Platinum 8375C,64,512,4.9632,119.1168,833.818,3623.14
aws,me-central-1,r6i,x86(Intel),Intel Xeon Platinum 8375C,96,768,7.4448,178.6752,1250.726,5434.7
aws,me-central-1,r6i,x86(Intel),Intel Xeon Platinum 8375C,128,1024,9.9264,238.2336,1667.635,7246.27
aws,me-central-1,r7g,ARM,AWS Graviton3,1,8,0.0659,1.5816,11.071,48.11
aws,me-central-1,r7g,ARM,AWS Graviton3,2,16,0.1318,3.1632,22.142,96.21
aws,me-central-1,r7g,ARM,AWS Graviton3,4,32,0.2637,6.3288,44.302,192.5
aws,me-central-1,r7g,ARM,AWS Graviton3,8,64,0.5274,12.6576,88.603,385.0
aws,me-central-1,r7g,ARM,AWS Graviton3,16,128,1.0547,25.3128,177.19,769.93
aws,me-central-1,r7g,ARM,AWS Graviton3,32,256,2.1094,50.6256,354.379,1539.86
aws,me-central-1,r7g,ARM,AWS Graviton3,48,384,3.1642,75.9408,531.586,2309.87
aws,me-central-1,r7g,ARM,AWS Graviton3,64,512,4.2189,101.2536,708.775,3079.8
aws,me-central-1,r8g,ARM,AWS Graviton4,1,8,0.07251,1.7402,12.182,52.93
aws,me-central-1,r8g,ARM,AWS Graviton4,2,16,0.14502,3.4805,24.363,105.86
aws,me-central-1,r8g,ARM,AWS Graviton4,4,32,0.29004,6.961,48.727,211.73
aws,me-central-1,r8g,ARM,AWS Graviton4,8,64,0.58008,13.9219,97.453,423.46
aws,me-central-1,r8g,ARM,AWS Graviton4,16,128,1.16016,27.8438,194.907,846.92
aws,me-central-1,r8g,ARM,AWS Graviton4,32,256,2.32032,55.6877,389.814,1693.83
aws,me-central-1,r8g,ARM,AWS Graviton4,48,384,3.48048,83.5315,584.721,2540.75
aws,me-central-1,r8g,ARM,AWS Graviton4,64,512,4.64064,111.3754,779.628,3387.67
aws,me-central-1,r8g,ARM,AWS Graviton4,96,768,6.96096,167.063,1169.441,5081.5
aws,me-central-1,r8g,ARM,AWS Graviton4,192,1536,13.92192,334.1261,2338.883,10163.0
aws,me-central-1,r8i,x86(Intel),Intel Xeon 6 6985P-C,2,16,0.171,4.104,28.728,124.83
aws,me-central-1,r8i,x86(Intel),Intel Xeon 6 6985P-C,4,32,0.342,8.208,57.456,249.66
aws,me-central-1,r8i,x86(Intel),Intel Xeon 6 6985P-C,8,64,0.684,16.416,114.912,499.32
aws,me-central-1,r8i,x86(Intel),Intel Xeon 6 6985P-C,16,128,1.368,32.832,229.824,998.64
aws,me-central-1,r8i,x86(Intel),Intel Xeon 6 6985P-C,32,256,2.736,65.664,459.648,1997.28
aws,me-central-1,r8i,x86(Intel),Intel Xeon 6 6985P-C,48,384,4.104,98.496,689.472,2995.92
aws,me-central-1,r8i,x86(Intel),Intel Xeon 6 6985P-C,64,512,5.472,131.328,919.296,3994.56
aws,me-central-1,r8i,x86(Intel),Intel Xeon 6 6985P-C,96,768,8.208,196.992,1378.944,5991.84
aws,me-central-1,r8i,x86(Intel),Intel Xeon 6 6985P-C,128,1024,10.944,262.656,1838.592,7989.12
aws,me-central-1,r8i,x86(Intel),Intel Xeon 6 6985P-C,192,1536,16.416,393.984,2757.888,11983.68
aws,me-central-1,r8i,x86(Intel),Intel Xeon 6 6985P-C,384,3072,32.832,787.968,5515.776,23967.36
aws,me-south-1,c6g,ARM,AWS Graviton2,1,2,0.0425,1.02,7.14,31.02
aws,me-south-1,c6g,ARM,AWS Graviton2,2,4,0.085,2.04,14.28,62.05
aws,me-south-1,c6g,ARM,AWS Graviton2,4,8,0.17,4.08,28.56,124.1
aws,me-south-1,c6g,ARM,AWS Graviton2,8,16,0.34,8.16,57.12,248.2
aws,me-south-1,c6g,ARM,AWS Graviton2,16,32,0.68,16.32,114.24,496.4
aws,me-south-1,c6g,ARM,AWS Graviton2,32,64,1.36,32.64,228.48,992.8
aws,me-south-1,c6g,ARM,AWS Graviton2,48,96,2.04,48.96,342.72,1489.2
aws,me-south-1,c6g,ARM,AWS Graviton2,64,128,2.72,65.28,456.96,1985.6
aws,me-south-1,c6i,x86(Intel),Intel Xeon Platinum 8375C,2,4,0.1056,2.5344,17.741,77.09
aws,me-south-1,c6i,x86(Intel),Intel Xeon Platinum 8375C,4,8,0.2112,5.0688,35.482,154.18
aws,me-south-1,c6i,x86(Intel),Intel Xeon Platinum 8375C,8,16,0.4224,10.1376,70.963,308.35
aws,me-south-1,c6i,x86(Intel),Intel Xeon Platinum 8375C,16,32,0.8448,20.2752,141.926,616.7
aws,me-south-1,c6i,x86(Intel),Intel Xeon Platinum 8375C,32,64,1.6896,40.5504,283.853,1233.41
aws,me-south-1,c6i,x86(Intel),Intel Xeon Platinum 8375C,48,96,2.5344,60.8256,425.779,1850.11
aws,me-south-1,c6i,x86(Intel),Intel Xeon Platinum 8375C,64,128,3.3792,81.1008,567.706,2466.82
aws,me-south-1,c6i,x86(Intel),Intel Xeon Platinum 8375C,96,192,5.0688,121.6512,851.558,3700.22
aws,me-south-1,c6i,x86(Intel),Intel Xeon Platinum 8375C,128,256,6.7584,162.2016,1135.411,4933.63
aws,me-south-1,c7g,ARM,AWS Graviton3,1,2,0.0449,1.0776,7.543,32.78
aws,me-south-1,c7g,ARM,AWS Graviton3,2,4,0.0898,2.1552,15.086,65.55
aws,me-south-1,c7g,ARM,AWS Graviton3,4,8,0.1795,4.308,30.156,131.04
aws,me-south-1,c7g,ARM,AWS Graviton3,8,16,0.359,8.616,60.312,262.07
aws,me-south-1,c7g,ARM,AWS Graviton3,16,32,0.7181,17.2344,120.641,524.21
aws,me-south-1,c7g,ARM,AWS Graviton3,32,64,1.4362,34.4688,241.282,1048.43
aws,me-south-1,c7g,ARM,AWS Graviton3,48,96,2.1542,51.7008,361.906,1572.57
aws,me-south-1,c7g,ARM,AWS Graviton3,64,128,2.8723,68.9352,482.546,2096.78
aws,me-south-1,m6g,ARM,AWS Graviton2,1,4,0.047,1.128,7.896,34.31
aws,me-south-1,m6g,ARM,AWS Graviton2,2,8,0.094,2.256,15.792,68.62
aws,me-south-1,m6g,ARM,AWS Graviton2,4,16,0.188,4.512,31.584,137.24
aws,me-south-1,m6g,ARM,AWS Graviton2,8,32,0.376,9.024,63.168,274.48
aws,me-south-1,m6g,ARM,AWS Graviton2,16,64,0.752,18.048,126.336,548.96
aws,me-south-1,m6g,ARM,AWS Graviton2,32,128,1.504,36.096,252.672,1097.92
aws,me-south-1,m6g,ARM,AWS Graviton2,48,192,2.256,54.144,379.008,1646.88
aws,me-south-1,m6g,ARM,AWS Graviton2,64,256,3.008,72.192,505.344,2195.84
aws,me-south-1,m6i,x86(Intel),Intel Xeon Platinum 8375C,2,8,0.132,3.168,22.176,96.36
aws,me-south-1,m6i,x86(Intel),Intel Xeon Platinum 8375C,4,16,0.264,6.336,44.352,192.72
aws,me-south-1,m6i,x86(Intel),Intel Xeon Platinum 8375C,8,32,0.528,12.672,88.704,385.44
aws,me-south-1,m6i,x86(Intel),Intel Xeon Platinum 8375C,16,64,1.056,25.344,177.408,770.88
aws,me-south-1,m6i,x86(Intel),Intel Xeon Platinum 8375C,32,128,2.112,50.688,354.816,1541.76
aws,me-south-1,m6i,x86(Intel),Intel Xeon Platinum 8375C,48,192,3.168,76.032,532.224,2312.64
aws,me-south-1,m6i,x86(Intel),Intel Xeon Platinum 8375C,64,256,4.224,101.376,709.632,3083.52
aws,me-south-1,m6i,x86(Intel),Intel Xeon Platinum 8375C,96,384,6.336,152.064,1064.448,4625.28
aws,me-south-1,m6i,x86(Intel),Intel Xeon Platinum 8375C,128,512,8.448,202.752,1419.264,6167.04
aws,me-south-1,m7g,ARM,AWS Graviton3,1,4,0.0561,1.3464,9.425,40.95
aws,me-south-1,m7g,ARM,AWS Graviton3,2,8,0.1122,2.6928,18.85,81.91
aws,me-south-1,m7g,ARM,AWS Graviton3,4,16,0.2244,5.3856,37.699,163.81
aws,me-south-1,m7g,ARM,AWS Graviton3,8,32,0.4488,10.7712,75.398,327.62
aws,me-south-1,m7g,ARM,AWS Graviton3,16,64,0.8976,21.5424,150.797,655.25
aws,me-south-1,m7g,ARM,AWS Graviton3,32,128,1.7952,43.0848,301.594,1310.5
aws,me-south-1,m7g,ARM,AWS Graviton3,48,192,2.6928,64.6272,452.39,1965.74
aws,me-south-1,m7g,ARM,AWS Graviton3,64,256,3.5904,86.1696,603.187,2620.99
aws,me-south-1,m8g,ARM,AWS Graviton4,1,4,0.06171,1.481,10.367,45.05
aws,me-south-1,m8g,ARM,AWS Graviton4,2,8,0.12342,2.9621,20.735,90.1
aws,me-south-1,m8g,ARM,AWS Graviton4,4,16,0.24684,5.9242,41.469,180.19
aws,me-south-1,m8g,ARM,AWS Graviton4,8,32,0.49368,11.8483,82.938,360.39
aws,me-south-1,m8g,ARM,AWS Graviton4,16,64,0.98736,23.6966,165.876,720.77
aws,me-south-1,m8g,ARM,AWS Graviton4,32,128,1.97472,47.3933,331.753,1441.55
aws,me-south-1,m8g,ARM,AWS Graviton4,48,192,2.96208,71.0899,497.629,2162.32
aws,me-south-1,m8g,ARM,AWS Graviton4,64,256,3.94944,94.7866,663.506,2883.09
aws,me-south-1,m8g,ARM,AWS Graviton4,96,384,5.92416,142.1798,995.259,4324.64
aws,me-south-1,m8g,ARM,AWS Graviton4,192,768,11.84832,284.3597,1990.518,8649.27
aws,me-south-1,r6g,ARM,AWS Graviton2,1,8,0.062,1.488,10.416,45.26
aws,me-south-1,r6g,ARM,AWS Graviton2,2,16,0.1241,2.9784,20.849,90.59
aws,me-south-1,r6g,ARM,AWS Graviton2,4,32,0.2482,5.9568,41.698,181.19
aws,me-south-1,r6g,ARM,AWS Graviton2,8,64,0.4963,11.9112,83.378,362.3
aws,me-south-1,r6g,ARM,AWS Graviton2,16,128,0.9926,23.8224,166.757,724.6
aws,me-south-1,r6g,ARM,AWS Graviton2,32,256,1.9853,47.6472,333.53,1449.27
aws,me-south-1,r6g,ARM,AWS Graviton2,48,384,2.9779,71.4696,500.287,2173.87
aws,me-south-1,r6g,ARM,AWS Graviton2,64,512,3.9706,95.2944,667.061,2898.54
aws,me-south-1,r6i,x86(Intel),Intel Xeon Platinum 8375C,2,16,0.1551,3.7224,26.057,113.22
aws,me-south-1,r6i,x86(Intel),Intel Xeon Platinum 8375C,4,32,0.3102,7.4448,52.114,226.45
aws,me-south-1,r6i,x86(Intel),Intel Xeon Platinum 8375C,8,64,0.6204,14.8896,104.227,452.89
aws,me-south-1,r6i,x86(Intel),Intel Xeon Platinum 8375C,16,128,1.2408,29.7792,208.454,905.78
aws,me-south-1,r6i,x86(Intel),Intel Xeon Platinum 8375C,32,256,2.4816,59.5584,416.909,1811.57
aws,me-south-1,r6i,x86(Intel),Intel Xeon Platinum 8375C,48,384,3.7224,89.3376,625.363,2717.35
aws,me-south-1,r6i,x86(Intel),Intel Xeon Platinum 8375C,64,512,4.9632,119.1168,833.818,3623.14
aws,me-south-1,r6i,x86(Intel),Intel Xeon Platinum 8375C,96,768,7.4448,178.6752,1250.726,5434.7
aws,me-south-1,r6i,x86(Intel),Intel Xeon Platinum 8375C,128,1024,9.9264,238.2336,1667.635,7246.27
aws,me-south-1,r7g,ARM,AWS Graviton3,1,8,0.0659,1.5816,11.071,48.11
aws,me-south-1,r7g,ARM,AWS Graviton3,2,16,0.1318,3.1632,22.142,96.21
aws,me-south-1,r7g,ARM,AWS Graviton3,4,32,0.2637,6.3288,44.302,192.5
aws,me-south-1,r7g,ARM,AWS Graviton3,8,64,0.5273,12.6552,88.586,384.93
aws,me-south-1,r7g,ARM,AWS Graviton3,16,128,1.0547,25.3128,177.19,769.93
aws,me-south-1,r7g,ARM,AWS Graviton3,32,256,2.1094,50.6256,354.379,1539.86
aws,me-south-1,r7g,ARM,AWS Graviton3,48,384,3.164,75.936,531.552,2309.72
aws,me-south-1,r7g,ARM,AWS Graviton3,64,512,4.2187,101.2488,708.742,3079.65
aws,mx-central-1,c6g,ARM,AWS Graviton2,1,2,0.0357,0.8568,5.998,26.06
aws,mx-central-1,c6g,ARM,AWS Graviton2,2,4,0.0714,1.7136,11.995,52.12
aws,mx-central-1,c6g,ARM,AWS Graviton2,4,8,0.1428,3.4272,23.99,104.24
aws,mx-central-1,c6g,ARM,AWS Graviton2,8,16,0.2856,6.8544,47.981,208.49
aws,mx-central-1,c6g,ARM,AWS Graviton2,16,32,0.5712,13.7088,95.962,416.98
aws,mx-central-1,c6g,ARM,AWS Graviton2,32,64,1.1424,27.4176,191.923,833.95
aws,mx-central-1,c6g,ARM,AWS Graviton2,48,96,1.7136,41.1264,287.885,1250.93
aws,mx-central-1,c6g,ARM,AWS Graviton2,64,128,2.2848,54.8352,383.846,1667.9
aws,mx-central-1,c6i,x86(Intel),Intel Xeon Platinum 8375C,2,4,0.08925,2.142,14.994,65.15
aws,mx-central-1,c6i,x86(Intel),Intel Xeon Platinum 8375C,4,8,0.1785,4.284,29.988,130.3
aws,mx-central-1,c6i,x86(Intel),Intel Xeon Platinum 8375C,8,16,0.357,8.568,59.976,260.61
aws,mx-central-1,c6i,x86(Intel),Intel Xeon Platinum 8375C,16,32,0.714,17.136,119.952,521.22
aws,mx-central-1,c6i,x86(Intel),Intel Xeon Platinum 8375C,32,64,1.428,34.272,239.904,1042.44
aws,mx-central-1,c6i,x86(Intel),Intel Xeon Platinum 8375C,48,96,2.142,51.408,359.856,1563.66
aws,mx-central-1,c6i,x86(Intel),Intel Xeon Platinum 8375C,64,128,2.856,68.544,479.808,2084.88
aws,mx-central-1,c6i,x86(Intel),Intel Xeon Platinum 8375C,96,192,4.284,102.816,719.712,3127.32
aws,mx-central-1,c6i,x86(Intel),Intel Xeon Platinum 8375C,128,256,5.712,137.088,959.616,4169.76
aws,mx-central-1,c7g,ARM,AWS Graviton3,1,2,0.0381,0.9144,6.401,27.81
aws,mx-central-1,c7g,ARM,AWS Graviton3,2,4,0.0761,1.8264,12.785,55.55
aws,mx-central-1,c7g,ARM,AWS Graviton3,4,8,0.1522,3.6528,25.57,111.11
aws,mx-central-1,c7g,ARM,AWS Graviton3,8,16,0.3045,7.308,51.156,222.28
aws,mx-central-1,c7g,ARM,AWS Graviton3,16,32,0.609,14.616,102.312,444.57
aws,mx-central-1,c7g,ARM,AWS Graviton3,32,64,1.2179,29.2296,204.607,889.07
aws,mx-central-1,c7g,ARM,AWS Graviton3,48,96,1.8269,43.8456,306.919,1333.64
aws,mx-central-1,c7g,ARM,AWS Graviton3,64,128,2.4358,58.4592,409.214,1778.13
aws,mx-central-1,c7i,x86(Intel),Intel Xeon Platinum 8488C,2,4,0.09371,2.249,15.743,68.41
aws,mx-central-1,c7i,x86(Intel),Intel Xeon Platinum 8488C,4,8,0.18742,4.4981,31.487,136.82
aws,mx-central-1,c7i,x86(Intel),Intel Xeon Platinum 8488C,8,16,0.37484,8.9962,62.973,273.63
aws,mx-central-1,c7i,x86(Intel),Intel Xeon Platinum 8488C,16,32,0.74968,17.9923,125.946,547.27
aws,mx-central-1,c7i,x86(Intel),Intel Xeon Platinum 8488C,32,64,1.49936,35.9846,251.892,1094.53
aws,mx-central-1,c7i,x86(Intel),Intel Xeon Platinum 8488C,48,96,2.24904,53.977,377.839,1641.8
aws,mx-central-1,c7i,x86(Intel),Intel Xeon Platinum 8488C,64,128,2.99872,71.9693,503.785,2189.07
aws,mx-central-1,c7i,x86(Intel),Intel Xeon Platinum 8488C,96,192,4.49808,107.9539,755.677,3283.6
aws,mx-central-1,c7i,x86(Intel),Intel Xeon Platinum 8488C,192,384,8.99616,215.9078,1511.355,6567.2
aws,mx-central-1,m6g,ARM,AWS Graviton2,1,4,0.0404,0.9696,6.787,29.49
aws,mx-central-1,m6g,ARM,AWS Graviton2,2,8,0.0809,1.9416,13.591,59.06
aws,mx-central-1,m6g,ARM,AWS Graviton2,4,16,0.1617,3.8808,27.166,118.04
aws,mx-central-1,m6g,ARM,AWS Graviton2,8,32,0.3234,7.7616,54.331,236.08
aws,mx-central-1,m6g,ARM,AWS Graviton2,16,64,0.6469,15.5256,108.679,472.24
aws,mx-central-1,m6g,ARM,AWS Graviton2,32,128,1.2938,31.0512,217.358,944.47
aws,mx-central-1,m6g,ARM,AWS Graviton2,48,192,1.9406,46.5744,326.021,1416.64
aws,mx-central-1,m6g,ARM,AWS Graviton2,64,256,2.5875,62.1,434.7,1888.88
aws,mx-central-1,m6i,x86(Intel),Intel Xeon Platinum 8375C,2,8,0.1008,2.4192,16.934,73.58
aws,mx-central-1,m6i,x86(Intel),Intel Xeon Platinum 8375C,4,16,0.2016,4.8384,33.869,147.17
aws,mx-central-1,m6i,x86(Intel),Intel Xeon Platinum 8375C,8,32,0.4032,9.6768,67.738,294.34
aws,mx-central-1,m6i,x86(Intel),Intel Xeon Platinum 8375C,16,64,0.8064,19.3536,135.475,588.67
aws,mx-central-1,m6i,x86(Intel),Intel Xeon Platinum 8375C,32,128,1.6128,38.7072,270.95,1177.34
aws,mx-central-1,m6i,x86(Intel),Intel Xeon Platinum 8375C,48,192,2.4192,58.0608,406.426,1766.02
aws,mx-central-1,m6i,x86(Intel),Intel Xeon Platinum 8375C,64,256,3.2256,77.4144,541.901,2354.69
aws,mx-central-1,m6i,x86(Intel),Intel Xeon Platinum 8375C,96,384,4.8384,116.1216,812.851,3532.03
aws,mx-central-1,m6i,x86(Intel),Intel Xeon Platinum 8375C,128,512,6.4512,154.8288,1083.802,4709.38
aws,mx-central-1,m7g,ARM,AWS Graviton3,1,4,0.0428,1.0272,7.19,31.24
aws,mx-central-1,m7g,ARM,AWS Graviton3,2,8,0.0857,2.0568,14.398,62.56
aws,mx-central-1,m7g,ARM,AWS Graviton3,4,16,0.1714,4.1136,28.795,125.12
aws,mx-central-1,m7g,ARM,AWS Graviton3,8,32,0.3427,8.2248,57.574,250.17
aws,mx-central-1,m7g,ARM,AWS Graviton3,16,64,0.6854,16.4496,115.147,500.34
aws,mx-central-1,m7g,ARM,AWS Graviton3,32,128,1.3709,32.9016,230.311,1000.76
aws,mx-central-1,m7g,ARM,AWS Graviton3,48,192,2.0563,49.3512,345.458,1501.1
aws,mx-central-1,m7g,ARM,AWS Graviton3,64,256,2.7418,65.8032,460.622,2001.51
aws,mx-central-1,m7i,x86(Intel),Intel Xeon Platinum 8488C,2,8,0.10584,2.5402,17.781,77.26
aws,mx-central-1,m7i,x86(Intel),Intel Xeon Platinum 8488C,4,16,0.21168,5.0803,35.562,154.53
aws,mx-central-1,m7i,x86(Intel),Intel Xeon Platinum 8488C,8,32,0.42336,10.1606,71.124,309.05
aws,mx-central-1,m7i,x86(Intel),Intel Xeon Platinum 8488C,16,64,0.84672,20.3213,142.249,618.11
aws,mx-central-1,m7i,x86(Intel),Intel Xeon Platinum 8488C,32,128,1.69344,40.6426,284.498,1236.21
aws,mx-central-1,m7i,x86(Intel),Intel Xeon Platinum 8488C,48,192,2.54016,60.9638,426.747,1854.32
aws,mx-central-1,m7i,x86(Intel),Intel Xeon Platinum 8488C,64,256,3.38688,81.2851,568.996,2472.42
aws,mx-central-1,m7i,x86(Intel),Intel Xeon Platinum 8488C,96,384,5.08032,121.9277,853.494,3708.63
aws,mx-central-1,m7i,x86(Intel),Intel Xeon Platinum 8488C,192,768,10.16064,243.8554,1706.988,7417.27
aws,mx-central-1,r6g,ARM,AWS Graviton2,1,8,0.0529,1.2696,8.887,38.62
aws,mx-central-1,r6g,ARM,AWS Graviton2,2,16,0.1058,2.5392,17.774,77.23
aws,mx-central-1,r6g,ARM,AWS Graviton2,4,32,0.2117,5.0808,35.566,154.54
aws,mx-central-1,r6g,ARM,AWS Graviton2,8,64,0.4234,10.1616,71.131,309.08
aws,mx-central-1,r6g,ARM,AWS Graviton2,16,128,0.8467,20.3208,142.246,618.09
aws,mx-central-1,r6g,ARM,AWS Graviton2,32,256,1.6934,40.6416,284.491,1236.18
aws,mx-central-1,r6g,ARM,AWS Graviton2,48,384,2.5402,60.9648,426.754,1854.35
aws,mx-central-1,r6g,ARM,AWS Graviton2,64,512,3.3869,81.2856,568.999,2472.44
aws,mx-central-1,r6i,x86(Intel),Intel Xeon Platinum 8375C,2,16,0.1323,3.1752,22.226,96.58
aws,mx-central-1,r6i,x86(Intel),Intel Xeon Platinum 8375C,4,32,0.2646,6.3504,44.453,193.16
aws,mx-central-1,r6i,x86(Intel),Intel Xeon Platinum 8375C,8,64,0.5292,12.7008,88.906,386.32
aws,mx-central-1,r6i,x86(Intel),Intel Xeon Platinum 8375C,16,128,1.0584,25.4016,177.811,772.63
aws,mx-central-1,r6i,x86(Intel),Intel Xeon Platinum 8375C,32,256,2.1168,50.8032,355.622,1545.26
aws,mx-central-1,r6i,x86(Intel),Intel Xeon Platinum 8375C,48,384,3.1752,76.2048,533.434,2317.9
aws,mx-central-1,r6i,x86(Intel),Intel Xeon Platinum 8375C,64,512,4.2336,101.6064,711.245,3090.53
aws,mx-central-1,r6i,x86(Intel),Intel Xeon Platinum 8375C,96,768,6.3504,152.4096,1066.867,4635.79
aws,mx-central-1,r6i,x86(Intel),Intel Xeon Platinum 8375C,128,1024,8.4672,203.2128,1422.49,6181.06
aws,mx-central-1,r7g,ARM,AWS Graviton3,1,8,0.0562,1.3488,9.442,41.03
aws,mx-central-1,r7g,ARM,AWS Graviton3,2,16,0.1125,2.7,18.9,82.12
aws,mx-central-1,r7g,ARM,AWS Graviton3,4,32,0.2249,5.3976,37.783,164.18
aws,mx-central-1,r7g,ARM,AWS Graviton3,8,64,0.4498,10.7952,75.566,328.35
aws,mx-central-1,r7g,ARM,AWS Graviton3,16,128,0.8997,21.5928,151.15,656.78
aws,mx-central-1,r7g,ARM,AWS Graviton3,32,256,1.7994,43.1856,302.299,1313.56
aws,mx-central-1,r7g,ARM,AWS Graviton3,48,384,2.699,64.776,453.432,1970.27
aws,mx-central-1,r7g,ARM,AWS Graviton3,64,512,3.5987,86.3688,604.582,2627.05
aws,mx-central-1,r7i,x86(Intel),Intel Xeon Platinum 8488C,2,16,0.13892,3.3341,23.339,101.41
aws,mx-central-1,r7i,x86(Intel),Intel Xeon Platinum 8488C,4,32,0.27784,6.6682,46.677,202.82
aws,mx-central-1,r7i,x86(Intel),Intel Xeon Platinum 8488C,8,64,0.55568,13.3363,93.354,405.65
aws,mx-central-1,r7i,x86(Intel),Intel Xeon Platinum 8488C,16,128,1.11136,26.6726,186.708,811.29
aws,mx-central-1,r7i,x86(Intel),Intel Xeon Platinum 8488C,32,256,2.22272,53.3453,373.417,1622.59
aws,mx-central-1,r7i,x86(Intel),Intel Xeon Platinum 8488C,48,384,3.33408,80.0179,560.125,2433.88
aws,mx-central-1,r7i,x86(Intel),Intel Xeon Platinum 8488C,64,512,4.44544,106.6906,746.834,3245.17
aws,mx-central-1,r7i,x86(Intel),Intel Xeon Platinum 8488C,96,768,6.66816,160.0358,1120.251,4867.76
aws,mx-central-1,r7i,x86(Intel),Intel Xeon Platinum 8488C,192,1536,13.33632,320.0717,2240.502,9735.51
aws,mx-central-1,r8g,ARM,AWS Graviton4,1,8,0.06185,1.4844,10.391,45.15
aws,mx-central-1,r8g,ARM,AWS Graviton4,2,16,0.1237,2.9688,20.782,90.3
aws,mx-central-1,r8g,ARM,AWS Graviton4,4,32,0.2474,5.9376,41.563,180.6
aws,mx-central-1,r8g,ARM,AWS Graviton4,8,64,0.4948,11.8752,83.126,361.2
aws,mx-central-1,r8g,ARM,AWS Graviton4,16,128,0.9896,23.7504,166.253,722.41
aws,mx-central-1,r8g,ARM,AWS Graviton4,32,256,1.9792,47.5008,332.506,1444.82
aws,mx-central-1,r8g,ARM,AWS Graviton4,48,384,2.9688,71.2512,498.758,2167.22
aws,mx-central-1,r8g,ARM,AWS Graviton4,64,512,3.9584,95.0016,665.011,2889.63
aws,mx-central-1,r8g,ARM,AWS Graviton4,96,768,5.9376,142.5024,997.517,4334.45
aws,mx-central-1,r8g,ARM,AWS Graviton4,192,1536,11.8752,285.0048,1995.034,8668.9
aws,sa-east-1,c6a,x86(AMD),AMD EPYC 7R13,2,4,0.1179,2.8296,19.807,86.07
aws,sa-east-1,c6a,x86(AMD),AMD EPYC 7R13,4,8,0.2358,5.6592,39.614,172.13
aws,sa-east-1,c6a,x86(AMD),AMD EPYC 7R13,8,16,0.4716,11.3184,79.229,344.27
aws,sa-east-1,c6a,x86(AMD),AMD EPYC 7R13,16,32,0.9432,22.6368,158.458,688.54
aws,sa-east-1,c6a,x86(AMD),AMD EPYC 7R13,32,64,1.8864,45.2736,316.915,1377.07
aws,sa-east-1,c6a,x86(AMD),AMD EPYC 7R13,48,96,2.8296,67.9104,475.373,2065.61
aws,sa-east-1,c6a,x86(AMD),AMD EPYC 7R13,64,128,3.7728,90.5472,633.83,2754.14
aws,sa-east-1,c6a,x86(AMD),AMD EPYC 7R13,96,192,5.6592,135.8208,950.746,4131.22
aws,sa-east-1,c6a,x86(AMD),AMD EPYC 7R13,128,256,7.5456,181.0944,1267.661,5508.29
aws,sa-east-1,c6a,x86(AMD),AMD EPYC 7R13,192,384,11.3184,271.6416,1901.491,8262.43
aws,sa-east-1,c6g,ARM,AWS Graviton2,1,2,0.0524,1.2576,8.803,38.25
aws,sa-east-1,c6g,ARM,AWS Graviton2,2,4,0.1048,2.5152,17.606,76.5
aws,sa-east-1,c6g,ARM,AWS Graviton2,4,8,0.2096,5.0304,35.213,153.01
aws,sa-east-1,c6g,ARM,AWS Graviton2,8,16,0.4192,10.0608,70.426,306.02
aws,sa-east-1,c6g,ARM,AWS Graviton2,16,32,0.8384,20.1216,140.851,612.03
aws,sa-east-1,c6g,ARM,AWS Graviton2,32,64,1.6768,40.2432,281.702,1224.06
aws,sa-east-1,c6g,ARM,AWS Graviton2,48,96,2.5152,60.3648,422.554,1836.1
aws,sa-east-1,c6g,ARM,AWS Graviton2,64,128,3.3536,80.4864,563.405,2448.13
aws,sa-east-1,c6i,x86(Intel),Intel Xeon Platinum 8375C,2,4,0.131,3.144,22.008,95.63
aws,sa-east-1,c6i,x86(Intel),Intel Xeon Platinum 8375C,4,8,0.262,6.288,44.016,191.26
aws,sa-east-1,c6i,x86(Intel),Intel Xeon Platinum 8375C,8,16,0.524,12.576,88.032,382.52
aws,sa-east-1,c6i,x86(Intel),Intel Xeon Platinum 8375C,16,32,1.048,25.152,176.064,765.04
aws,sa-east-1,c6i,x86(Intel),Intel Xeon Platinum 8375C,32,64,2.096,50.304,352.128,1530.08
aws,sa-east-1,c6i,x86(Intel),Intel Xeon Platinum 8375C,48,96,3.144,75.456,528.192,2295.12
aws,sa-east-1,c6i,x86(Intel),Intel Xeon Platinum 8375C,64,128,4.192,100.608,704.256,3060.16
aws,sa-east-1,c6i,x86(Intel),Intel Xeon Platinum 8375C,96,192,6.288,150.912,1056.384,4590.24
aws,sa-east-1,c6i,x86(Intel),Intel Xeon Platinum 8375C,128,256,8.384,201.216,1408.512,6120.32
aws,sa-east-1,c7g,ARM,AWS Graviton3,1,2,0.0555,1.332,9.324,40.52
aws,sa-east-1,c7g,ARM,AWS Graviton3,2,4,0.1111,2.6664,18.665,81.1
aws,sa-east-1,c7g,ARM,AWS Graviton3,4,8,0.2222,5.3328,37.33,162.21
aws,sa-east-1,c7g,ARM,AWS Graviton3,8,16,0.4443,10.6632,74.642,324.34
aws,sa-east-1,c7g,ARM,AWS Graviton3,16,32,0.8886,21.3264,149.285,648.68
aws,sa-east-1,c7g,ARM,AWS Graviton3,32,64,1.7773,42.6552,298.586,1297.43
aws,sa-east-1,c7g,ARM,AWS Graviton3,48,96,2.6659,63.9816,447.871,1946.11
aws,sa-east-1,c7g,ARM,AWS Graviton3,64,128,3.5546,85.3104,597.173,2594.86
aws,sa-east-1,c7i,x86(Intel),Intel Xeon Platinum 8488C,2,4,0.13755,3.3012,23.108,100.41
aws,sa-east-1,c7i,x86(Intel),Intel Xeon Platinum 8488C,4,8,0.2751,6.6024,46.217,200.82
aws,sa-east-1,c7i,x86(Intel),Intel Xeon Platinum 8488C,8,16,0.5502,13.2048,92.434,401.65
aws,sa-east-1,c7i,x86(Intel),Intel Xeon Platinum 8488C,16,32,1.1004,26.4096,184.867,803.29
aws,sa-east-1,c7i,x86(Intel),Intel Xeon Platinum 8488C,32,64,2.2008,52.8192,369.734,1606.58
aws,sa-east-1,c7i,x86(Intel),Intel Xeon Platinum 8488C,48,96,3.3012,79.2288,554.602,2409.88
aws,sa-east-1,c7i,x86(Intel),Intel Xeon Platinum 8488C,64,128,4.4016,105.6384,739.469,3213.17
aws,sa-east-1,c7i,x86(Intel),Intel Xeon Platinum 8488C,96,192,6.6024,158.4576,1109.203,4819.75
aws,sa-east-1,c7i,x86(Intel),Intel Xeon Platinum 8488C,192,384,13.2048,316.9152,2218.406,9639.5
aws,sa-east-1,c8g,ARM,AWS Graviton4,1,2,0.06109,1.4662,10.263,44.6
aws,sa-east-1,c8g,ARM,AWS Graviton4,2,4,0.12218,2.9323,20.526,89.19
aws,sa-east-1,c8g,ARM,AWS Graviton4,4,8,0.24436,5.8646,41.052,178.38
aws,sa-east-1,c8g,ARM,AWS Graviton4,8,16,0.48872,11.7293,82.105,356.77
aws,sa-east-1,c8g,ARM,AWS Graviton4,16,32,0.97744,23.4586,164.21,713.53
aws,sa-east-1,c8g,ARM,AWS Graviton4,32,64,1.95488,46.9171,328.42,1427.06
aws,sa-east-1,c8g,ARM,AWS Graviton4,48,96,2.93232,70.3757,492.63,2140.59
aws,sa-east-1,c8g,ARM,AWS Graviton4,64,128,3.90976,93.8342,656.84,2854.12
aws,sa-east-1,c8g,ARM,AWS Graviton4,96,192,5.86464,140.7514,985.26,4281.19
aws,sa-east-1,c8g,ARM,AWS Graviton4,192,384,11.72928,281.5027,1970.519,8562.37
aws,sa-east-1,c8i,x86(Intel),Intel Xeon 6 6975P-C,2,4,0.14443,3.4663,24.264,105.43
aws,sa-east-1,c8i,x86(Intel),Intel Xeon 6 6975P-C,4,8,0.28886,6.9326,48.528,210.87
aws,sa-east-1,c8i,x86(Intel),Intel Xeon 6 6975P-C,8,16,0.57772,13.8653,97.057,421.74
aws,sa-east-1,c8i,x86(Intel),Intel Xeon 6 6975P-C,16,32,1.15544,27.7306,194.114,843.47
aws,sa-east-1,c8i,x86(Intel),Intel Xeon 6 6975P-C,32,64,2.31088,55.4611,388.228,1686.94
aws,sa-east-1,c8i,x86(Intel),Intel Xeon 6 6975P-C,48,96,3.46632,83.1917,582.342,2530.41
aws,sa-east-1,c8i,x86(Intel),Intel Xeon 6 6975P-C,64,128,4.62176,110.9222,776.456,3373.88
aws,sa-east-1,c8i,x86(Intel),Intel Xeon 6 6975P-C,96,192,6.93264,166.3834,1164.684,5060.83
aws,sa-east-1,c8i,x86(Intel),Intel Xeon 6 6975P-C,128,256,9.24352,221.8445,1552.911,6747.77
aws,sa-east-1,c8i,x86(Intel),Intel Xeon 6 6975P-C,192,384,13.86528,332.7667,2329.367,10121.65
aws,sa-east-1,c8i,x86(Intel),Intel Xeon 6 6975P-C,384,768,27.73056,665.5334,4658.734,20243.31
aws,sa-east-1,m6a,x86(AMD),AMD EPYC 7R13,2,8,0.1377,3.3048,23.134,100.52
aws,sa-east-1,m6a,x86(AMD),AMD EPYC 7R13,4,16,0.2754,6.6096,46.267,201.04
aws,sa-east-1,m6a,x86(AMD),AMD EPYC 7R13,8,32,0.5508,13.2192,92.534,402.08
aws,sa-east-1,m6a,x86(AMD),AMD EPYC 7R13,16,64,1.1016,26.4384,185.069,804.17
aws,sa-east-1,m6a,x86(AMD),AMD EPYC 7R13,32,128,2.2032,52.8768,370.138,1608.34
aws,sa-east-1,m6a,x86(AMD),AMD EPYC 7R13,48,192,3.3048,79.3152,555.206,2412.5
aws,sa-east-1,m6a,x86(AMD),AMD EPYC 7R13,64,256,4.4064,105.7536,740.275,3216.67
aws,sa-east-1,m6a,x86(AMD),AMD EPYC 7R13,96,384,6.6096,158.6304,1110.413,4825.01
aws,sa-east-1,m6a,x86(AMD),AMD EPYC 7R13,128,512,8.8128,211.5072,1480.55,6433.34
aws,sa-east-1,m6a,x86(AMD),AMD EPYC 7R13,192,768,13.2192,317.2608,2220.826,9650.02
aws,sa-east-1,m6g,ARM,AWS Graviton2,1,4,0.0612,1.4688,10.282,44.68
aws,sa-east-1,m6g,ARM,AWS Graviton2,2,8,0.1224,2.9376,20.563,89.35
aws,sa-east-1,m6g,ARM,AWS Graviton2,4,16,0.2448,5.8752,41.126,178.7
aws,sa-east-1,m6g,ARM,AWS Graviton2,8,32,0.4896,11.7504,82.253,357.41
aws,sa-east-1,m6g,ARM,AWS Graviton2,16,64,0.9792,23.5008,164.506,714.82
aws,sa-east-1,m6g,ARM,AWS Graviton2,32,128,1.9584,47.0016,329.011,1429.63
aws,sa-east-1,m6g,ARM,AWS Graviton2,48,192,2.9376,70.5024,493.517,2144.45
aws,sa-east-1,m6g,ARM,AWS Graviton2,64,256,3.9168,94.0032,658.022,2859.26
aws,sa-east-1,m6i,x86(Intel),Intel Xeon Platinum 8375C,2,8,0.153,3.672,25.704,111.69
aws,sa-east-1,m6i,x86(Intel),Intel Xeon Platinum 8375C,4,16,0.306,7.344,51.408,223.38
aws,sa-east-1,m6i,x86(Intel),Intel Xeon Platinum 8375C,8,32,0.612,14.688,102.816,446.76
aws,sa-east-1,m6i,x86(Intel),Intel Xeon Platinum 8375C,16,64,1.224,29.376,205.632,893.52
aws,sa-east-1,m6i,x86(Intel),Intel Xeon Platinum 8375C,32,128,2.448,58.752,411.264,1787.04
aws,sa-east-1,m6i,x86(Intel),Intel Xeon Platinum 8375C,48,192,3.672,88.128,616.896,2680.56
aws,sa-east-1,m6i,x86(Intel),Intel Xeon Platinum 8375C,64,256,4.896,117.504,822.528,3574.08
aws,sa-east-1,m6i,x86(Intel),Intel Xeon Platinum 8375C,96,384,7.344,176.256,1233.792,5361.12
aws,sa-east-1,m6i,x86(Intel),Intel Xeon Platinum 8375C,128,512,9.792,235.008,1645.056,7148.16
aws,sa-east-1,m7g,ARM,AWS Graviton3,1,4,0.065,1.56,10.92,47.45
aws,sa-east-1,m7g,ARM,AWS Graviton3,2,8,0.1301,3.1224,21.857,94.97
aws,sa-east-1,m7g,ARM,AWS Graviton3,4,16,0.2601,6.2424,43.697,189.87
aws,sa-east-1,m7g,ARM,AWS Graviton3,8,32,0.5202,12.4848,87.394,379.75
aws,sa-east-1,m7g,ARM,AWS Graviton3,16,64,1.0404,24.9696,174.787,759.49
aws,sa-east-1,m7g,ARM,AWS Graviton3,32,128,2.0808,49.9392,349.574,1518.98
aws,sa-east-1,m7g,ARM,AWS Graviton3,48,192,3.1212,74.9088,524.362,2278.48
aws,sa-east-1,m7g,ARM,AWS Graviton3,64,256,4.1616,99.8784,699.149,3037.97
aws,sa-east-1,m7i,x86(Intel),Intel Xeon Platinum 8488C,2,8,0.16065,3.8556,26.989,117.27
aws,sa-east-1,m7i,x86(Intel),Intel Xeon Platinum 8488C,4,16,0.3213,7.7112,53.978,234.55
aws,sa-east-1,m7i,x86(Intel),Intel Xeon Platinum 8488C,8,32,0.6426,15.4224,107.957,469.1
aws,sa-east-1,m7i,x86(Intel),Intel Xeon Platinum 8488C,16,64,1.2852,30.8448,215.914,938.2
aws,sa-east-1,m7i,x86(Intel),Intel Xeon Platinum 8488C,32,128,2.5704,61.6896,431.827,1876.39
aws,sa-east-1,m7i,x86(Intel),Intel Xeon Platinum 8488C,48,192,3.8556,92.5344,647.741,2814.59
aws,sa-east-1,m7i,x86(Intel),Intel Xeon Platinum 8488C,64,256,5.1408,123.3792,863.654,3752.78
aws,sa-east-1,m7i,x86(Intel),Intel Xeon Platinum 8488C,96,384,7.7112,185.0688,1295.482,5629.18
aws,sa-east-1,m7i,x86(Intel),Intel Xeon Platinum 8488C,192,768,15.4224,370.1376,2590.963,11258.35
aws,sa-east-1,m8g,ARM,AWS Graviton4,1,4,0.07153,1.7167,12.017,52.22
aws,sa-east-1,m8g,ARM,AWS Graviton4,2,8,0.14306,3.4334,24.034,104.43
aws,sa-east-1,m8g,ARM,AWS Graviton4,4,16,0.28612,6.8669,48.068,208.87
aws,sa-east-1,m8g,ARM,AWS Graviton4,8,32,0.57224,13.7338,96.136,417.74
aws,sa-east-1,m8g,ARM,AWS Graviton4,16,64,1.14448,27.4675,192.273,835.47
aws,sa-east-1,m8g,ARM,AWS Graviton4,32,128,2.28896,54.935,384.545,1670.94
aws,sa-east-1,m8g,ARM,AWS Graviton4,48,192,3.43344,82.4026,576.818,2506.41
aws,sa-east-1,m8g,ARM,AWS Graviton4,64,256,4.57792,109.8701,769.091,3341.88
aws,sa-east-1,m8g,ARM,AWS Graviton4,96,384,6.86688,164.8051,1153.636,5012.82
aws,sa-east-1,m8g,ARM,AWS Graviton4,192,768,13.73376,329.6102,2307.272,10025.64
aws,sa-east-1,m8i,x86(Intel),Intel Xeon 6 6975P-C,2,8,0.16868,4.0483,28.338,123.14
aws,sa-east-1,m8i,x86(Intel),Intel Xeon 6 6975P-C,4,16,0.33736,8.0966,56.676,246.27
aws,sa-east-1,m8i,x86(Intel),Intel Xeon 6 6975P-C,8,32,0.67472,16.1933,113.353,492.55
aws,sa-east-1,m8i,x86(Intel),Intel Xeon 6 6975P-C,16,64,1.34944,32.3866,226.706,985.09
aws,sa-east-1,m8i,x86(Intel),Intel Xeon 6 6975P-C,32,128,2.69888,64.7731,453.412,1970.18
aws,sa-east-1,m8i,x86(Intel),Intel Xeon 6 6975P-C,48,192,4.04832,97.1597,680.118,2955.27
aws,sa-east-1,m8i,x86(Intel),Intel Xeon 6 6975P-C,64,256,5.39776,129.5462,906.824,3940.36
aws,sa-east-1,m8i,x86(Intel),Intel Xeon 6 6975P-C,96,384,8.09664,194.3194,1360.236,5910.55
aws,sa-east-1,m8i,x86(Intel),Intel Xeon 6 6975P-C,128,512,10.79552,259.0925,1813.647,7880.73
aws,sa-east-1,m8i,x86(Intel),Intel Xeon 6 6975P-C,192,768,16.19328,388.6387,2720.471,11821.09
aws,sa-east-1,m8i,x86(Intel),Intel Xeon 6 6975P-C,384,1536,32.38656,777.2774,5440.942,23642.19
aws,sa-east-1,r6g,ARM,AWS Graviton2,1,8,0.0804,1.9296,13.507,58.69
aws,sa-east-1,r6g,ARM,AWS Graviton2,2,16,0.1608,3.8592,27.014,117.38
aws,sa-east-1,r6g,ARM,AWS Graviton2,4,32,0.3216,7.7184,54.029,234.77
aws,sa-east-1,r6g,ARM,AWS Graviton2,8,64,0.6432,15.4368,108.058,469.54
aws,sa-east-1,r6g,ARM,AWS Graviton2,16,128,1.2864,30.8736,216.115,939.07
aws,sa-east-1,r6g,ARM,AWS Graviton2,32,256,2.5728,61.7472,432.23,1878.14
aws,sa-east-1,r6g,ARM,AWS Graviton2,48,384,3.8592,92.6208,648.346,2817.22
aws,sa-east-1,r6g,ARM,AWS Graviton2,64,512,5.1456,123.4944,864.461,3756.29
aws,sa-east-1,r6i,x86(Intel),Intel Xeon Platinum 8375C,2,16,0.201,4.824,33.768,146.73
aws,sa-east-1,r6i,x86(Intel),Intel Xeon Platinum 8375C,4,32,0.402,9.648,67.536,293.46
aws,sa-east-1,r6i,x86(Intel),Intel Xeon Platinum 8375C,8,64,0.804,19.296,135.072,586.92
aws,sa-east-1,r6i,x86(Intel),Intel Xeon Platinum 8375C,16,128,1.608,38.592,270.144,1173.84
aws,sa-east-1,r6i,x86(Intel),Intel Xeon Platinum 8375C,32,256,3.216,77.184,540.288,2347.68
aws,sa-east-1,r6i,x86(Intel),Intel Xeon Platinum 8375C,48,384,4.824,115.776,810.432,3521.52
aws,sa-east-1,r6i,x86(Intel),Intel Xeon Platinum 8375C,64,512,6.432,154.368,1080.576,4695.36
aws,sa-east-1,r6i,x86(Intel),Intel Xeon Platinum 8375C,96,768,9.648,231.552,1620.864,7043.04
aws,sa-east-1,r6i,x86(Intel),Intel Xeon Platinum 8375C,128,1024,12.864,308.736,2161.152,9390.72
aws,sa-east-1,r7g,ARM,AWS Graviton3,1,8,0.0852,2.0448,14.314,62.2
aws,sa-east-1,r7g,ARM,AWS Graviton3,2,16,0.1704,4.0896,28.627,124.39
aws,sa-east-1,r7g,ARM,AWS Graviton3,4,32,0.3409,8.1816,57.271,248.86
aws,sa-east-1,r7g,ARM,AWS Graviton3,8,64,0.6818,16.3632,114.542,497.71
aws,sa-east-1,r7g,ARM,AWS Graviton3,16,128,1.3635,32.724,229.068,995.35
aws,sa-east-1,r7g,ARM,AWS Graviton3,32,256,2.727,65.448,458.136,1990.71
aws,sa-east-1,r7g,ARM,AWS Graviton3,48,384,4.0906,98.1744,687.221,2986.14
aws,sa-east-1,r7g,ARM,AWS Graviton3,64,512,5.4541,130.8984,916.289,3981.49
aws,sa-east-1,r7i,x86(Intel),Intel Xeon Platinum 8488C,2,16,0.21105,5.0652,35.456,154.07
aws,sa-east-1,r7i,x86(Intel),Intel Xeon Platinum 8488C,4,32,0.4221,10.1304,70.913,308.13
aws,sa-east-1,r7i,x86(Intel),Intel Xeon Platinum 8488C,8,64,0.8442,20.2608,141.826,616.27
aws,sa-east-1,r7i,x86(Intel),Intel Xeon Platinum 8488C,16,128,1.6884,40.5216,283.651,1232.53
aws,sa-east-1,r7i,x86(Intel),Intel Xeon Platinum 8488C,32,256,3.3768,81.0432,567.302,2465.06
aws,sa-east-1,r7i,x86(Intel),Intel Xeon Platinum 8488C,48,384,5.0652,121.5648,850.954,3697.6
aws,sa-east-1,r7i,x86(Intel),Intel Xeon Platinum 8488C,64,512,6.7536,162.0864,1134.605,4930.13
aws,sa-east-1,r7i,x86(Intel),Intel Xeon Platinum 8488C,96,768,10.1304,243.1296,1701.907,7395.19
aws,sa-east-1,r7i,x86(Intel),Intel Xeon Platinum 8488C,192,1536,20.2608,486.2592,3403.814,14790.38
aws,sa-east-1,r8g,ARM,AWS Graviton4,1,8,0.09374,2.2498,15.748,68.43
aws,sa-east-1,r8g,ARM,AWS Graviton4,2,16,0.18748,4.4995,31.497,136.86
aws,sa-east-1,r8g,ARM,AWS Graviton4,4,32,0.37496,8.999,62.993,273.72
aws,sa-east-1,r8g,ARM,AWS Graviton4,8,64,0.74992,17.9981,125.987,547.44
aws,sa-east-1,r8g,ARM,AWS Graviton4,16,128,1.49984,35.9962,251.973,1094.88
aws,sa-east-1,r8g,ARM,AWS Graviton4,32,256,2.99968,71.9923,503.946,2189.77
aws,sa-east-1,r8g,ARM,AWS Graviton4,48,384,4.49952,107.9885,755.919,3284.65
aws,sa-east-1,r8g,ARM,AWS Graviton4,64,512,5.99936,143.9846,1007.892,4379.53
aws,sa-east-1,r8g,ARM,AWS Graviton4,96,768,8.99904,215.977,1511.839,6569.3
aws,sa-east-1,r8g,ARM,AWS Graviton4,192,1536,17.99808,431.9539,3023.677,13138.6
aws,sa-east-1,r8i,x86(Intel),Intel Xeon 6 6985P-C,2,16,0.2216,5.3184,37.229,161.77
aws,sa-east-1,r8i,x86(Intel),Intel Xeon 6 6985P-C,4,32,0.4432,10.6368,74.458,323.54
aws,sa-east-1,r8i,x86(Intel),Intel Xeon 6 6985P-C,8,64,0.8864,21.2736,148.915,647.07
aws,sa-east-1,r8i,x86(Intel),Intel Xeon 6 6985P-C,16,128,1.7728,42.5472,297.83,1294.14
aws,sa-east-1,r8i,x86(Intel),Intel Xeon 6 6985P-C,32,256,3.5456,85.0944,595.661,2588.29
aws,sa-east-1,r8i,x86(Intel),Intel Xeon 6 6985P-C,48,384,5.3184,127.6416,893.491,3882.43
aws,sa-east-1,r8i,x86(Intel),Intel Xeon 6 6985P-C,64,512,7.0912,170.1888,1191.322,5176.58
aws,sa-east-1,r8i,x86(Intel),Intel Xeon 6 6985P-C,96,768,10.6368,255.2832,1786.982,7764.86
aws,sa-east-1,r8i,x86(Intel),Intel Xeon 6 6985P-C,128,1024,14.1824,340.3776,2382.643,10353.15
aws,sa-east-1,r8i,x86(Intel),Intel Xeon 6 6985P-C,192,1536,21.2736,510.5664,3573.965,15529.73
aws,sa-east-1,r8i,x86(Intel),Intel Xeon 6 6985P-C,384,3072,42.5472,1021.1328,7147.93,31059.46
aws,us-east-1,c6a,x86(AMD),AMD EPYC 7R13,2,4,0.0765,1.836,12.852,55.84
aws,us-east-1,c6a,x86(AMD),AMD EPYC 7R13,4,8,0.153,3.672,25.704,111.69
aws,us-east-1,c6a,x86(AMD),AMD EPYC 7R13,8,16,0.306,7.344,51.408,223.38
aws,us-east-1,c6a,x86(AMD),AMD EPYC 7R13,16,32,0.612,14.688,102.816,446.76
aws,us-east-1,c6a,x86(AMD),AMD EPYC 7R13,32,64,1.224,29.376,205.632,893.52
aws,us-east-1,c6a,x86(AMD),AMD EPYC 7R13,48,96,1.836,44.064,308.448,1340.28
aws,us-east-1,c6a,x86(AMD),AMD EPYC 7R13,64,128,2.448,58.752,411.264,1787.04
aws,us-east-1,c6a,x86(AMD),AMD EPYC 7R13,96,192,3.672,88.128,616.896,2680.56
aws,us-east-1,c6a,x86(AMD),AMD EPYC 7R13,128,256,4.896,117.504,822.528,3574.08
aws,us-east-1,c6a,x86(AMD),AMD EPYC 7R13,192,384,7.344,176.256,1233.792,5361.12
aws,us-east-1,c6g,ARM,AWS Graviton2,1,2,0.034,0.816,5.712,24.82
aws,us-east-1,c6g,ARM,AWS Graviton2,2,4,0.068,1.632,11.424,49.64
aws,us-east-1,c6g,ARM,AWS Graviton2,4,8,0.136,3.264,22.848,99.28
aws,us-east-1,c6g,ARM,AWS Graviton2,8,16,0.272,6.528,45.696,198.56
aws,us-east-1,c6g,ARM,AWS Graviton2,16,32,0.544,13.056,91.392,397.12
aws,us-east-1,c6g,ARM,AWS Graviton2,32,64,1.088,26.112,182.784,794.24
aws,us-east-1,c6g,ARM,AWS Graviton2,48,96,1.632,39.168,274.176,1191.36
aws,us-east-1,c6g,ARM,AWS Graviton2,64,128,2.176,52.224,365.568,1588.48
aws,us-east-1,c6i,x86(Intel),Intel Xeon Platinum 8375C,2,4,0.085,2.04,14.28,62.05
aws,us-east-1,c6i,x86(Intel),Intel Xeon Platinum 8375C,4,8,0.17,4.08,28.56,124.1
aws,us-east-1,c6i,x86(Intel),Intel Xeon Platinum 8375C,8,16,0.34,8.16,57.12,248.2
aws,us-east-1,c6i,x86(Intel),Intel Xeon Platinum 8375C,16,32,0.68,16.32,114.24,496.4
aws,us-east-1,c6i,x86(Intel),Intel Xeon Platinum 8375C,32,64,1.36,32.64,228.48,992.8
aws,us-east-1,c6i,x86(Intel),Intel Xeon Platinum 8375C,48,96,2.04,48.96,342.72,1489.2
aws,us-east-1,c6i,x86(Intel),Intel Xeon Platinum 8375C,64,128,2.72,65.28,456.96,1985.6
aws,us-east-1,c6i,x86(Intel),Intel Xeon Platinum 8375C,96,192,4.08,97.92,685.44,2978.4
aws,us-east-1,c6i,x86(Intel),Intel Xeon Platinum 8375C,128,256,5.44,130.56,913.92,3971.2
aws,us-east-1,c7a,x86(AMD),AMD EPYC 9R14,1,2,0.05132,1.2317,8.622,37.46
aws,us-east-1,c7a,x86(AMD),AMD EPYC 9R14,2,4,0.10264,2.4634,17.244,74.93
aws,us-east-1,c7a,x86(AMD),AMD EPYC 9R14,4,8,0.20528,4.9267,34.487,149.85
aws,us-east-1,c7a,x86(AMD),AMD EPYC 9R14,8,16,0.41056,9.8534,68.974,299.71
aws,us-east-1,c7a,x86(AMD),AMD EPYC 9R14,16,32,0.82112,19.7069,137.948,599.42
aws,us-east-1,c7a,x86(AMD),AMD EPYC 9R14,32,64,1.64224,39.4138,275.896,1198.84
aws,us-east-1,c7a,x86(AMD),AMD EPYC 9R14,48,96,2.46336,59.1206,413.844,1798.25
aws,us-east-1,c7a,x86(AMD),AMD EPYC 9R14,64,128,3.28448,78.8275,551.793,2397.67
aws,us-east-1,c7a,x86(AMD),AMD EPYC 9R14,96,192,4.92672,118.2413,827.689,3596.51
aws,us-east-1,c7a,x86(AMD),AMD EPYC 9R14,128,256,6.56896,157.655,1103.585,4795.34
aws,us-east-1,c7a,x86(AMD),AMD EPYC 9R14,192,384,9.85344,236.4826,1655.378,7193.01
aws,us-east-1,c7g,ARM,AWS Graviton3,1,2,0.0363,0.8712,6.098,26.5
aws,us-east-1,c7g,ARM,AWS Graviton3,2,4,0.0725,1.74,12.18,52.92
aws,us-east-1,c7g,ARM,AWS Graviton3,4,8,0.145,3.48,24.36,105.85
aws,us-east-1,c7g,ARM,AWS Graviton3,8,16,0.29,6.96,48.72,211.7
aws,us-east-1,c7g,ARM,AWS Graviton3,16,32,0.58,13.92,97.44,423.4
aws,us-east-1,c7g,ARM,AWS Graviton3,32,64,1.16,27.84,194.88,846.8
aws,us-east-1,c7g,ARM,AWS Graviton3,48,96,1.74,41.76,292.32,1270.2
aws,us-east-1,c7g,ARM,AWS Graviton3,64,128,2.32,55.68,389.76,1693.6
aws,us-east-1,c7i,x86(Intel),Intel Xeon Platinum 8488C,2,4,0.08925,2.142,14.994,65.15
aws,us-east-1,c7i,x86(Intel),Intel Xeon Platinum 8488C,4,8,0.1785,4.284,29.988,130.3
aws,us-east-1,c7i,x86(Intel),Intel Xeon Platinum 8488C,8,16,0.357,8.568,59.976,260.61
aws,us-east-1,c7i,x86(Intel),Intel Xeon Platinum 8488C,16,32,0.714,17.136,119.952,521.22
aws,us-east-1,c7i,x86(Intel),Intel Xeon Platinum 8488C,32,64,1.428,34.272,239.904,1042.44
aws,us-east-1,c7i,x86(Intel),Intel Xeon Platinum 8488C,48,96,2.142,51.408,359.856,1563.66
aws,us-east-1,c7i,x86(Intel),Intel Xeon Platinum 8488C,64,128,2.856,68.544,479.808,2084.88
aws,us-east-1,c7i,x86(Intel),Intel Xeon Platinum 8488C,96,192,4.284,102.816,719.712,3127.32
aws,us-east-1,c7i,x86(Intel),Intel Xeon Platinum 8488C,192,384,8.568,205.632,1439.424,6254.64
aws,us-east-1,c8a,x86(AMD),AMD EPYC 9R45,1,2,0.05389,1.2934,9.054,39.34
aws,us-east-1,c8a,x86(AMD),AMD EPYC 9R45,2,4,0.10777,2.5865,18.105,78.67
aws,us-east-1,c8a,x86(AMD),AMD EPYC 9R45,4,8,0.21554,5.173,36.211,157.34
aws,us-east-1,c8a,x86(AMD),AMD EPYC 9R45,8,16,0.43108,10.3459,72.421,314.69
aws,us-east-1,c8a,x86(AMD),AMD EPYC 9R45,16,32,0.86216,20.6918,144.843,629.38
aws,us-east-1,c8a,x86(AMD),AMD EPYC 9R45,32,64,1.72432,41.3837,289.686,1258.75
aws,us-east-1,c8a,x86(AMD),AMD EPYC 9R45,48,96,2.58648,62.0755,434.529,1888.13
aws,us-east-1,c8a,x86(AMD),AMD EPYC 9R45,64,128,3.44864,82.7674,579.372,2517.51
aws,us-east-1,c8a,x86(AMD),AMD EPYC 9R45,96,192,5.17296,124.151,869.057,3776.26
aws,us-east-1,c8a,x86(AMD),AMD EPYC 9R45,192,384,10.34592,248.3021,1738.115,7552.52
aws,us-east-1,c8g,ARM,AWS Graviton4,1,2,0.03988,0.9571,6.7,29.11
aws,us-east-1,c8g,ARM,AWS Graviton4,2,4,0.07976,1.9142,13.4,58.22
aws,us-east-1,c8g,ARM,AWS Graviton4,4,8,0.15952,3.8285,26.799,116.45
aws,us-east-1,c8g,ARM,AWS Graviton4,8,16,0.31904,7.657,53.599,232.9
aws,us-east-1,c8g,ARM,AWS Graviton4,16,32,0.63808,15.3139,107.197,465.8
aws,us-east-1,c8g,ARM,AWS Graviton4,32,64,1.27616,30.6278,214.395,931.6
aws,us-east-1,c8g,ARM,AWS Graviton4,48,96,1.91424,45.9418,321.592,1397.4
aws,us-east-1,c8g,ARM,AWS Graviton4,64,128,2.55232,61.2557,428.79,1863.19
aws,us-east-1,c8g,ARM,AWS Graviton4,96,192,3.82848,91.8835,643.185,2794.79
aws,us-east-1,c8g,ARM,AWS Graviton4,192,384,7.65696,183.767,1286.369,5589.58
aws,us-east-1,c8i,x86(Intel),Intel Xeon 6 6975P-C,2,4,0.09371,2.249,15.743,68.41
aws,us-east-1,c8i,x86(Intel),Intel Xeon 6 6975P-C,4,8,0.18742,4.4981,31.487,136.82
aws,us-east-1,c8i,x86(Intel),Intel Xeon 6 6975P-C,8,16,0.37484,8.9962,62.973,273.63
aws,us-east-1,c8i,x86(Intel),Intel Xeon 6 6975P-C,16,32,0.74968,17.9923,125.946,547.27
aws,us-east-1,c8i,x86(Intel),Intel Xeon 6 6975P-C,32,64,1.49936,35.9846,251.892,1094.53
aws,us-east-1,c8i,x86(Intel),Intel Xeon 6 6975P-C,48,96,2.24904,53.977,377.839,1641.8
aws,us-east-1,c8i,x86(Intel),Intel Xeon 6 6975P-C,64,128,2.99872,71.9693,503.785,2189.07
aws,us-east-1,c8i,x86(Intel),Intel Xeon 6 6975P-C,96,192,4.49808,107.9539,755.677,3283.6
aws,us-east-1,c8i,x86(Intel),Intel Xeon 6 6975P-C,128,256,5.99744,143.9386,1007.57,4378.13
aws,us-east-1,c8i,x86(Intel),Intel Xeon 6 6975P-C,192,384,8.99616,215.9078,1511.355,6567.2
aws,us-east-1,c8i,x86(Intel),Intel Xeon 6 6975P-C,384,768,17.99232,431.8157,3022.71,13134.39
aws,us-east-1,c9g,ARM,AWS Graviton5,1,2,0.04347,1.0433,7.303,31.73
aws,us-east-1,c9g,ARM,AWS Graviton5,2,4,0.08694,2.0866,14.606,63.47
aws,us-east-1,c9g,ARM,AWS Graviton5,4,8,0.17388,4.1731,29.212,126.93
aws,us-east-1,c9g,ARM,AWS Graviton5,8,16,0.34776,8.3462,58.424,253.86
aws,us-east-1,c9g,ARM,AWS Graviton5,16,32,0.69552,16.6925,116.847,507.73
aws,us-east-1,c9g,ARM,AWS Graviton5,32,64,1.39104,33.385,233.695,1015.46
aws,us-east-1,c9g,ARM,AWS Graviton5,48,96,2.08656,50.0774,350.542,1523.19
aws,us-east-1,c9g,ARM,AWS Graviton5,64,128,2.78208,66.7699,467.389,2030.92
aws,us-east-1,c9g,ARM,AWS Graviton5,96,192,4.17312,100.1549,701.084,3046.38
aws,us-east-1,c9g,ARM,AWS Graviton5,192,384,8.34624,200.3098,1402.168,6092.76
aws,us-east-1,m6a,x86(AMD),AMD EPYC 7R13,2,8,0.0864,2.0736,14.515,63.07
aws,us-east-1,m6a,x86(AMD),AMD EPYC 7R13,4,16,0.1728,4.1472,29.03,126.14
aws,us-east-1,m6a,x86(AMD),AMD EPYC 7R13,8,32,0.3456,8.2944,58.061,252.29
aws,us-east-1,m6a,x86(AMD),AMD EPYC 7R13,16,64,0.6912,16.5888,116.122,504.58
aws,us-east-1,m6a,x86(AMD),AMD EPYC 7R13,32,128,1.3824,33.1776,232.243,1009.15
aws,us-east-1,m6a,x86(AMD),AMD EPYC 7R13,48,192,2.0736,49.7664,348.365,1513.73
aws,us-east-1,m6a,x86(AMD),AMD EPYC 7R13,64,256,2.7648,66.3552,464.486,2018.3
aws,us-east-1,m6a,x86(AMD),AMD EPYC 7R13,96,384,4.1472,99.5328,696.73,3027.46
aws,us-east-1,m6a,x86(AMD),AMD EPYC 7R13,128,512,5.5296,132.7104,928.973,4036.61
aws,us-east-1,m6a,x86(AMD),AMD EPYC 7R13,192,768,8.2944,199.0656,1393.459,6054.91
aws,us-east-1,m6g,ARM,AWS Graviton2,1,4,0.0385,0.924,6.468,28.1
aws,us-east-1,m6g,ARM,AWS Graviton2,2,8,0.077,1.848,12.936,56.21
aws,us-east-1,m6g,ARM,AWS Graviton2,4,16,0.154,3.696,25.872,112.42
aws,us-east-1,m6g,ARM,AWS Graviton2,8,32,0.308,7.392,51.744,224.84
aws,us-east-1,m6g,ARM,AWS Graviton2,16,64,0.616,14.784,103.488,449.68
aws,us-east-1,m6g,ARM,AWS Graviton2,32,128,1.232,29.568,206.976,899.36
aws,us-east-1,m6g,ARM,AWS Graviton2,48,192,1.848,44.352,310.464,1349.04
aws,us-east-1,m6g,ARM,AWS Graviton2,64,256,2.464,59.136,413.952,1798.72
aws,us-east-1,m6i,x86(Intel),Intel Xeon Platinum 8375C,2,8,0.096,2.304,16.128,70.08
aws,us-east-1,m6i,x86(Intel),Intel Xeon Platinum 8375C,4,16,0.192,4.608,32.256,140.16
aws,us-east-1,m6i,x86(Intel),Intel Xeon Platinum 8375C,8,32,0.384,9.216,64.512,280.32
aws,us-east-1,m6i,x86(Intel),Intel Xeon Platinum 8375C,16,64,0.768,18.432,129.024,560.64
aws,us-east-1,m6i,x86(Intel),Intel Xeon Platinum 8375C,32,128,1.536,36.864,258.048,1121.28
aws,us-east-1,m6i,x86(Intel),Intel Xeon Platinum 8375C,48,192,2.304,55.296,387.072,1681.92
aws,us-east-1,m6i,x86(Intel),Intel Xeon Platinum 8375C,64,256,3.072,73.728,516.096,2242.56
aws,us-east-1,m6i,x86(Intel),Intel Xeon Platinum 8375C,96,384,4.608,110.592,774.144,3363.84
aws,us-east-1,m6i,x86(Intel),Intel Xeon Platinum 8375C,128,512,6.144,147.456,1032.192,4485.12
aws,us-east-1,m7a,x86(AMD),AMD EPYC 9R14,1,4,0.05796,1.391,9.737,42.31
aws,us-east-1,m7a,x86(AMD),AMD EPYC 9R14,2,8,0.11592,2.7821,19.475,84.62
aws,us-east-1,m7a,x86(AMD),AMD EPYC 9R14,4,16,0.23184,5.5642,38.949,169.24
aws,us-east-1,m7a,x86(AMD),AMD EPYC 9R14,8,32,0.46368,11.1283,77.898,338.49
aws,us-east-1,m7a,x86(AMD),AMD EPYC 9R14,16,64,0.92736,22.2566,155.796,676.97
aws,us-east-1,m7a,x86(AMD),AMD EPYC 9R14,32,128,1.85472,44.5133,311.593,1353.95
aws,us-east-1,m7a,x86(AMD),AMD EPYC 9R14,48,192,2.78208,66.7699,467.389,2030.92
aws,us-east-1,m7a,x86(AMD),AMD EPYC 9R14,64,256,3.70944,89.0266,623.186,2707.89
aws,us-east-1,m7a,x86(AMD),AMD EPYC 9R14,96,384,5.56416,133.5398,934.779,4061.84
aws,us-east-1,m7a,x86(AMD),AMD EPYC 9R14,128,512,7.41888,178.0531,1246.372,5415.78
aws,us-east-1,m7a,x86(AMD),AMD EPYC 9R14,192,768,11.12832,267.0797,1869.558,8123.67
aws,us-east-1,m7g,ARM,AWS Graviton3,1,4,0.0408,0.9792,6.854,29.78
aws,us-east-1,m7g,ARM,AWS Graviton3,2,8,0.0816,1.9584,13.709,59.57
aws,us-east-1,m7g,ARM,AWS Graviton3,4,16,0.1632,3.9168,27.418,119.14
aws,us-east-1,m7g,ARM,AWS Graviton3,8,32,0.3264,7.8336,54.835,238.27
aws,us-east-1,m7g,ARM,AWS Graviton3,16,64,0.6528,15.6672,109.67,476.54
aws,us-east-1,m7g,ARM,AWS Graviton3,32,128,1.3056,31.3344,219.341,953.09
aws,us-east-1,m7g,ARM,AWS Graviton3,48,192,1.9584,47.0016,329.011,1429.63
aws,us-east-1,m7g,ARM,AWS Graviton3,64,256,2.6112,62.6688,438.682,1906.18
aws,us-east-1,m7i,x86(Intel),Intel Xeon Platinum 8488C,2,8,0.1008,2.4192,16.934,73.58
aws,us-east-1,m7i,x86(Intel),Intel Xeon Platinum 8488C,4,16,0.2016,4.8384,33.869,147.17
aws,us-east-1,m7i,x86(Intel),Intel Xeon Platinum 8488C,8,32,0.4032,9.6768,67.738,294.34
aws,us-east-1,m7i,x86(Intel),Intel Xeon Platinum 8488C,16,64,0.8064,19.3536,135.475,588.67
aws,us-east-1,m7i,x86(Intel),Intel Xeon Platinum 8488C,32,128,1.6128,38.7072,270.95,1177.34
aws,us-east-1,m7i,x86(Intel),Intel Xeon Platinum 8488C,48,192,2.4192,58.0608,406.426,1766.02
aws,us-east-1,m7i,x86(Intel),Intel Xeon Platinum 8488C,64,256,3.2256,77.4144,541.901,2354.69
aws,us-east-1,m7i,x86(Intel),Intel Xeon Platinum 8488C,96,384,4.8384,116.1216,812.851,3532.03
aws,us-east-1,m7i,x86(Intel),Intel Xeon Platinum 8488C,192,768,9.6768,232.2432,1625.702,7064.06
aws,us-east-1,m8a,x86(AMD),AMD EPYC 9R45,1,4,0.06086,1.4606,10.224,44.43
aws,us-east-1,m8a,x86(AMD),AMD EPYC 9R45,2,8,0.12172,2.9213,20.449,88.86
aws,us-east-1,m8a,x86(AMD),AMD EPYC 9R45,4,16,0.24344,5.8426,40.898,177.71
aws,us-east-1,m8a,x86(AMD),AMD EPYC 9R45,8,32,0.48688,11.6851,81.796,355.42
aws,us-east-1,m8a,x86(AMD),AMD EPYC 9R45,16,64,0.97376,23.3702,163.592,710.84
aws,us-east-1,m8a,x86(AMD),AMD EPYC 9R45,32,128,1.94752,46.7405,327.183,1421.69
aws,us-east-1,m8a,x86(AMD),AMD EPYC 9R45,48,192,2.92128,70.1107,490.775,2132.53
aws,us-east-1,m8a,x86(AMD),AMD EPYC 9R45,64,256,3.89504,93.481,654.367,2843.38
aws,us-east-1,m8a,x86(AMD),AMD EPYC 9R45,96,384,5.84256,140.2214,981.55,4265.07
aws,us-east-1,m8a,x86(AMD),AMD EPYC 9R45,192,768,11.68512,280.4429,1963.1,8530.14
aws,us-east-1,m8g,ARM,AWS Graviton4,1,4,0.04488,1.0771,7.54,32.76
aws,us-east-1,m8g,ARM,AWS Graviton4,2,8,0.08976,2.1542,15.08,65.52
aws,us-east-1,m8g,ARM,AWS Graviton4,4,16,0.17952,4.3085,30.159,131.05
aws,us-east-1,m8g,ARM,AWS Graviton4,8,32,0.35904,8.617,60.319,262.1
aws,us-east-1,m8g,ARM,AWS Graviton4,16,64,0.71808,17.2339,120.637,524.2
aws,us-east-1,m8g,ARM,AWS Graviton4,32,128,1.43616,34.4678,241.275,1048.4
aws,us-east-1,m8g,ARM,AWS Graviton4,48,192,2.15424,51.7018,361.912,1572.6
aws,us-east-1,m8g,ARM,AWS Graviton4,64,256,2.87232,68.9357,482.55,2096.79
aws,us-east-1,m8g,ARM,AWS Graviton4,96,384,4.30848,103.4035,723.825,3145.19
aws,us-east-1,m8g,ARM,AWS Graviton4,192,768,8.61696,206.807,1447.649,6290.38
aws,us-east-1,m8i,x86(Intel),Intel Xeon 6 6975P-C,2,8,0.10584,2.5402,17.781,77.26
aws,us-east-1,m8i,x86(Intel),Intel Xeon 6 6975P-C,4,16,0.21168,5.0803,35.562,154.53
aws,us-east-1,m8i,x86(Intel),Intel Xeon 6 6975P-C,8,32,0.42336,10.1606,71.124,309.05
aws,us-east-1,m8i,x86(Intel),Intel Xeon 6 6975P-C,16,64,0.84672,20.3213,142.249,618.11
aws,us-east-1,m8i,x86(Intel),Intel Xeon 6 6975P-C,32,128,1.69344,40.6426,284.498,1236.21
aws,us-east-1,m8i,x86(Intel),Intel Xeon 6 6975P-C,48,192,2.54016,60.9638,426.747,1854.32
aws,us-east-1,m8i,x86(Intel),Intel Xeon 6 6975P-C,64,256,3.38688,81.2851,568.996,2472.42
aws,us-east-1,m8i,x86(Intel),Intel Xeon 6 6975P-C,96,384,5.08032,121.9277,853.494,3708.63
aws,us-east-1,m8i,x86(Intel),Intel Xeon 6 6975P-C,128,512,6.77376,162.5702,1137.992,4944.84
aws,us-east-1,m8i,x86(Intel),Intel Xeon 6 6975P-C,192,768,10.16064,243.8554,1706.988,7417.27
aws,us-east-1,m8i,x86(Intel),Intel Xeon 6 6975P-C,384,1536,20.32128,487.7107,3413.975,14834.53
aws,us-east-1,m9g,ARM,AWS Graviton5,1,4,0.04892,1.1741,8.219,35.71
aws,us-east-1,m9g,ARM,AWS Graviton5,2,8,0.09784,2.3482,16.437,71.42
aws,us-east-1,m9g,ARM,AWS Graviton5,4,16,0.19568,4.6963,32.874,142.85
aws,us-east-1,m9g,ARM,AWS Graviton5,8,32,0.39136,9.3926,65.748,285.69
aws,us-east-1,m9g,ARM,AWS Graviton5,16,64,0.78272,18.7853,131.497,571.39
aws,us-east-1,m9g,ARM,AWS Graviton5,32,128,1.56544,37.5706,262.994,1142.77
aws,us-east-1,m9g,ARM,AWS Graviton5,48,192,2.34816,56.3558,394.491,1714.16
aws,us-east-1,m9g,ARM,AWS Graviton5,64,256,3.13088,75.1411,525.988,2285.54
aws,us-east-1,m9g,ARM,AWS Graviton5,96,384,4.69632,112.7117,788.982,3428.31
aws,us-east-1,m9g,ARM,AWS Graviton5,192,768,9.39264,225.4234,1577.964,6856.63
aws,us-east-1,r6a,x86(AMD),AMD EPYC 7R13,2,16,0.1134,2.7216,19.051,82.78
aws,us-east-1,r6a,x86(AMD),AMD EPYC 7R13,4,32,0.2268,5.4432,38.102,165.56
aws,us-east-1,r6a,x86(AMD),AMD EPYC 7R13,8,64,0.4536,10.8864,76.205,331.13
aws,us-east-1,r6a,x86(AMD),AMD EPYC 7R13,16,128,0.9072,21.7728,152.41,662.26
aws,us-east-1,r6a,x86(AMD),AMD EPYC 7R13,32,256,1.8144,43.5456,304.819,1324.51
aws,us-east-1,r6a,x86(AMD),AMD EPYC 7R13,48,384,2.7216,65.3184,457.229,1986.77
aws,us-east-1,r6a,x86(AMD),AMD EPYC 7R13,64,512,3.6288,87.0912,609.638,2649.02
aws,us-east-1,r6a,x86(AMD),AMD EPYC 7R13,96,768,5.4432,130.6368,914.458,3973.54
aws,us-east-1,r6a,x86(AMD),AMD EPYC 7R13,128,1024,7.2576,174.1824,1219.277,5298.05
aws,us-east-1,r6a,x86(AMD),AMD EPYC 7R13,192,1536,10.8864,261.2736,1828.915,7947.07
aws,us-east-1,r6g,ARM,AWS Graviton2,1,8,0.0504,1.2096,8.467,36.79
aws,us-east-1,r6g,ARM,AWS Graviton2,2,16,0.1008,2.4192,16.934,73.58
aws,us-east-1,r6g,ARM,AWS Graviton2,4,32,0.2016,4.8384,33.869,147.17
aws,us-east-1,r6g,ARM,AWS Graviton2,8,64,0.4032,9.6768,67.738,294.34
aws,us-east-1,r6g,ARM,AWS Graviton2,16,128,0.8064,19.3536,135.475,588.67
aws,us-east-1,r6g,ARM,AWS Graviton2,32,256,1.6128,38.7072,270.95,1177.34
aws,us-east-1,r6g,ARM,AWS Graviton2,48,384,2.4192,58.0608,406.426,1766.02
aws,us-east-1,r6g,ARM,AWS Graviton2,64,512,3.2256,77.4144,541.901,2354.69
aws,us-east-1,r6i,x86(Intel),Intel Xeon Platinum 8375C,2,16,0.126,3.024,21.168,91.98
aws,us-east-1,r6i,x86(Intel),Intel Xeon Platinum 8375C,4,32,0.252,6.048,42.336,183.96
aws,us-east-1,r6i,x86(Intel),Intel Xeon Platinum 8375C,8,64,0.504,12.096,84.672,367.92
aws,us-east-1,r6i,x86(Intel),Intel Xeon Platinum 8375C,16,128,1.008,24.192,169.344,735.84
aws,us-east-1,r6i,x86(Intel),Intel Xeon Platinum 8375C,32,256,2.016,48.384,338.688,1471.68
aws,us-east-1,r6i,x86(Intel),Intel Xeon Platinum 8375C,48,384,3.024,72.576,508.032,2207.52
aws,us-east-1,r6i,x86(Intel),Intel Xeon Platinum 8375C,64,512,4.032,96.768,677.376,2943.36
aws,us-east-1,r6i,x86(Intel),Intel Xeon Platinum 8375C,96,768,6.048,145.152,1016.064,4415.04
aws,us-east-1,r6i,x86(Intel),Intel Xeon Platinum 8375C,128,1024,8.064,193.536,1354.752,5886.72
aws,us-east-1,r7a,x86(AMD),AMD EPYC 9R14,1,8,0.07608,1.8259,12.781,55.54
aws,us-east-1,r7a,x86(AMD),AMD EPYC 9R14,2,16,0.15215,3.6516,25.561,111.07
aws,us-east-1,r7a,x86(AMD),AMD EPYC 9R14,4,32,0.3043,7.3032,51.122,222.14
aws,us-east-1,r7a,x86(AMD),AMD EPYC 9R14,8,64,0.6086,14.6064,102.245,444.28
aws,us-east-1,r7a,x86(AMD),AMD EPYC 9R14,16,128,1.2172,29.2128,204.49,888.56
aws,us-east-1,r7a,x86(AMD),AMD EPYC 9R14,32,256,2.4344,58.4256,408.979,1777.11
aws,us-east-1,r7a,x86(AMD),AMD EPYC 9R14,48,384,3.6516,87.6384,613.469,2665.67
aws,us-east-1,r7a,x86(AMD),AMD EPYC 9R14,64,512,4.8688,116.8512,817.958,3554.22
aws,us-east-1,r7a,x86(AMD),AMD EPYC 9R14,96,768,7.3032,175.2768,1226.938,5331.34
aws,us-east-1,r7a,x86(AMD),AMD EPYC 9R14,128,1024,9.7376,233.7024,1635.917,7108.45
aws,us-east-1,r7a,x86(AMD),AMD EPYC 9R14,192,1536,14.6064,350.5536,2453.875,10662.67
aws,us-east-1,r7g,ARM,AWS Graviton3,1,8,0.0536,1.2864,9.005,39.13
aws,us-east-1,r7g,ARM,AWS Graviton3,2,16,0.1071,2.5704,17.993,78.18
aws,us-east-1,r7g,ARM,AWS Graviton3,4,32,0.2142,5.1408,35.986,156.37
aws,us-east-1,r7g,ARM,AWS Graviton3,8,64,0.4284,10.2816,71.971,312.73
aws,us-east-1,r7g,ARM,AWS Graviton3,16,128,0.8568,20.5632,143.942,625.46
aws,us-east-1,r7g,ARM,AWS Graviton3,32,256,1.7136,41.1264,287.885,1250.93
aws,us-east-1,r7g,ARM,AWS Graviton3,48,384,2.5704,61.6896,431.827,1876.39
aws,us-east-1,r7g,ARM,AWS Graviton3,64,512,3.4272,82.2528,575.77,2501.86
aws,us-east-1,r7i,x86(Intel),Intel Xeon Platinum 8488C,2,16,0.1323,3.1752,22.226,96.58
aws,us-east-1,r7i,x86(Intel),Intel Xeon Platinum 8488C,4,32,0.2646,6.3504,44.453,193.16
aws,us-east-1,r7i,x86(Intel),Intel Xeon Platinum 8488C,8,64,0.5292,12.7008,88.906,386.32
aws,us-east-1,r7i,x86(Intel),Intel Xeon Platinum 8488C,16,128,1.0584,25.4016,177.811,772.63
aws,us-east-1,r7i,x86(Intel),Intel Xeon Platinum 8488C,32,256,2.1168,50.8032,355.622,1545.26
aws,us-east-1,r7i,x86(Intel),Intel Xeon Platinum 8488C,48,384,3.1752,76.2048,533.434,2317.9
aws,us-east-1,r7i,x86(Intel),Intel Xeon Platinum 8488C,64,512,4.2336,101.6064,711.245,3090.53
aws,us-east-1,r7i,x86(Intel),Intel Xeon Platinum 8488C,96,768,6.3504,152.4096,1066.867,4635.79
aws,us-east-1,r7i,x86(Intel),Intel Xeon Platinum 8488C,192,1536,12.7008,304.8192,2133.734,9271.58
aws,us-east-1,r8a,x86(AMD),AMD EPYC 9R45,1,8,0.07988,1.9171,13.42,58.31
aws,us-east-1,r8a,x86(AMD),AMD EPYC 9R45,2,16,0.15976,3.8342,26.84,116.62
aws,us-east-1,r8a,x86(AMD),AMD EPYC 9R45,4,32,0.31952,7.6685,53.679,233.25
aws,us-east-1,r8a,x86(AMD),AMD EPYC 9R45,8,64,0.63904,15.337,107.359,466.5
aws,us-east-1,r8a,x86(AMD),AMD EPYC 9R45,16,128,1.27808,30.6739,214.717,933.0
aws,us-east-1,r8a,x86(AMD),AMD EPYC 9R45,32,256,2.55616,61.3478,429.435,1866.0
aws,us-east-1,r8a,x86(AMD),AMD EPYC 9R45,48,384,3.83424,92.0218,644.152,2799.0
aws,us-east-1,r8a,x86(AMD),AMD EPYC 9R45,64,512,5.11232,122.6957,858.87,3731.99
aws,us-east-1,r8a,x86(AMD),AMD EPYC 9R45,96,768,7.66848,184.0435,1288.305,5597.99
aws,us-east-1,r8a,x86(AMD),AMD EPYC 9R45,192,1536,15.33696,368.087,2576.609,11195.98
aws,us-east-1,r8g,ARM,AWS Graviton4,1,8,0.05891,1.4138,9.897,43.0
aws,us-east-1,r8g,ARM,AWS Graviton4,2,16,0.11782,2.8277,19.794,86.01
aws,us-east-1,r8g,ARM,AWS Graviton4,4,32,0.23564,5.6554,39.588,172.02
aws,us-east-1,r8g,ARM,AWS Graviton4,8,64,0.47128,11.3107,79.175,344.03
aws,us-east-1,r8g,ARM,AWS Graviton4,16,128,0.94256,22.6214,158.35,688.07
aws,us-east-1,r8g,ARM,AWS Graviton4,32,256,1.88512,45.2429,316.7,1376.14
aws,us-east-1,r8g,ARM,AWS Graviton4,48,384,2.82768,67.8643,475.05,2064.21
aws,us-east-1,r8g,ARM,AWS Graviton4,64,512,3.77024,90.4858,633.4,2752.28
aws,us-east-1,r8g,ARM,AWS Graviton4,96,768,5.65536,135.7286,950.1,4128.41
aws,us-east-1,r8g,ARM,AWS Graviton4,192,1536,11.31072,271.4573,1900.201,8256.83
aws,us-east-1,r8i,x86(Intel),Intel Xeon 6 6985P-C,2,16,0.13892,3.3341,23.339,101.41
aws,us-east-1,r8i,x86(Intel),Intel Xeon 6 6985P-C,4,32,0.27784,6.6682,46.677,202.82
aws,us-east-1,r8i,x86(Intel),Intel Xeon 6 6985P-C,8,64,0.55568,13.3363,93.354,405.65
aws,us-east-1,r8i,x86(Intel),Intel Xeon 6 6985P-C,16,128,1.11136,26.6726,186.708,811.29
aws,us-east-1,r8i,x86(Intel),Intel Xeon 6 6985P-C,32,256,2.22272,53.3453,373.417,1622.59
aws,us-east-1,r8i,x86(Intel),Intel Xeon 6 6985P-C,48,384,3.33408,80.0179,560.125,2433.88
aws,us-east-1,r8i,x86(Intel),Intel Xeon 6 6985P-C,64,512,4.44544,106.6906,746.834,3245.17
aws,us-east-1,r8i,x86(Intel),Intel Xeon 6 6985P-C,96,768,6.66816,160.0358,1120.251,4867.76
aws,us-east-1,r8i,x86(Intel),Intel Xeon 6 6985P-C,128,1024,8.89088,213.3811,1493.668,6490.34
aws,us-east-1,r8i,x86(Intel),Intel Xeon 6 6985P-C,192,1536,13.33632,320.0717,2240.502,9735.51
aws,us-east-1,r8i,x86(Intel),Intel Xeon 6 6985P-C,384,3072,26.67264,640.1434,4481.004,19471.03
aws,us-east-1,x8g,ARM,AWS Graviton4,1,16,0.0977,2.3448,16.414,71.32
aws,us-east-1,x8g,ARM,AWS Graviton4,2,32,0.1954,4.6896,32.827,142.64
aws,us-east-1,x8g,ARM,AWS Graviton4,4,64,0.3908,9.3792,65.654,285.28
aws,us-east-1,x8g,ARM,AWS Graviton4,8,128,0.7816,18.7584,131.309,570.57
aws,us-east-1,x8g,ARM,AWS Graviton4,16,256,1.5632,37.5168,262.618,1141.14
aws,us-east-1,x8g,ARM,AWS Graviton4,32,512,3.1264,75.0336,525.235,2282.27
aws,us-east-1,x8g,ARM,AWS Graviton4,48,768,4.6896,112.5504,787.853,3423.41
aws,us-east-1,x8g,ARM,AWS Graviton4,64,1024,6.2528,150.0672,1050.47,4564.54
aws,us-east-1,x8g,ARM,AWS Graviton4,96,1536,9.3792,225.1008,1575.706,6846.82
aws,us-east-1,x8g,ARM,AWS Graviton4,192,3072,18.7584,450.2016,3151.411,13693.63
aws,us-east-1,x8i,x86(Intel),Intel Xeon 6 6975P-C,2,32,0.21883,5.2519,36.763,159.75
aws,us-east-1,x8i,x86(Intel),Intel Xeon 6 6975P-C,4,64,0.43766,10.5038,73.527,319.49
aws,us-east-1,x8i,x86(Intel),Intel Xeon 6 6975P-C,8,128,0.87532,21.0077,147.054,638.98
aws,us-east-1,x8i,x86(Intel),Intel Xeon 6 6975P-C,16,256,1.75064,42.0154,294.108,1277.97
aws,us-east-1,x8i,x86(Intel),Intel Xeon 6 6975P-C,32,512,3.50128,84.0307,588.215,2555.93
aws,us-east-1,x8i,x86(Intel),Intel Xeon 6 6975P-C,48,768,5.25192,126.0461,882.323,3833.9
aws,us-east-1,x8i,x86(Intel),Intel Xeon 6 6975P-C,64,1024,7.00256,168.0614,1176.43,5111.87
aws,us-east-1,x8i,x86(Intel),Intel Xeon 6 6975P-C,96,1536,10.50384,252.0922,1764.645,7667.8
aws,us-east-1,x8i,x86(Intel),Intel Xeon 6 6975P-C,128,2048,14.00512,336.1229,2352.86,10223.74
aws,us-east-1,x8i,x86(Intel),Intel Xeon 6 6975P-C,192,3072,21.00768,504.1843,3529.29,15335.61
aws,us-east-1,x8i,x86(Intel),Intel Xeon 6 6975P-C,256,4096,28.01024,672.2458,4705.72,20447.48
aws,us-east-1,x8i,x86(Intel),Intel Xeon 6 6975P-C,384,6144,48.74438,1169.8651,8189.056,35583.4
aws,us-east-2,c6a,x86(AMD),AMD EPYC 7R13,2,4,0.0765,1.836,12.852,55.84
aws,us-east-2,c6a,x86(AMD),AMD EPYC 7R13,4,8,0.153,3.672,25.704,111.69
aws,us-east-2,c6a,x86(AMD),AMD EPYC 7R13,8,16,0.306,7.344,51.408,223.38
aws,us-east-2,c6a,x86(AMD),AMD EPYC 7R13,16,32,0.612,14.688,102.816,446.76
aws,us-east-2,c6a,x86(AMD),AMD EPYC 7R13,32,64,1.224,29.376,205.632,893.52
aws,us-east-2,c6a,x86(AMD),AMD EPYC 7R13,48,96,1.836,44.064,308.448,1340.28
aws,us-east-2,c6a,x86(AMD),AMD EPYC 7R13,64,128,2.448,58.752,411.264,1787.04
aws,us-east-2,c6a,x86(AMD),AMD EPYC 7R13,96,192,3.672,88.128,616.896,2680.56
aws,us-east-2,c6a,x86(AMD),AMD EPYC 7R13,128,256,4.896,117.504,822.528,3574.08
aws,us-east-2,c6a,x86(AMD),AMD EPYC 7R13,192,384,7.344,176.256,1233.792,5361.12
aws,us-east-2,c6g,ARM,AWS Graviton2,1,2,0.034,0.816,5.712,24.82
aws,us-east-2,c6g,ARM,AWS Graviton2,2,4,0.068,1.632,11.424,49.64
aws,us-east-2,c6g,ARM,AWS Graviton2,4,8,0.136,3.264,22.848,99.28
aws,us-east-2,c6g,ARM,AWS Graviton2,8,16,0.272,6.528,45.696,198.56
aws,us-east-2,c6g,ARM,AWS Graviton2,16,32,0.544,13.056,91.392,397.12
aws,us-east-2,c6g,ARM,AWS Graviton2,32,64,1.088,26.112,182.784,794.24
aws,us-east-2,c6g,ARM,AWS Graviton2,48,96,1.632,39.168,274.176,1191.36
aws,us-east-2,c6g,ARM,AWS Graviton2,64,128,2.176,52.224,365.568,1588.48
aws,us-east-2,c6i,x86(Intel),Intel Xeon Platinum 8375C,2,4,0.085,2.04,14.28,62.05
aws,us-east-2,c6i,x86(Intel),Intel Xeon Platinum 8375C,4,8,0.17,4.08,28.56,124.1
aws,us-east-2,c6i,x86(Intel),Intel Xeon Platinum 8375C,8,16,0.34,8.16,57.12,248.2
aws,us-east-2,c6i,x86(Intel),Intel Xeon Platinum 8375C,16,32,0.68,16.32,114.24,496.4
aws,us-east-2,c6i,x86(Intel),Intel Xeon Platinum 8375C,32,64,1.36,32.64,228.48,992.8
aws,us-east-2,c6i,x86(Intel),Intel Xeon Platinum 8375C,48,96,2.04,48.96,342.72,1489.2
aws,us-east-2,c6i,x86(Intel),Intel Xeon Platinum 8375C,64,128,2.72,65.28,456.96,1985.6
aws,us-east-2,c6i,x86(Intel),Intel Xeon Platinum 8375C,96,192,4.08,97.92,685.44,2978.4
aws,us-east-2,c6i,x86(Intel),Intel Xeon Platinum 8375C,128,256,5.44,130.56,913.92,3971.2
aws,us-east-2,c7a,x86(AMD),AMD EPYC 9R14,1,2,0.05132,1.2317,8.622,37.46
aws,us-east-2,c7a,x86(AMD),AMD EPYC 9R14,2,4,0.10264,2.4634,17.244,74.93
aws,us-east-2,c7a,x86(AMD),AMD EPYC 9R14,4,8,0.20528,4.9267,34.487,149.85
aws,us-east-2,c7a,x86(AMD),AMD EPYC 9R14,8,16,0.41056,9.8534,68.974,299.71
aws,us-east-2,c7a,x86(AMD),AMD EPYC 9R14,16,32,0.82112,19.7069,137.948,599.42
aws,us-east-2,c7a,x86(AMD),AMD EPYC 9R14,32,64,1.64224,39.4138,275.896,1198.84
aws,us-east-2,c7a,x86(AMD),AMD EPYC 9R14,48,96,2.46336,59.1206,413.844,1798.25
aws,us-east-2,c7a,x86(AMD),AMD EPYC 9R14,64,128,3.28448,78.8275,551.793,2397.67
aws,us-east-2,c7a,x86(AMD),AMD EPYC 9R14,96,192,4.92672,118.2413,827.689,3596.51
aws,us-east-2,c7a,x86(AMD),AMD EPYC 9R14,128,256,6.56896,157.655,1103.585,4795.34
aws,us-east-2,c7a,x86(AMD),AMD EPYC 9R14,192,384,9.85344,236.4826,1655.378,7193.01
aws,us-east-2,c7g,ARM,AWS Graviton3,1,2,0.0361,0.8664,6.065,26.35
aws,us-east-2,c7g,ARM,AWS Graviton3,2,4,0.0723,1.7352,12.146,52.78
aws,us-east-2,c7g,ARM,AWS Graviton3,4,8,0.1445,3.468,24.276,105.48
aws,us-east-2,c7g,ARM,AWS Graviton3,8,16,0.289,6.936,48.552,210.97
aws,us-east-2,c7g,ARM,AWS Graviton3,16,32,0.5781,13.8744,97.121,422.01
aws,us-east-2,c7g,ARM,AWS Graviton3,32,64,1.1562,27.7488,194.242,844.03
aws,us-east-2,c7g,ARM,AWS Graviton3,48,96,1.7342,41.6208,291.346,1265.97
aws,us-east-2,c7g,ARM,AWS Graviton3,64,128,2.3123,55.4952,388.466,1687.98
aws,us-east-2,c7i,x86(Intel),Intel Xeon Platinum 8488C,2,4,0.08925,2.142,14.994,65.15
aws,us-east-2,c7i,x86(Intel),Intel Xeon Platinum 8488C,4,8,0.1785,4.284,29.988,130.3
aws,us-east-2,c7i,x86(Intel),Intel Xeon Platinum 8488C,8,16,0.357,8.568,59.976,260.61
aws,us-east-2,c7i,x86(Intel),Intel Xeon Platinum 8488C,16,32,0.714,17.136,119.952,521.22
aws,us-east-2,c7i,x86(Intel),Intel Xeon Platinum 8488C,32,64,1.428,34.272,239.904,1042.44
aws,us-east-2,c7i,x86(Intel),Intel Xeon Platinum 8488C,48,96,2.142,51.408,359.856,1563.66
aws,us-east-2,c7i,x86(Intel),Intel Xeon Platinum 8488C,64,128,2.856,68.544,479.808,2084.88
aws,us-east-2,c7i,x86(Intel),Intel Xeon Platinum 8488C,96,192,4.284,102.816,719.712,3127.32
aws,us-east-2,c7i,x86(Intel),Intel Xeon Platinum 8488C,192,384,8.568,205.632,1439.424,6254.64
aws,us-east-2,c8a,x86(AMD),AMD EPYC 9R45,1,2,0.05389,1.2934,9.054,39.34
aws,us-east-2,c8a,x86(AMD),AMD EPYC 9R45,2,4,0.10777,2.5865,18.105,78.67
aws,us-east-2,c8a,x86(AMD),AMD EPYC 9R45,4,8,0.21554,5.173,36.211,157.34
aws,us-east-2,c8a,x86(AMD),AMD EPYC 9R45,8,16,0.43108,10.3459,72.421,314.69
aws,us-east-2,c8a,x86(AMD),AMD EPYC 9R45,16,32,0.86216,20.6918,144.843,629.38
aws,us-east-2,c8a,x86(AMD),AMD EPYC 9R45,32,64,1.72432,41.3837,289.686,1258.75
aws,us-east-2,c8a,x86(AMD),AMD EPYC 9R45,48,96,2.58648,62.0755,434.529,1888.13
aws,us-east-2,c8a,x86(AMD),AMD EPYC 9R45,64,128,3.44864,82.7674,579.372,2517.51
aws,us-east-2,c8a,x86(AMD),AMD EPYC 9R45,96,192,5.17296,124.151,869.057,3776.26
aws,us-east-2,c8a,x86(AMD),AMD EPYC 9R45,192,384,10.34592,248.3021,1738.115,7552.52
aws,us-east-2,c8g,ARM,AWS Graviton4,1,2,0.03974,0.9538,6.676,29.01
aws,us-east-2,c8g,ARM,AWS Graviton4,2,4,0.07948,1.9075,13.353,58.02
aws,us-east-2,c8g,ARM,AWS Graviton4,4,8,0.15896,3.815,26.705,116.04
aws,us-east-2,c8g,ARM,AWS Graviton4,8,16,0.31792,7.6301,53.411,232.08
aws,us-east-2,c8g,ARM,AWS Graviton4,16,32,0.63584,15.2602,106.821,464.16
aws,us-east-2,c8g,ARM,AWS Graviton4,32,64,1.27168,30.5203,213.642,928.33
aws,us-east-2,c8g,ARM,AWS Graviton4,48,96,1.90752,45.7805,320.463,1392.49
aws,us-east-2,c8g,ARM,AWS Graviton4,64,128,2.54336,61.0406,427.284,1856.65
aws,us-east-2,c8g,ARM,AWS Graviton4,96,192,3.81504,91.561,640.927,2784.98
aws,us-east-2,c8g,ARM,AWS Graviton4,192,384,7.63008,183.1219,1281.853,5569.96
aws,us-east-2,c8i,x86(Intel),Intel Xeon 6 6975P-C,2,4,0.09371,2.249,15.743,68.41
aws,us-east-2,c8i,x86(Intel),Intel Xeon 6 6975P-C,4,8,0.18742,4.4981,31.487,136.82
aws,us-east-2,c8i,x86(Intel),Intel Xeon 6 6975P-C,8,16,0.37484,8.9962,62.973,273.63
aws,us-east-2,c8i,x86(Intel),Intel Xeon 6 6975P-C,16,32,0.74968,17.9923,125.946,547.27
aws,us-east-2,c8i,x86(Intel),Intel Xeon 6 6975P-C,32,64,1.49936,35.9846,251.892,1094.53
aws,us-east-2,c8i,x86(Intel),Intel Xeon 6 6975P-C,48,96,2.24904,53.977,377.839,1641.8
aws,us-east-2,c8i,x86(Intel),Intel Xeon 6 6975P-C,64,128,2.99872,71.9693,503.785,2189.07
aws,us-east-2,c8i,x86(Intel),Intel Xeon 6 6975P-C,96,192,4.49808,107.9539,755.677,3283.6
aws,us-east-2,c8i,x86(Intel),Intel Xeon 6 6975P-C,128,256,5.99744,143.9386,1007.57,4378.13
aws,us-east-2,c8i,x86(Intel),Intel Xeon 6 6975P-C,192,384,8.99616,215.9078,1511.355,6567.2
aws,us-east-2,c8i,x86(Intel),Intel Xeon 6 6975P-C,384,768,17.99232,431.8157,3022.71,13134.39
aws,us-east-2,c9g,ARM,AWS Graviton5,1,2,0.04332,1.0397,7.278,31.62
aws,us-east-2,c9g,ARM,AWS Graviton5,2,4,0.08664,2.0794,14.556,63.25
aws,us-east-2,c9g,ARM,AWS Graviton5,4,8,0.17328,4.1587,29.111,126.49
aws,us-east-2,c9g,ARM,AWS Graviton5,8,16,0.34656,8.3174,58.222,252.99
aws,us-east-2,c9g,ARM,AWS Graviton5,16,32,0.69312,16.6349,116.444,505.98
aws,us-east-2,c9g,ARM,AWS Graviton5,32,64,1.38624,33.2698,232.888,1011.96
aws,us-east-2,c9g,ARM,AWS Graviton5,48,96,2.07936,49.9046,349.332,1517.93
aws,us-east-2,c9g,ARM,AWS Graviton5,64,128,2.77248,66.5395,465.777,2023.91
aws,us-east-2,c9g,ARM,AWS Graviton5,96,192,4.15872,99.8093,698.665,3035.87
aws,us-east-2,c9g,ARM,AWS Graviton5,192,384,8.31744,199.6186,1397.33,6071.73
aws,us-east-2,m6a,x86(AMD),AMD EPYC 7R13,2,8,0.0864,2.0736,14.515,63.07
aws,us-east-2,m6a,x86(AMD),AMD EPYC 7R13,4,16,0.1728,4.1472,29.03,126.14
aws,us-east-2,m6a,x86(AMD),AMD EPYC 7R13,8,32,0.3456,8.2944,58.061,252.29
aws,us-east-2,m6a,x86(AMD),AMD EPYC 7R13,16,64,0.6912,16.5888,116.122,504.58
aws,us-east-2,m6a,x86(AMD),AMD EPYC 7R13,32,128,1.3824,33.1776,232.243,1009.15
aws,us-east-2,m6a,x86(AMD),AMD EPYC 7R13,48,192,2.0736,49.7664,348.365,1513.73
aws,us-east-2,m6a,x86(AMD),AMD EPYC 7R13,64,256,2.7648,66.3552,464.486,2018.3
aws,us-east-2,m6a,x86(AMD),AMD EPYC 7R13,96,384,4.1472,99.5328,696.73,3027.46
aws,us-east-2,m6a,x86(AMD),AMD EPYC 7R13,128,512,5.5296,132.7104,928.973,4036.61
aws,us-east-2,m6a,x86(AMD),AMD EPYC 7R13,192,768,8.2944,199.0656,1393.459,6054.91
aws,us-east-2,m6g,ARM,AWS Graviton2,1,4,0.0385,0.924,6.468,28.1
aws,us-east-2,m6g,ARM,AWS Graviton2,2,8,0.077,1.848,12.936,56.21
aws,us-east-2,m6g,ARM,AWS Graviton2,4,16,0.154,3.696,25.872,112.42
aws,us-east-2,m6g,ARM,AWS Graviton2,8,32,0.308,7.392,51.744,224.84
aws,us-east-2,m6g,ARM,AWS Graviton2,16,64,0.616,14.784,103.488,449.68
aws,us-east-2,m6g,ARM,AWS Graviton2,32,128,1.232,29.568,206.976,899.36
aws,us-east-2,m6g,ARM,AWS Graviton2,48,192,1.848,44.352,310.464,1349.04
aws,us-east-2,m6g,ARM,AWS Graviton2,64,256,2.464,59.136,413.952,1798.72
aws,us-east-2,m6i,x86(Intel),Intel Xeon Platinum 8375C,2,8,0.096,2.304,16.128,70.08
aws,us-east-2,m6i,x86(Intel),Intel Xeon Platinum 8375C,4,16,0.192,4.608,32.256,140.16
aws,us-east-2,m6i,x86(Intel),Intel Xeon Platinum 8375C,8,32,0.384,9.216,64.512,280.32
aws,us-east-2,m6i,x86(Intel),Intel Xeon Platinum 8375C,16,64,0.768,18.432,129.024,560.64
aws,us-east-2,m6i,x86(Intel),Intel Xeon Platinum 8375C,32,128,1.536,36.864,258.048,1121.28
aws,us-east-2,m6i,x86(Intel),Intel Xeon Platinum 8375C,48,192,2.304,55.296,387.072,1681.92
aws,us-east-2,m6i,x86(Intel),Intel Xeon Platinum 8375C,64,256,3.072,73.728,516.096,2242.56
aws,us-east-2,m6i,x86(Intel),Intel Xeon Platinum 8375C,96,384,4.608,110.592,774.144,3363.84
aws,us-east-2,m6i,x86(Intel),Intel Xeon Platinum 8375C,128,512,6.144,147.456,1032.192,4485.12
aws,us-east-2,m7a,x86(AMD),AMD EPYC 9R14,1,4,0.05796,1.391,9.737,42.31
aws,us-east-2,m7a,x86(AMD),AMD EPYC 9R14,2,8,0.11592,2.7821,19.475,84.62
aws,us-east-2,m7a,x86(AMD),AMD EPYC 9R14,4,16,0.23184,5.5642,38.949,169.24
aws,us-east-2,m7a,x86(AMD),AMD EPYC 9R14,8,32,0.46368,11.1283,77.898,338.49
aws,us-east-2,m7a,x86(AMD),AMD EPYC 9R14,16,64,0.92736,22.2566,155.796,676.97
aws,us-east-2,m7a,x86(AMD),AMD EPYC 9R14,32,128,1.85472,44.5133,311.593,1353.95
aws,us-east-2,m7a,x86(AMD),AMD EPYC 9R14,48,192,2.78208,66.7699,467.389,2030.92
aws,us-east-2,m7a,x86(AMD),AMD EPYC 9R14,64,256,3.70944,89.0266,623.186,2707.89
aws,us-east-2,m7a,x86(AMD),AMD EPYC 9R14,96,384,5.56416,133.5398,934.779,4061.84
aws,us-east-2,m7a,x86(AMD),AMD EPYC 9R14,128,512,7.41888,178.0531,1246.372,5415.78
aws,us-east-2,m7a,x86(AMD),AMD EPYC 9R14,192,768,11.12832,267.0797,1869.558,8123.67
aws,us-east-2,m7g,ARM,AWS Graviton3,1,4,0.0408,0.9792,6.854,29.78
aws,us-east-2,m7g,ARM,AWS Graviton3,2,8,0.0816,1.9584,13.709,59.57
aws,us-east-2,m7g,ARM,AWS Graviton3,4,16,0.1632,3.9168,27.418,119.14
aws,us-east-2,m7g,ARM,AWS Graviton3,8,32,0.3264,7.8336,54.835,238.27
aws,us-east-2,m7g,ARM,AWS Graviton3,16,64,0.6528,15.6672,109.67,476.54
aws,us-east-2,m7g,ARM,AWS Graviton3,32,128,1.3056,31.3344,219.341,953.09
aws,us-east-2,m7g,ARM,AWS Graviton3,48,192,1.9584,47.0016,329.011,1429.63
aws,us-east-2,m7g,ARM,AWS Graviton3,64,256,2.6112,62.6688,438.682,1906.18
aws,us-east-2,m7i,x86(Intel),Intel Xeon Platinum 8488C,2,8,0.1008,2.4192,16.934,73.58
aws,us-east-2,m7i,x86(Intel),Intel Xeon Platinum 8488C,4,16,0.2016,4.8384,33.869,147.17
aws,us-east-2,m7i,x86(Intel),Intel Xeon Platinum 8488C,8,32,0.4032,9.6768,67.738,294.34
aws,us-east-2,m7i,x86(Intel),Intel Xeon Platinum 8488C,16,64,0.8064,19.3536,135.475,588.67
aws,us-east-2,m7i,x86(Intel),Intel Xeon Platinum 8488C,32,128,1.6128,38.7072,270.95,1177.34
aws,us-east-2,m7i,x86(Intel),Intel Xeon Platinum 8488C,48,192,2.4192,58.0608,406.426,1766.02
aws,us-east-2,m7i,x86(Intel),Intel Xeon Platinum 8488C,64,256,3.2256,77.4144,541.901,2354.69
aws,us-east-2,m7i,x86(Intel),Intel Xeon Platinum 8488C,96,384,4.8384,116.1216,812.851,3532.03
aws,us-east-2,m7i,x86(Intel),Intel Xeon Platinum 8488C,192,768,9.6768,232.2432,1625.702,7064.06
aws,us-east-2,m8a,x86(AMD),AMD EPYC 9R45,1,4,0.06086,1.4606,10.224,44.43
aws,us-east-2,m8a,x86(AMD),AMD EPYC 9R45,2,8,0.12172,2.9213,20.449,88.86
aws,us-east-2,m8a,x86(AMD),AMD EPYC 9R45,4,16,0.24344,5.8426,40.898,177.71
aws,us-east-2,m8a,x86(AMD),AMD EPYC 9R45,8,32,0.48688,11.6851,81.796,355.42
aws,us-east-2,m8a,x86(AMD),AMD EPYC 9R45,16,64,0.97376,23.3702,163.592,710.84
aws,us-east-2,m8a,x86(AMD),AMD EPYC 9R45,32,128,1.94752,46.7405,327.183,1421.69
aws,us-east-2,m8a,x86(AMD),AMD EPYC 9R45,48,192,2.92128,70.1107,490.775,2132.53
aws,us-east-2,m8a,x86(AMD),AMD EPYC 9R45,64,256,3.89504,93.481,654.367,2843.38
aws,us-east-2,m8a,x86(AMD),AMD EPYC 9R45,96,384,5.84256,140.2214,981.55,4265.07
aws,us-east-2,m8a,x86(AMD),AMD EPYC 9R45,192,768,11.68512,280.4429,1963.1,8530.14
aws,us-east-2,m8g,ARM,AWS Graviton4,1,4,0.04488,1.0771,7.54,32.76
aws,us-east-2,m8g,ARM,AWS Graviton4,2,8,0.08976,2.1542,15.08,65.52
aws,us-east-2,m8g,ARM,AWS Graviton4,4,16,0.17952,4.3085,30.159,131.05
aws,us-east-2,m8g,ARM,AWS Graviton4,8,32,0.35904,8.617,60.319,262.1
aws,us-east-2,m8g,ARM,AWS Graviton4,16,64,0.71808,17.2339,120.637,524.2
aws,us-east-2,m8g,ARM,AWS Graviton4,32,128,1.43616,34.4678,241.275,1048.4
aws,us-east-2,m8g,ARM,AWS Graviton4,48,192,2.15424,51.7018,361.912,1572.6
aws,us-east-2,m8g,ARM,AWS Graviton4,64,256,2.87232,68.9357,482.55,2096.79
aws,us-east-2,m8g,ARM,AWS Graviton4,96,384,4.30848,103.4035,723.825,3145.19
aws,us-east-2,m8g,ARM,AWS Graviton4,192,768,8.61696,206.807,1447.649,6290.38
aws,us-east-2,m8i,x86(Intel),Intel Xeon 6 6975P-C,2,8,0.10584,2.5402,17.781,77.26
aws,us-east-2,m8i,x86(Intel),Intel Xeon 6 6975P-C,4,16,0.21168,5.0803,35.562,154.53
aws,us-east-2,m8i,x86(Intel),Intel Xeon 6 6975P-C,8,32,0.42336,10.1606,71.124,309.05
aws,us-east-2,m8i,x86(Intel),Intel Xeon 6 6975P-C,16,64,0.84672,20.3213,142.249,618.11
aws,us-east-2,m8i,x86(Intel),Intel Xeon 6 6975P-C,32,128,1.69344,40.6426,284.498,1236.21
aws,us-east-2,m8i,x86(Intel),Intel Xeon 6 6975P-C,48,192,2.54016,60.9638,426.747,1854.32
aws,us-east-2,m8i,x86(Intel),Intel Xeon 6 6975P-C,64,256,3.38688,81.2851,568.996,2472.42
aws,us-east-2,m8i,x86(Intel),Intel Xeon 6 6975P-C,96,384,5.08032,121.9277,853.494,3708.63
aws,us-east-2,m8i,x86(Intel),Intel Xeon 6 6975P-C,128,512,6.77376,162.5702,1137.992,4944.84
aws,us-east-2,m8i,x86(Intel),Intel Xeon 6 6975P-C,192,768,10.16064,243.8554,1706.988,7417.27
aws,us-east-2,m8i,x86(Intel),Intel Xeon 6 6975P-C,384,1536,20.32128,487.7107,3413.975,14834.53
aws,us-east-2,m9g,ARM,AWS Graviton5,1,4,0.04892,1.1741,8.219,35.71
aws,us-east-2,m9g,ARM,AWS Graviton5,2,8,0.09784,2.3482,16.437,71.42
aws,us-east-2,m9g,ARM,AWS Graviton5,4,16,0.19568,4.6963,32.874,142.85
aws,us-east-2,m9g,ARM,AWS Graviton5,8,32,0.39136,9.3926,65.748,285.69
aws,us-east-2,m9g,ARM,AWS Graviton5,16,64,0.78272,18.7853,131.497,571.39
aws,us-east-2,m9g,ARM,AWS Graviton5,32,128,1.56544,37.5706,262.994,1142.77
aws,us-east-2,m9g,ARM,AWS Graviton5,48,192,2.34816,56.3558,394.491,1714.16
aws,us-east-2,m9g,ARM,AWS Graviton5,64,256,3.13088,75.1411,525.988,2285.54
aws,us-east-2,m9g,ARM,AWS Graviton5,96,384,4.69632,112.7117,788.982,3428.31
aws,us-east-2,m9g,ARM,AWS Graviton5,192,768,9.39264,225.4234,1577.964,6856.63
aws,us-east-2,r6a,x86(AMD),AMD EPYC 7R13,2,16,0.1134,2.7216,19.051,82.78
aws,us-east-2,r6a,x86(AMD),AMD EPYC 7R13,4,32,0.2268,5.4432,38.102,165.56
aws,us-east-2,r6a,x86(AMD),AMD EPYC 7R13,8,64,0.4536,10.8864,76.205,331.13
aws,us-east-2,r6a,x86(AMD),AMD EPYC 7R13,16,128,0.9072,21.7728,152.41,662.26
aws,us-east-2,r6a,x86(AMD),AMD EPYC 7R13,32,256,1.8144,43.5456,304.819,1324.51
aws,us-east-2,r6a,x86(AMD),AMD EPYC 7R13,48,384,2.7216,65.3184,457.229,1986.77
aws,us-east-2,r6a,x86(AMD),AMD EPYC 7R13,64,512,3.6288,87.0912,609.638,2649.02
aws,us-east-2,r6a,x86(AMD),AMD EPYC 7R13,96,768,5.4432,130.6368,914.458,3973.54
aws,us-east-2,r6a,x86(AMD),AMD EPYC 7R13,128,1024,7.2576,174.1824,1219.277,5298.05
aws,us-east-2,r6a,x86(AMD),AMD EPYC 7R13,192,1536,10.8864,261.2736,1828.915,7947.07
aws,us-east-2,r6g,ARM,AWS Graviton2,1,8,0.0504,1.2096,8.467,36.79
aws,us-east-2,r6g,ARM,AWS Graviton2,2,16,0.1008,2.4192,16.934,73.58
aws,us-east-2,r6g,ARM,AWS Graviton2,4,32,0.2016,4.8384,33.869,147.17
aws,us-east-2,r6g,ARM,AWS Graviton2,8,64,0.4032,9.6768,67.738,294.34
aws,us-east-2,r6g,ARM,AWS Graviton2,16,128,0.8064,19.3536,135.475,588.67
aws,us-east-2,r6g,ARM,AWS Graviton2,32,256,1.6128,38.7072,270.95,1177.34
aws,us-east-2,r6g,ARM,AWS Graviton2,48,384,2.4192,58.0608,406.426,1766.02
aws,us-east-2,r6g,ARM,AWS Graviton2,64,512,3.2256,77.4144,541.901,2354.69
aws,us-east-2,r6i,x86(Intel),Intel Xeon Platinum 8375C,2,16,0.126,3.024,21.168,91.98
aws,us-east-2,r6i,x86(Intel),Intel Xeon Platinum 8375C,4,32,0.252,6.048,42.336,183.96
aws,us-east-2,r6i,x86(Intel),Intel Xeon Platinum 8375C,8,64,0.504,12.096,84.672,367.92
aws,us-east-2,r6i,x86(Intel),Intel Xeon Platinum 8375C,16,128,1.008,24.192,169.344,735.84
aws,us-east-2,r6i,x86(Intel),Intel Xeon Platinum 8375C,32,256,2.016,48.384,338.688,1471.68
aws,us-east-2,r6i,x86(Intel),Intel Xeon Platinum 8375C,48,384,3.024,72.576,508.032,2207.52
aws,us-east-2,r6i,x86(Intel),Intel Xeon Platinum 8375C,64,512,4.032,96.768,677.376,2943.36
aws,us-east-2,r6i,x86(Intel),Intel Xeon Platinum 8375C,96,768,6.048,145.152,1016.064,4415.04
aws,us-east-2,r6i,x86(Intel),Intel Xeon Platinum 8375C,128,1024,8.064,193.536,1354.752,5886.72
aws,us-east-2,r7a,x86(AMD),AMD EPYC 9R14,1,8,0.07608,1.8259,12.781,55.54
aws,us-east-2,r7a,x86(AMD),AMD EPYC 9R14,2,16,0.15215,3.6516,25.561,111.07
aws,us-east-2,r7a,x86(AMD),AMD EPYC 9R14,4,32,0.3043,7.3032,51.122,222.14
aws,us-east-2,r7a,x86(AMD),AMD EPYC 9R14,8,64,0.6086,14.6064,102.245,444.28
aws,us-east-2,r7a,x86(AMD),AMD EPYC 9R14,16,128,1.2172,29.2128,204.49,888.56
aws,us-east-2,r7a,x86(AMD),AMD EPYC 9R14,32,256,2.4344,58.4256,408.979,1777.11
aws,us-east-2,r7a,x86(AMD),AMD EPYC 9R14,48,384,3.6516,87.6384,613.469,2665.67
aws,us-east-2,r7a,x86(AMD),AMD EPYC 9R14,64,512,4.8688,116.8512,817.958,3554.22
aws,us-east-2,r7a,x86(AMD),AMD EPYC 9R14,96,768,7.3032,175.2768,1226.938,5331.34
aws,us-east-2,r7a,x86(AMD),AMD EPYC 9R14,128,1024,9.7376,233.7024,1635.917,7108.45
aws,us-east-2,r7a,x86(AMD),AMD EPYC 9R14,192,1536,14.6064,350.5536,2453.875,10662.67
aws,us-east-2,r7g,ARM,AWS Graviton3,1,8,0.0536,1.2864,9.005,39.13
aws,us-east-2,r7g,ARM,AWS Graviton3,2,16,0.1071,2.5704,17.993,78.18
aws,us-east-2,r7g,ARM,AWS Graviton3,4,32,0.2142,5.1408,35.986,156.37
aws,us-east-2,r7g,ARM,AWS Graviton3,8,64,0.4284,10.2816,71.971,312.73
aws,us-east-2,r7g,ARM,AWS Graviton3,16,128,0.8568,20.5632,143.942,625.46
aws,us-east-2,r7g,ARM,AWS Graviton3,32,256,1.7136,41.1264,287.885,1250.93
aws,us-east-2,r7g,ARM,AWS Graviton3,48,384,2.5704,61.6896,431.827,1876.39
aws,us-east-2,r7g,ARM,AWS Graviton3,64,512,3.4272,82.2528,575.77,2501.86
aws,us-east-2,r7i,x86(Intel),Intel Xeon Platinum 8488C,2,16,0.1323,3.1752,22.226,96.58
aws,us-east-2,r7i,x86(Intel),Intel Xeon Platinum 8488C,4,32,0.2646,6.3504,44.453,193.16
aws,us-east-2,r7i,x86(Intel),Intel Xeon Platinum 8488C,8,64,0.5292,12.7008,88.906,386.32
aws,us-east-2,r7i,x86(Intel),Intel Xeon Platinum 8488C,16,128,1.0584,25.4016,177.811,772.63
aws,us-east-2,r7i,x86(Intel),Intel Xeon Platinum 8488C,32,256,2.1168,50.8032,355.622,1545.26
aws,us-east-2,r7i,x86(Intel),Intel Xeon Platinum 8488C,48,384,3.1752,76.2048,533.434,2317.9
aws,us-east-2,r7i,x86(Intel),Intel Xeon Platinum 8488C,64,512,4.2336,101.6064,711.245,3090.53
aws,us-east-2,r7i,x86(Intel),Intel Xeon Platinum 8488C,96,768,6.3504,152.4096,1066.867,4635.79
aws,us-east-2,r7i,x86(Intel),Intel Xeon Platinum 8488C,192,1536,12.7008,304.8192,2133.734,9271.58
aws,us-east-2,r8a,x86(AMD),AMD EPYC 9R45,1,8,0.07988,1.9171,13.42,58.31
aws,us-east-2,r8a,x86(AMD),AMD EPYC 9R45,2,16,0.15976,3.8342,26.84,116.62
aws,us-east-2,r8a,x86(AMD),AMD EPYC 9R45,4,32,0.31952,7.6685,53.679,233.25
aws,us-east-2,r8a,x86(AMD),AMD EPYC 9R45,8,64,0.63904,15.337,107.359,466.5
aws,us-east-2,r8a,x86(AMD),AMD EPYC 9R45,16,128,1.27808,30.6739,214.717,933.0
aws,us-east-2,r8a,x86(AMD),AMD EPYC 9R45,32,256,2.55616,61.3478,429.435,1866.0
aws,us-east-2,r8a,x86(AMD),AMD EPYC 9R45,48,384,3.83424,92.0218,644.152,2799.0
aws,us-east-2,r8a,x86(AMD),AMD EPYC 9R45,64,512,5.11232,122.6957,858.87,3731.99
aws,us-east-2,r8a,x86(AMD),AMD EPYC 9R45,96,768,7.66848,184.0435,1288.305,5597.99
aws,us-east-2,r8a,x86(AMD),AMD EPYC 9R45,192,1536,15.33696,368.087,2576.609,11195.98
aws,us-east-2,r8g,ARM,AWS Graviton4,1,8,0.05891,1.4138,9.897,43.0
aws,us-east-2,r8g,ARM,AWS Graviton4,2,16,0.11782,2.8277,19.794,86.01
aws,us-east-2,r8g,ARM,AWS Graviton4,4,32,0.23564,5.6554,39.588,172.02
aws,us-east-2,r8g,ARM,AWS Graviton4,8,64,0.47128,11.3107,79.175,344.03
aws,us-east-2,r8g,ARM,AWS Graviton4,16,128,0.94256,22.6214,158.35,688.07
aws,us-east-2,r8g,ARM,AWS Graviton4,32,256,1.88512,45.2429,316.7,1376.14
aws,us-east-2,r8g,ARM,AWS Graviton4,48,384,2.82768,67.8643,475.05,2064.21
aws,us-east-2,r8g,ARM,AWS Graviton4,64,512,3.77024,90.4858,633.4,2752.28
aws,us-east-2,r8g,ARM,AWS Graviton4,96,768,5.65536,135.7286,950.1,4128.41
aws,us-east-2,r8g,ARM,AWS Graviton4,192,1536,11.31072,271.4573,1900.201,8256.83
aws,us-east-2,r8i,x86(Intel),Intel Xeon 6 6985P-C,2,16,0.13892,3.3341,23.339,101.41
aws,us-east-2,r8i,x86(Intel),Intel Xeon 6 6985P-C,4,32,0.27784,6.6682,46.677,202.82
aws,us-east-2,r8i,x86(Intel),Intel Xeon 6 6985P-C,8,64,0.55568,13.3363,93.354,405.65
aws,us-east-2,r8i,x86(Intel),Intel Xeon 6 6985P-C,16,128,1.11136,26.6726,186.708,811.29
aws,us-east-2,r8i,x86(Intel),Intel Xeon 6 6985P-C,32,256,2.22272,53.3453,373.417,1622.59
aws,us-east-2,r8i,x86(Intel),Intel Xeon 6 6985P-C,48,384,3.33408,80.0179,560.125,2433.88
aws,us-east-2,r8i,x86(Intel),Intel Xeon 6 6985P-C,64,512,4.44544,106.6906,746.834,3245.17
aws,us-east-2,r8i,x86(Intel),Intel Xeon 6 6985P-C,96,768,6.66816,160.0358,1120.251,4867.76
aws,us-east-2,r8i,x86(Intel),Intel Xeon 6 6985P-C,128,1024,8.89088,213.3811,1493.668,6490.34
aws,us-east-2,r8i,x86(Intel),Intel Xeon 6 6985P-C,192,1536,13.33632,320.0717,2240.502,9735.51
aws,us-east-2,r8i,x86(Intel),Intel Xeon 6 6985P-C,384,3072,26.67264,640.1434,4481.004,19471.03
aws,us-east-2,x8g,ARM,AWS Graviton4,1,16,0.0977,2.3448,16.414,71.32
aws,us-east-2,x8g,ARM,AWS Graviton4,2,32,0.1954,4.6896,32.827,142.64
aws,us-east-2,x8g,ARM,AWS Graviton4,4,64,0.3908,9.3792,65.654,285.28
aws,us-east-2,x8g,ARM,AWS Graviton4,8,128,0.7816,18.7584,131.309,570.57
aws,us-east-2,x8g,ARM,AWS Graviton4,16,256,1.5632,37.5168,262.618,1141.14
aws,us-east-2,x8g,ARM,AWS Graviton4,32,512,3.1264,75.0336,525.235,2282.27
aws,us-east-2,x8g,ARM,AWS Graviton4,48,768,4.6896,112.5504,787.853,3423.41
aws,us-east-2,x8g,ARM,AWS Graviton4,64,1024,6.2528,150.0672,1050.47,4564.54
aws,us-east-2,x8g,ARM,AWS Graviton4,96,1536,9.3792,225.1008,1575.706,6846.82
aws,us-east-2,x8g,ARM,AWS Graviton4,192,3072,18.7584,450.2016,3151.411,13693.63
aws,us-east-2,x8i,x86(Intel),Intel Xeon 6 6975P-C,2,32,0.21883,5.2519,36.763,159.75
aws,us-east-2,x8i,x86(Intel),Intel Xeon 6 6975P-C,4,64,0.43766,10.5038,73.527,319.49
aws,us-east-2,x8i,x86(Intel),Intel Xeon 6 6975P-C,8,128,0.87532,21.0077,147.054,638.98
aws,us-east-2,x8i,x86(Intel),Intel Xeon 6 6975P-C,16,256,1.75064,42.0154,294.108,1277.97
aws,us-east-2,x8i,x86(Intel),Intel Xeon 6 6975P-C,32,512,3.50128,84.0307,588.215,2555.93
aws,us-east-2,x8i,x86(Intel),Intel Xeon 6 6975P-C,48,768,5.25192,126.0461,882.323,3833.9
aws,us-east-2,x8i,x86(Intel),Intel Xeon 6 6975P-C,64,1024,7.00256,168.0614,1176.43,5111.87
aws,us-east-2,x8i,x86(Intel),Intel Xeon 6 6975P-C,96,1536,10.50384,252.0922,1764.645,7667.8
aws,us-east-2,x8i,x86(Intel),Intel Xeon 6 6975P-C,128,2048,14.00512,336.1229,2352.86,10223.74
aws,us-east-2,x8i,x86(Intel),Intel Xeon 6 6975P-C,192,3072,21.00768,504.1843,3529.29,15335.61
aws,us-east-2,x8i,x86(Intel),Intel Xeon 6 6975P-C,256,4096,28.01024,672.2458,4705.72,20447.48
aws,us-east-2,x8i,x86(Intel),Intel Xeon 6 6975P-C,384,6144,48.74438,1169.8651,8189.056,35583.4
aws,us-west-1,c6a,x86(AMD),AMD EPYC 7R13,2,4,0.0954,2.2896,16.027,69.64
aws,us-west-1,c6a,x86(AMD),AMD EPYC 7R13,4,8,0.1908,4.5792,32.054,139.28
aws,us-west-1,c6a,x86(AMD),AMD EPYC 7R13,8,16,0.3816,9.1584,64.109,278.57
aws,us-west-1,c6a,x86(AMD),AMD EPYC 7R13,16,32,0.7632,18.3168,128.218,557.14
aws,us-west-1,c6a,x86(AMD),AMD EPYC 7R13,32,64,1.5264,36.6336,256.435,1114.27
aws,us-west-1,c6a,x86(AMD),AMD EPYC 7R13,48,96,2.2896,54.9504,384.653,1671.41
aws,us-west-1,c6a,x86(AMD),AMD EPYC 7R13,64,128,3.0528,73.2672,512.87,2228.54
aws,us-west-1,c6a,x86(AMD),AMD EPYC 7R13,96,192,4.5792,109.9008,769.306,3342.82
aws,us-west-1,c6a,x86(AMD),AMD EPYC 7R13,128,256,6.1056,146.5344,1025.741,4457.09
aws,us-west-1,c6a,x86(AMD),AMD EPYC 7R13,192,384,9.1584,219.8016,1538.611,6685.63
aws,us-west-1,c6g,ARM,AWS Graviton2,1,2,0.0424,1.0176,7.123,30.95
aws,us-west-1,c6g,ARM,AWS Graviton2,2,4,0.0848,2.0352,14.246,61.9
aws,us-west-1,c6g,ARM,AWS Graviton2,4,8,0.1696,4.0704,28.493,123.81
aws,us-west-1,c6g,ARM,AWS Graviton2,8,16,0.3392,8.1408,56.986,247.62
aws,us-west-1,c6g,ARM,AWS Graviton2,16,32,0.6784,16.2816,113.971,495.23
aws,us-west-1,c6g,ARM,AWS Graviton2,32,64,1.3568,32.5632,227.942,990.46
aws,us-west-1,c6g,ARM,AWS Graviton2,48,96,2.0352,48.8448,341.914,1485.7
aws,us-west-1,c6g,ARM,AWS Graviton2,64,128,2.7136,65.1264,455.885,1980.93
aws,us-west-1,c6i,x86(Intel),Intel Xeon Platinum 8375C,2,4,0.106,2.544,17.808,77.38
aws,us-west-1,c6i,x86(Intel),Intel Xeon Platinum 8375C,4,8,0.212,5.088,35.616,154.76
aws,us-west-1,c6i,x86(Intel),Intel Xeon Platinum 8375C,8,16,0.424,10.176,71.232,309.52
aws,us-west-1,c6i,x86(Intel),Intel Xeon Platinum 8375C,16,32,0.848,20.352,142.464,619.04
aws,us-west-1,c6i,x86(Intel),Intel Xeon Platinum 8375C,32,64,1.696,40.704,284.928,1238.08
aws,us-west-1,c6i,x86(Intel),Intel Xeon Platinum 8375C,48,96,2.544,61.056,427.392,1857.12
aws,us-west-1,c6i,x86(Intel),Intel Xeon Platinum 8375C,64,128,3.392,81.408,569.856,2476.16
aws,us-west-1,c6i,x86(Intel),Intel Xeon Platinum 8375C,96,192,5.088,122.112,854.784,3714.24
aws,us-west-1,c6i,x86(Intel),Intel Xeon Platinum 8375C,128,256,6.784,162.816,1139.712,4952.32
aws,us-west-1,c7g,ARM,AWS Graviton3,1,2,0.0451,1.0824,7.577,32.92
aws,us-west-1,c7g,ARM,AWS Graviton3,2,4,0.0901,2.1624,15.137,65.77
aws,us-west-1,c7g,ARM,AWS Graviton3,4,8,0.1802,4.3248,30.274,131.55
aws,us-west-1,c7g,ARM,AWS Graviton3,8,16,0.3604,8.6496,60.547,263.09
aws,us-west-1,c7g,ARM,AWS Graviton3,16,32,0.7208,17.2992,121.094,526.18
aws,us-west-1,c7g,ARM,AWS Graviton3,32,64,1.4416,34.5984,242.189,1052.37
aws,us-west-1,c7g,ARM,AWS Graviton3,48,96,2.1624,51.8976,363.283,1578.55
aws,us-west-1,c7g,ARM,AWS Graviton3,64,128,2.8832,69.1968,484.378,2104.74
aws,us-west-1,c7i,x86(Intel),Intel Xeon Platinum 8488C,2,4,0.1113,2.6712,18.698,81.25
aws,us-west-1,c7i,x86(Intel),Intel Xeon Platinum 8488C,4,8,0.2226,5.3424,37.397,162.5
aws,us-west-1,c7i,x86(Intel),Intel Xeon Platinum 8488C,8,16,0.4452,10.6848,74.794,325.0
aws,us-west-1,c7i,x86(Intel),Intel Xeon Platinum 8488C,16,32,0.8904,21.3696,149.587,649.99
aws,us-west-1,c7i,x86(Intel),Intel Xeon Platinum 8488C,32,64,1.7808,42.7392,299.174,1299.98
aws,us-west-1,c7i,x86(Intel),Intel Xeon Platinum 8488C,48,96,2.6712,64.1088,448.762,1949.98
aws,us-west-1,c7i,x86(Intel),Intel Xeon Platinum 8488C,64,128,3.5616,85.4784,598.349,2599.97
aws,us-west-1,c7i,x86(Intel),Intel Xeon Platinum 8488C,96,192,5.3424,128.2176,897.523,3899.95
aws,us-west-1,c7i,x86(Intel),Intel Xeon Platinum 8488C,192,384,10.6848,256.4352,1795.046,7799.9
aws,us-west-1,c8g,ARM,AWS Graviton4,1,2,0.04956,1.1894,8.326,36.18
aws,us-west-1,c8g,ARM,AWS Graviton4,2,4,0.09912,2.3789,16.652,72.36
aws,us-west-1,c8g,ARM,AWS Graviton4,4,8,0.19824,4.7578,33.304,144.72
aws,us-west-1,c8g,ARM,AWS Graviton4,8,16,0.39648,9.5155,66.609,289.43
aws,us-west-1,c8g,ARM,AWS Graviton4,16,32,0.79296,19.031,133.217,578.86
aws,us-west-1,c8g,ARM,AWS Graviton4,32,64,1.58592,38.0621,266.435,1157.72
aws,us-west-1,c8g,ARM,AWS Graviton4,48,96,2.37888,57.0931,399.652,1736.58
aws,us-west-1,c8g,ARM,AWS Graviton4,64,128,3.17184,76.1242,532.869,2315.44
aws,us-west-1,c8g,ARM,AWS Graviton4,96,192,4.75776,114.1862,799.304,3473.16
aws,us-west-1,c8g,ARM,AWS Graviton4,192,384,9.51552,228.3725,1598.607,6946.33
aws,us-west-1,c8i,x86(Intel),Intel Xeon 6 6975P-C,2,4,0.11686,2.8046,19.632,85.31
aws,us-west-1,c8i,x86(Intel),Intel Xeon 6 6975P-C,4,8,0.23372,5.6093,39.265,170.62
aws,us-west-1,c8i,x86(Intel),Intel Xeon 6 6975P-C,8,16,0.46744,11.2186,78.53,341.23
aws,us-west-1,c8i,x86(Intel),Intel Xeon 6 6975P-C,16,32,0.93488,22.4371,157.06,682.46
aws,us-west-1,c8i,x86(Intel),Intel Xeon 6 6975P-C,32,64,1.86976,44.8742,314.12,1364.92
aws,us-west-1,c8i,x86(Intel),Intel Xeon 6 6975P-C,48,96,2.80464,67.3114,471.18,2047.39
aws,us-west-1,c8i,x86(Intel),Intel Xeon 6 6975P-C,64,128,3.73952,89.7485,628.239,2729.85
aws,us-west-1,c8i,x86(Intel),Intel Xeon 6 6975P-C,96,192,5.60928,134.6227,942.359,4094.77
aws,us-west-1,c8i,x86(Intel),Intel Xeon 6 6975P-C,128,256,7.47904,179.497,1256.479,5459.7
aws,us-west-1,c8i,x86(Intel),Intel Xeon 6 6975P-C,192,384,11.21856,269.2454,1884.718,8189.55
aws,us-west-1,c8i,x86(Intel),Intel Xeon 6 6975P-C,384,768,22.43712,538.4909,3769.436,16379.1
aws,us-west-1,m6a,x86(AMD),AMD EPYC 7R13,2,8,0.1008,2.4192,16.934,73.58
aws,us-west-1,m6a,x86(AMD),AMD EPYC 7R13,4,16,0.2016,4.8384,33.869,147.17
aws,us-west-1,m6a,x86(AMD),AMD EPYC 7R13,8,32,0.4032,9.6768,67.738,294.34
aws,us-west-1,m6a,x86(AMD),AMD EPYC 7R13,16,64,0.8064,19.3536,135.475,588.67
aws,us-west-1,m6a,x86(AMD),AMD EPYC 7R13,32,128,1.6128,38.7072,270.95,1177.34
aws,us-west-1,m6a,x86(AMD),AMD EPYC 7R13,48,192,2.4192,58.0608,406.426,1766.02
aws,us-west-1,m6a,x86(AMD),AMD EPYC 7R13,64,256,3.2256,77.4144,541.901,2354.69
aws,us-west-1,m6a,x86(AMD),AMD EPYC 7R13,96,384,4.8384,116.1216,812.851,3532.03
aws,us-west-1,m6a,x86(AMD),AMD EPYC 7R13,128,512,6.4512,154.8288,1083.802,4709.38
aws,us-west-1,m6a,x86(AMD),AMD EPYC 7R13,192,768,9.6768,232.2432,1625.702,7064.06
aws,us-west-1,m6g,ARM,AWS Graviton2,1,4,0.0448,1.0752,7.526,32.7
aws,us-west-1,m6g,ARM,AWS Graviton2,2,8,0.0896,2.1504,15.053,65.41
aws,us-west-1,m6g,ARM,AWS Graviton2,4,16,0.1792,4.3008,30.106,130.82
aws,us-west-1,m6g,ARM,AWS Graviton2,8,32,0.3584,8.6016,60.211,261.63
aws,us-west-1,m6g,ARM,AWS Graviton2,16,64,0.7168,17.2032,120.422,523.26
aws,us-west-1,m6g,ARM,AWS Graviton2,32,128,1.4336,34.4064,240.845,1046.53
aws,us-west-1,m6g,ARM,AWS Graviton2,48,192,2.1504,51.6096,361.267,1569.79
aws,us-west-1,m6g,ARM,AWS Graviton2,64,256,2.8672,68.8128,481.69,2093.06
aws,us-west-1,m6i,x86(Intel),Intel Xeon Platinum 8375C,2,8,0.112,2.688,18.816,81.76
aws,us-west-1,m6i,x86(Intel),Intel Xeon Platinum 8375C,4,16,0.224,5.376,37.632,163.52
aws,us-west-1,m6i,x86(Intel),Intel Xeon Platinum 8375C,8,32,0.448,10.752,75.264,327.04
aws,us-west-1,m6i,x86(Intel),Intel Xeon Platinum 8375C,16,64,0.896,21.504,150.528,654.08
aws,us-west-1,m6i,x86(Intel),Intel Xeon Platinum 8375C,32,128,1.792,43.008,301.056,1308.16
aws,us-west-1,m6i,x86(Intel),Intel Xeon Platinum 8375C,48,192,2.688,64.512,451.584,1962.24
aws,us-west-1,m6i,x86(Intel),Intel Xeon Platinum 8375C,64,256,3.584,86.016,602.112,2616.32
aws,us-west-1,m6i,x86(Intel),Intel Xeon Platinum 8375C,96,384,5.376,129.024,903.168,3924.48
aws,us-west-1,m6i,x86(Intel),Intel Xeon Platinum 8375C,128,512,7.168,172.032,1204.224,5232.64
aws,us-west-1,m7g,ARM,AWS Graviton3,1,4,0.0476,1.1424,7.997,34.75
aws,us-west-1,m7g,ARM,AWS Graviton3,2,8,0.0952,2.2848,15.994,69.5
aws,us-west-1,m7g,ARM,AWS Graviton3,4,16,0.1904,4.5696,31.987,138.99
aws,us-west-1,m7g,ARM,AWS Graviton3,8,32,0.3808,9.1392,63.974,277.98
aws,us-west-1,m7g,ARM,AWS Graviton3,16,64,0.7616,18.2784,127.949,555.97
aws,us-west-1,m7g,ARM,AWS Graviton3,32,128,1.5232,36.5568,255.898,1111.94
aws,us-west-1,m7g,ARM,AWS Graviton3,48,192,2.2848,54.8352,383.846,1667.9
aws,us-west-1,m7g,ARM,AWS Graviton3,64,256,3.0464,73.1136,511.795,2223.87
aws,us-west-1,m7i,x86(Intel),Intel Xeon Platinum 8488C,2,8,0.1176,2.8224,19.757,85.85
aws,us-west-1,m7i,x86(Intel),Intel Xeon Platinum 8488C,4,16,0.2352,5.6448,39.514,171.7
aws,us-west-1,m7i,x86(Intel),Intel Xeon Platinum 8488C,8,32,0.4704,11.2896,79.027,343.39
aws,us-west-1,m7i,x86(Intel),Intel Xeon Platinum 8488C,16,64,0.9408,22.5792,158.054,686.78
aws,us-west-1,m7i,x86(Intel),Intel Xeon Platinum 8488C,32,128,1.8816,45.1584,316.109,1373.57
aws,us-west-1,m7i,x86(Intel),Intel Xeon Platinum 8488C,48,192,2.8224,67.7376,474.163,2060.35
aws,us-west-1,m7i,x86(Intel),Intel Xeon Platinum 8488C,64,256,3.7632,90.3168,632.218,2747.14
aws,us-west-1,m7i,x86(Intel),Intel Xeon Platinum 8488C,96,384,5.6448,135.4752,948.326,4120.7
aws,us-west-1,m7i,x86(Intel),Intel Xeon Platinum 8488C,192,768,11.2896,270.9504,1896.653,8241.41
aws,us-west-1,m8g,ARM,AWS Graviton4,1,4,0.05236,1.2566,8.796,38.22
aws,us-west-1,m8g,ARM,AWS Graviton4,2,8,0.10472,2.5133,17.593,76.45
aws,us-west-1,m8g,ARM,AWS Graviton4,4,16,0.20944,5.0266,35.186,152.89
aws,us-west-1,m8g,ARM,AWS Graviton4,8,32,0.41888,10.0531,70.372,305.78
aws,us-west-1,m8g,ARM,AWS Graviton4,16,64,0.83776,20.1062,140.744,611.56
aws,us-west-1,m8g,ARM,AWS Graviton4,32,128,1.67552,40.2125,281.487,1223.13
aws,us-west-1,m8g,ARM,AWS Graviton4,48,192,2.51328,60.3187,422.231,1834.69
aws,us-west-1,m8g,ARM,AWS Graviton4,64,256,3.35104,80.425,562.975,2446.26
aws,us-west-1,m8g,ARM,AWS Graviton4,96,384,5.02656,120.6374,844.462,3669.39
aws,us-west-1,m8g,ARM,AWS Graviton4,192,768,10.05312,241.2749,1688.924,7338.78
aws,us-west-1,m8i,x86(Intel),Intel Xeon 6 6975P-C,2,8,0.12348,2.9635,20.745,90.14
aws,us-west-1,m8i,x86(Intel),Intel Xeon 6 6975P-C,4,16,0.24696,5.927,41.489,180.28
aws,us-west-1,m8i,x86(Intel),Intel Xeon 6 6975P-C,8,32,0.49392,11.8541,82.979,360.56
aws,us-west-1,m8i,x86(Intel),Intel Xeon 6 6975P-C,16,64,0.98784,23.7082,165.957,721.12
aws,us-west-1,m8i,x86(Intel),Intel Xeon 6 6975P-C,32,128,1.97568,47.4163,331.914,1442.25
aws,us-west-1,m8i,x86(Intel),Intel Xeon 6 6975P-C,48,192,2.96352,71.1245,497.871,2163.37
aws,us-west-1,m8i,x86(Intel),Intel Xeon 6 6975P-C,64,256,3.95136,94.8326,663.828,2884.49
aws,us-west-1,m8i,x86(Intel),Intel Xeon 6 6975P-C,96,384,5.92704,142.249,995.743,4326.74
aws,us-west-1,m8i,x86(Intel),Intel Xeon 6 6975P-C,128,512,7.90272,189.6653,1327.657,5768.99
aws,us-west-1,m8i,x86(Intel),Intel Xeon 6 6975P-C,192,768,11.85408,284.4979,1991.485,8653.48
aws,us-west-1,m8i,x86(Intel),Intel Xeon 6 6975P-C,384,1536,23.70816,568.9958,3982.971,17306.96
aws,us-west-1,r6a,x86(AMD),AMD EPYC 7R13,2,16,0.126,3.024,21.168,91.98
aws,us-west-1,r6a,x86(AMD),AMD EPYC 7R13,4,32,0.252,6.048,42.336,183.96
aws,us-west-1,r6a,x86(AMD),AMD EPYC 7R13,8,64,0.504,12.096,84.672,367.92
aws,us-west-1,r6a,x86(AMD),AMD EPYC 7R13,16,128,1.008,24.192,169.344,735.84
aws,us-west-1,r6a,x86(AMD),AMD EPYC 7R13,32,256,2.016,48.384,338.688,1471.68
aws,us-west-1,r6a,x86(AMD),AMD EPYC 7R13,48,384,3.024,72.576,508.032,2207.52
aws,us-west-1,r6a,x86(AMD),AMD EPYC 7R13,64,512,4.032,96.768,677.376,2943.36
aws,us-west-1,r6a,x86(AMD),AMD EPYC 7R13,96,768,6.048,145.152,1016.064,4415.04
aws,us-west-1,r6a,x86(AMD),AMD EPYC 7R13,128,1024,8.064,193.536,1354.752,5886.72
aws,us-west-1,r6a,x86(AMD),AMD EPYC 7R13,192,1536,12.096,290.304,2032.128,8830.08
aws,us-west-1,r6g,ARM,AWS Graviton2,1,8,0.056,1.344,9.408,40.88
aws,us-west-1,r6g,ARM,AWS Graviton2,2,16,0.112,2.688,18.816,81.76
aws,us-west-1,r6g,ARM,AWS Graviton2,4,32,0.224,5.376,37.632,163.52
aws,us-west-1,r6g,ARM,AWS Graviton2,8,64,0.448,10.752,75.264,327.04
aws,us-west-1,r6g,ARM,AWS Graviton2,16,128,0.896,21.504,150.528,654.08
aws,us-west-1,r6g,ARM,AWS Graviton2,32,256,1.792,43.008,301.056,1308.16
aws,us-west-1,r6g,ARM,AWS Graviton2,48,384,2.688,64.512,451.584,1962.24
aws,us-west-1,r6g,ARM,AWS Graviton2,64,512,3.584,86.016,602.112,2616.32
aws,us-west-1,r6i,x86(Intel),Intel Xeon Platinum 8375C,2,16,0.14,3.36,23.52,102.2
aws,us-west-1,r6i,x86(Intel),Intel Xeon Platinum 8375C,4,32,0.28,6.72,47.04,204.4
aws,us-west-1,r6i,x86(Intel),Intel Xeon Platinum 8375C,8,64,0.56,13.44,94.08,408.8
aws,us-west-1,r6i,x86(Intel),Intel Xeon Platinum 8375C,16,128,1.12,26.88,188.16,817.6
aws,us-west-1,r6i,x86(Intel),Intel Xeon Platinum 8375C,32,256,2.24,53.76,376.32,1635.2
aws,us-west-1,r6i,x86(Intel),Intel Xeon Platinum 8375C,48,384,3.36,80.64,564.48,2452.8
aws,us-west-1,r6i,x86(Intel),Intel Xeon Platinum 8375C,64,512,4.48,107.52,752.64,3270.4
aws,us-west-1,r6i,x86(Intel),Intel Xeon Platinum 8375C,96,768,6.72,161.28,1128.96,4905.6
aws,us-west-1,r6i,x86(Intel),Intel Xeon Platinum 8375C,128,1024,8.96,215.04,1505.28,6540.8
aws,us-west-1,r7g,ARM,AWS Graviton3,1,8,0.0595,1.428,9.996,43.43
aws,us-west-1,r7g,ARM,AWS Graviton3,2,16,0.119,2.856,19.992,86.87
aws,us-west-1,r7g,ARM,AWS Graviton3,4,32,0.238,5.712,39.984,173.74
aws,us-west-1,r7g,ARM,AWS Graviton3,8,64,0.476,11.424,79.968,347.48
aws,us-west-1,r7g,ARM,AWS Graviton3,16,128,0.952,22.848,159.936,694.96
aws,us-west-1,r7g,ARM,AWS Graviton3,32,256,1.904,45.696,319.872,1389.92
aws,us-west-1,r7g,ARM,AWS Graviton3,48,384,2.856,68.544,479.808,2084.88
aws,us-west-1,r7g,ARM,AWS Graviton3,64,512,3.808,91.392,639.744,2779.84
aws,us-west-1,r7i,x86(Intel),Intel Xeon Platinum 8488C,2,16,0.147,3.528,24.696,107.31
aws,us-west-1,r7i,x86(Intel),Intel Xeon Platinum 8488C,4,32,0.294,7.056,49.392,214.62
aws,us-west-1,r7i,x86(Intel),Intel Xeon Platinum 8488C,8,64,0.588,14.112,98.784,429.24
aws,us-west-1,r7i,x86(Intel),Intel Xeon Platinum 8488C,16,128,1.176,28.224,197.568,858.48
aws,us-west-1,r7i,x86(Intel),Intel Xeon Platinum 8488C,32,256,2.352,56.448,395.136,1716.96
aws,us-west-1,r7i,x86(Intel),Intel Xeon Platinum 8488C,48,384,3.528,84.672,592.704,2575.44
aws,us-west-1,r7i,x86(Intel),Intel Xeon Platinum 8488C,64,512,4.704,112.896,790.272,3433.92
aws,us-west-1,r7i,x86(Intel),Intel Xeon Platinum 8488C,96,768,7.056,169.344,1185.408,5150.88
aws,us-west-1,r7i,x86(Intel),Intel Xeon Platinum 8488C,192,1536,14.112,338.688,2370.816,10301.76
aws,us-west-1,r8g,ARM,AWS Graviton4,1,8,0.06545,1.5708,10.996,47.78
aws,us-west-1,r8g,ARM,AWS Graviton4,2,16,0.1309,3.1416,21.991,95.56
aws,us-west-1,r8g,ARM,AWS Graviton4,4,32,0.2618,6.2832,43.982,191.11
aws,us-west-1,r8g,ARM,AWS Graviton4,8,64,0.5236,12.5664,87.965,382.23
aws,us-west-1,r8g,ARM,AWS Graviton4,16,128,1.0472,25.1328,175.93,764.46
aws,us-west-1,r8g,ARM,AWS Graviton4,32,256,2.0944,50.2656,351.859,1528.91
aws,us-west-1,r8g,ARM,AWS Graviton4,48,384,3.1416,75.3984,527.789,2293.37
aws,us-west-1,r8g,ARM,AWS Graviton4,64,512,4.1888,100.5312,703.718,3057.82
aws,us-west-1,r8g,ARM,AWS Graviton4,96,768,6.2832,150.7968,1055.578,4586.74
aws,us-west-1,r8g,ARM,AWS Graviton4,192,1536,12.5664,301.5936,2111.155,9173.47
aws,us-west-1,r8i,x86(Intel),Intel Xeon 6 6985P-C,2,16,0.15435,3.7044,25.931,112.68
aws,us-west-1,r8i,x86(Intel),Intel Xeon 6 6985P-C,4,32,0.3087,7.4088,51.862,225.35
aws,us-west-1,r8i,x86(Intel),Intel Xeon 6 6985P-C,8,64,0.6174,14.8176,103.723,450.7
aws,us-west-1,r8i,x86(Intel),Intel Xeon 6 6985P-C,16,128,1.2348,29.6352,207.446,901.4
aws,us-west-1,r8i,x86(Intel),Intel Xeon 6 6985P-C,32,256,2.4696,59.2704,414.893,1802.81
aws,us-west-1,r8i,x86(Intel),Intel Xeon 6 6985P-C,48,384,3.7044,88.9056,622.339,2704.21
aws,us-west-1,r8i,x86(Intel),Intel Xeon 6 6985P-C,64,512,4.9392,118.5408,829.786,3605.62
aws,us-west-1,r8i,x86(Intel),Intel Xeon 6 6985P-C,96,768,7.4088,177.8112,1244.678,5408.42
aws,us-west-1,r8i,x86(Intel),Intel Xeon 6 6985P-C,128,1024,9.8784,237.0816,1659.571,7211.23
aws,us-west-1,r8i,x86(Intel),Intel Xeon 6 6985P-C,192,1536,14.8176,355.6224,2489.357,10816.85
aws,us-west-1,r8i,x86(Intel),Intel Xeon 6 6985P-C,384,3072,29.6352,711.2448,4978.714,21633.7
aws,us-west-2,c6a,x86(AMD),AMD EPYC 7R13,2,4,0.0765,1.836,12.852,55.84
aws,us-west-2,c6a,x86(AMD),AMD EPYC 7R13,4,8,0.153,3.672,25.704,111.69
aws,us-west-2,c6a,x86(AMD),AMD EPYC 7R13,8,16,0.306,7.344,51.408,223.38
aws,us-west-2,c6a,x86(AMD),AMD EPYC 7R13,16,32,0.612,14.688,102.816,446.76
aws,us-west-2,c6a,x86(AMD),AMD EPYC 7R13,32,64,1.224,29.376,205.632,893.52
aws,us-west-2,c6a,x86(AMD),AMD EPYC 7R13,48,96,1.836,44.064,308.448,1340.28
aws,us-west-2,c6a,x86(AMD),AMD EPYC 7R13,64,128,2.448,58.752,411.264,1787.04
aws,us-west-2,c6a,x86(AMD),AMD EPYC 7R13,96,192,3.672,88.128,616.896,2680.56
aws,us-west-2,c6a,x86(AMD),AMD EPYC 7R13,128,256,4.896,117.504,822.528,3574.08
aws,us-west-2,c6a,x86(AMD),AMD EPYC 7R13,192,384,7.344,176.256,1233.792,5361.12
aws,us-west-2,c6g,ARM,AWS Graviton2,1,2,0.034,0.816,5.712,24.82
aws,us-west-2,c6g,ARM,AWS Graviton2,2,4,0.068,1.632,11.424,49.64
aws,us-west-2,c6g,ARM,AWS Graviton2,4,8,0.136,3.264,22.848,99.28
aws,us-west-2,c6g,ARM,AWS Graviton2,8,16,0.272,6.528,45.696,198.56
aws,us-west-2,c6g,ARM,AWS Graviton2,16,32,0.544,13.056,91.392,397.12
aws,us-west-2,c6g,ARM,AWS Graviton2,32,64,1.088,26.112,182.784,794.24
aws,us-west-2,c6g,ARM,AWS Graviton2,48,96,1.632,39.168,274.176,1191.36
aws,us-west-2,c6g,ARM,AWS Graviton2,64,128,2.176,52.224,365.568,1588.48
aws,us-west-2,c6i,x86(Intel),Intel Xeon Platinum 8375C,2,4,0.085,2.04,14.28,62.05
aws,us-west-2,c6i,x86(Intel),Intel Xeon Platinum 8375C,4,8,0.17,4.08,28.56,124.1
aws,us-west-2,c6i,x86(Intel),Intel Xeon Platinum 8375C,8,16,0.34,8.16,57.12,248.2
aws,us-west-2,c6i,x86(Intel),Intel Xeon Platinum 8375C,16,32,0.68,16.32,114.24,496.4
aws,us-west-2,c6i,x86(Intel),Intel Xeon Platinum 8375C,32,64,1.36,32.64,228.48,992.8
aws,us-west-2,c6i,x86(Intel),Intel Xeon Platinum 8375C,48,96,2.04,48.96,342.72,1489.2
aws,us-west-2,c6i,x86(Intel),Intel Xeon Platinum 8375C,64,128,2.72,65.28,456.96,1985.6
aws,us-west-2,c6i,x86(Intel),Intel Xeon Platinum 8375C,96,192,4.08,97.92,685.44,2978.4
aws,us-west-2,c6i,x86(Intel),Intel Xeon Platinum 8375C,128,256,5.44,130.56,913.92,3971.2
aws,us-west-2,c7a,x86(AMD),AMD EPYC 9R14,1,2,0.05132,1.2317,8.622,37.46
aws,us-west-2,c7a,x86(AMD),AMD EPYC 9R14,2,4,0.10264,2.4634,17.244,74.93
aws,us-west-2,c7a,x86(AMD),AMD EPYC 9R14,4,8,0.20528,4.9267,34.487,149.85
aws,us-west-2,c7a,x86(AMD),AMD EPYC 9R14,8,16,0.41056,9.8534,68.974,299.71
aws,us-west-2,c7a,x86(AMD),AMD EPYC 9R14,16,32,0.82112,19.7069,137.948,599.42
aws,us-west-2,c7a,x86(AMD),AMD EPYC 9R14,32,64,1.64224,39.4138,275.896,1198.84
aws,us-west-2,c7a,x86(AMD),AMD EPYC 9R14,48,96,2.46336,59.1206,413.844,1798.25
aws,us-west-2,c7a,x86(AMD),AMD EPYC 9R14,64,128,3.28448,78.8275,551.793,2397.67
aws,us-west-2,c7a,x86(AMD),AMD EPYC 9R14,96,192,4.92672,118.2413,827.689,3596.51
aws,us-west-2,c7a,x86(AMD),AMD EPYC 9R14,128,256,6.56896,157.655,1103.585,4795.34
aws,us-west-2,c7a,x86(AMD),AMD EPYC 9R14,192,384,9.85344,236.4826,1655.378,7193.01
aws,us-west-2,c7g,ARM,AWS Graviton3,1,2,0.0363,0.8712,6.098,26.5
aws,us-west-2,c7g,ARM,AWS Graviton3,2,4,0.0725,1.74,12.18,52.92
aws,us-west-2,c7g,ARM,AWS Graviton3,4,8,0.145,3.48,24.36,105.85
aws,us-west-2,c7g,ARM,AWS Graviton3,8,16,0.29,6.96,48.72,211.7
aws,us-west-2,c7g,ARM,AWS Graviton3,16,32,0.58,13.92,97.44,423.4
aws,us-west-2,c7g,ARM,AWS Graviton3,32,64,1.16,27.84,194.88,846.8
aws,us-west-2,c7g,ARM,AWS Graviton3,48,96,1.74,41.76,292.32,1270.2
aws,us-west-2,c7g,ARM,AWS Graviton3,64,128,2.32,55.68,389.76,1693.6
aws,us-west-2,c7i,x86(Intel),Intel Xeon Platinum 8488C,2,4,0.08925,2.142,14.994,65.15
aws,us-west-2,c7i,x86(Intel),Intel Xeon Platinum 8488C,4,8,0.1785,4.284,29.988,130.3
aws,us-west-2,c7i,x86(Intel),Intel Xeon Platinum 8488C,8,16,0.357,8.568,59.976,260.61
aws,us-west-2,c7i,x86(Intel),Intel Xeon Platinum 8488C,16,32,0.714,17.136,119.952,521.22
aws,us-west-2,c7i,x86(Intel),Intel Xeon Platinum 8488C,32,64,1.428,34.272,239.904,1042.44
aws,us-west-2,c7i,x86(Intel),Intel Xeon Platinum 8488C,48,96,2.142,51.408,359.856,1563.66
aws,us-west-2,c7i,x86(Intel),Intel Xeon Platinum 8488C,64,128,2.856,68.544,479.808,2084.88
aws,us-west-2,c7i,x86(Intel),Intel Xeon Platinum 8488C,96,192,4.284,102.816,719.712,3127.32
aws,us-west-2,c7i,x86(Intel),Intel Xeon Platinum 8488C,192,384,8.568,205.632,1439.424,6254.64
aws,us-west-2,c8a,x86(AMD),AMD EPYC 9R45,1,2,0.05389,1.2934,9.054,39.34
aws,us-west-2,c8a,x86(AMD),AMD EPYC 9R45,2,4,0.10777,2.5865,18.105,78.67
aws,us-west-2,c8a,x86(AMD),AMD EPYC 9R45,4,8,0.21554,5.173,36.211,157.34
aws,us-west-2,c8a,x86(AMD),AMD EPYC 9R45,8,16,0.43108,10.3459,72.421,314.69
aws,us-west-2,c8a,x86(AMD),AMD EPYC 9R45,16,32,0.86216,20.6918,144.843,629.38
aws,us-west-2,c8a,x86(AMD),AMD EPYC 9R45,32,64,1.72432,41.3837,289.686,1258.75
aws,us-west-2,c8a,x86(AMD),AMD EPYC 9R45,48,96,2.58648,62.0755,434.529,1888.13
aws,us-west-2,c8a,x86(AMD),AMD EPYC 9R45,64,128,3.44864,82.7674,579.372,2517.51
aws,us-west-2,c8a,x86(AMD),AMD EPYC 9R45,96,192,5.17296,124.151,869.057,3776.26
aws,us-west-2,c8a,x86(AMD),AMD EPYC 9R45,192,384,10.34592,248.3021,1738.115,7552.52
aws,us-west-2,c8g,ARM,AWS Graviton4,1,2,0.03988,0.9571,6.7,29.11
aws,us-west-2,c8g,ARM,AWS Graviton4,2,4,0.07976,1.9142,13.4,58.22
aws,us-west-2,c8g,ARM,AWS Graviton4,4,8,0.15952,3.8285,26.799,116.45
aws,us-west-2,c8g,ARM,AWS Graviton4,8,16,0.31904,7.657,53.599,232.9
aws,us-west-2,c8g,ARM,AWS Graviton4,16,32,0.63808,15.3139,107.197,465.8
aws,us-west-2,c8g,ARM,AWS Graviton4,32,64,1.27616,30.6278,214.395,931.6
aws,us-west-2,c8g,ARM,AWS Graviton4,48,96,1.91424,45.9418,321.592,1397.4
aws,us-west-2,c8g,ARM,AWS Graviton4,64,128,2.55232,61.2557,428.79,1863.19
aws,us-west-2,c8g,ARM,AWS Graviton4,96,192,3.82848,91.8835,643.185,2794.79
aws,us-west-2,c8g,ARM,AWS Graviton4,192,384,7.65696,183.767,1286.369,5589.58
aws,us-west-2,c8i,x86(Intel),Intel Xeon 6 6975P-C,2,4,0.09371,2.249,15.743,68.41
aws,us-west-2,c8i,x86(Intel),Intel Xeon 6 6975P-C,4,8,0.18742,4.4981,31.487,136.82
aws,us-west-2,c8i,x86(Intel),Intel Xeon 6 6975P-C,8,16,0.37484,8.9962,62.973,273.63
aws,us-west-2,c8i,x86(Intel),Intel Xeon 6 6975P-C,16,32,0.74968,17.9923,125.946,547.27
aws,us-west-2,c8i,x86(Intel),Intel Xeon 6 6975P-C,32,64,1.49936,35.9846,251.892,1094.53
aws,us-west-2,c8i,x86(Intel),Intel Xeon 6 6975P-C,48,96,2.24904,53.977,377.839,1641.8
aws,us-west-2,c8i,x86(Intel),Intel Xeon 6 6975P-C,64,128,2.99872,71.9693,503.785,2189.07
aws,us-west-2,c8i,x86(Intel),Intel Xeon 6 6975P-C,96,192,4.49808,107.9539,755.677,3283.6
aws,us-west-2,c8i,x86(Intel),Intel Xeon 6 6975P-C,128,256,5.99744,143.9386,1007.57,4378.13
aws,us-west-2,c8i,x86(Intel),Intel Xeon 6 6975P-C,192,384,8.99616,215.9078,1511.355,6567.2
aws,us-west-2,c8i,x86(Intel),Intel Xeon 6 6975P-C,384,768,17.99232,431.8157,3022.71,13134.39
aws,us-west-2,c9g,ARM,AWS Graviton5,1,2,0.04347,1.0433,7.303,31.73
aws,us-west-2,c9g,ARM,AWS Graviton5,2,4,0.08694,2.0866,14.606,63.47
aws,us-west-2,c9g,ARM,AWS Graviton5,4,8,0.17388,4.1731,29.212,126.93
aws,us-west-2,c9g,ARM,AWS Graviton5,8,16,0.34776,8.3462,58.424,253.86
aws,us-west-2,c9g,ARM,AWS Graviton5,16,32,0.69552,16.6925,116.847,507.73
aws,us-west-2,c9g,ARM,AWS Graviton5,32,64,1.39104,33.385,233.695,1015.46
aws,us-west-2,c9g,ARM,AWS Graviton5,48,96,2.08656,50.0774,350.542,1523.19
aws,us-west-2,c9g,ARM,AWS Graviton5,64,128,2.78208,66.7699,467.389,2030.92
aws,us-west-2,c9g,ARM,AWS Graviton5,96,192,4.17312,100.1549,701.084,3046.38
aws,us-west-2,c9g,ARM,AWS Graviton5,192,384,8.34624,200.3098,1402.168,6092.76
aws,us-west-2,m6a,x86(AMD),AMD EPYC 7R13,2,8,0.0864,2.0736,14.515,63.07
aws,us-west-2,m6a,x86(AMD),AMD EPYC 7R13,4,16,0.1728,4.1472,29.03,126.14
aws,us-west-2,m6a,x86(AMD),AMD EPYC 7R13,8,32,0.3456,8.2944,58.061,252.29
aws,us-west-2,m6a,x86(AMD),AMD EPYC 7R13,16,64,0.6912,16.5888,116.122,504.58
aws,us-west-2,m6a,x86(AMD),AMD EPYC 7R13,32,128,1.3824,33.1776,232.243,1009.15
aws,us-west-2,m6a,x86(AMD),AMD EPYC 7R13,48,192,2.0736,49.7664,348.365,1513.73
aws,us-west-2,m6a,x86(AMD),AMD EPYC 7R13,64,256,2.7648,66.3552,464.486,2018.3
aws,us-west-2,m6a,x86(AMD),AMD EPYC 7R13,96,384,4.1472,99.5328,696.73,3027.46
aws,us-west-2,m6a,x86(AMD),AMD EPYC 7R13,128,512,5.5296,132.7104,928.973,4036.61
aws,us-west-2,m6a,x86(AMD),AMD EPYC 7R13,192,768,8.2944,199.0656,1393.459,6054.91
aws,us-west-2,m6g,ARM,AWS Graviton2,1,4,0.0385,0.924,6.468,28.1
aws,us-west-2,m6g,ARM,AWS Graviton2,2,8,0.077,1.848,12.936,56.21
aws,us-west-2,m6g,ARM,AWS Graviton2,4,16,0.154,3.696,25.872,112.42
aws,us-west-2,m6g,ARM,AWS Graviton2,8,32,0.308,7.392,51.744,224.84
aws,us-west-2,m6g,ARM,AWS Graviton2,16,64,0.616,14.784,103.488,449.68
aws,us-west-2,m6g,ARM,AWS Graviton2,32,128,1.232,29.568,206.976,899.36
aws,us-west-2,m6g,ARM,AWS Graviton2,48,192,1.848,44.352,310.464,1349.04
aws,us-west-2,m6g,ARM,AWS Graviton2,64,256,2.464,59.136,413.952,1798.72
aws,us-west-2,m6i,x86(Intel),Intel Xeon Platinum 8375C,2,8,0.096,2.304,16.128,70.08
aws,us-west-2,m6i,x86(Intel),Intel Xeon Platinum 8375C,4,16,0.192,4.608,32.256,140.16
aws,us-west-2,m6i,x86(Intel),Intel Xeon Platinum 8375C,8,32,0.384,9.216,64.512,280.32
aws,us-west-2,m6i,x86(Intel),Intel Xeon Platinum 8375C,16,64,0.768,18.432,129.024,560.64
aws,us-west-2,m6i,x86(Intel),Intel Xeon Platinum 8375C,32,128,1.536,36.864,258.048,1121.28
aws,us-west-2,m6i,x86(Intel),Intel Xeon Platinum 8375C,48,192,2.304,55.296,387.072,1681.92
aws,us-west-2,m6i,x86(Intel),Intel Xeon Platinum 8375C,64,256,3.072,73.728,516.096,2242.56
aws,us-west-2,m6i,x86(Intel),Intel Xeon Platinum 8375C,96,384,4.608,110.592,774.144,3363.84
aws,us-west-2,m6i,x86(Intel),Intel Xeon Platinum 8375C,128,512,6.144,147.456,1032.192,4485.12
aws,us-west-2,m7a,x86(AMD),AMD EPYC 9R14,1,4,0.05796,1.391,9.737,42.31
aws,us-west-2,m7a,x86(AMD),AMD EPYC 9R14,2,8,0.11592,2.7821,19.475,84.62
aws,us-west-2,m7a,x86(AMD),AMD EPYC 9R14,4,16,0.23184,5.5642,38.949,169.24
aws,us-west-2,m7a,x86(AMD),AMD EPYC 9R14,8,32,0.46368,11.1283,77.898,338.49
aws,us-west-2,m7a,x86(AMD),AMD EPYC 9R14,16,64,0.92736,22.2566,155.796,676.97
aws,us-west-2,m7a,x86(AMD),AMD EPYC 9R14,32,128,1.85472,44.5133,311.593,1353.95
aws,us-west-2,m7a,x86(AMD),AMD EPYC 9R14,48,192,2.78208,66.7699,467.389,2030.92
aws,us-west-2,m7a,x86(AMD),AMD EPYC 9R14,64,256,3.70944,89.0266,623.186,2707.89
aws,us-west-2,m7a,x86(AMD),AMD EPYC 9R14,96,384,5.56416,133.5398,934.779,4061.84
aws,us-west-2,m7a,x86(AMD),AMD EPYC 9R14,128,512,7.41888,178.0531,1246.372,5415.78
aws,us-west-2,m7a,x86(AMD),AMD EPYC 9R14,192,768,11.12832,267.0797,1869.558,8123.67
aws,us-west-2,m7g,ARM,AWS Graviton3,1,4,0.0408,0.9792,6.854,29.78
aws,us-west-2,m7g,ARM,AWS Graviton3,2,8,0.0816,1.9584,13.709,59.57
aws,us-west-2,m7g,ARM,AWS Graviton3,4,16,0.1632,3.9168,27.418,119.14
aws,us-west-2,m7g,ARM,AWS Graviton3,8,32,0.3264,7.8336,54.835,238.27
aws,us-west-2,m7g,ARM,AWS Graviton3,16,64,0.6528,15.6672,109.67,476.54
aws,us-west-2,m7g,ARM,AWS Graviton3,32,128,1.3056,31.3344,219.341,953.09
aws,us-west-2,m7g,ARM,AWS Graviton3,48,192,1.9584,47.0016,329.011,1429.63
aws,us-west-2,m7g,ARM,AWS Graviton3,64,256,2.6112,62.6688,438.682,1906.18
aws,us-west-2,m7i,x86(Intel),Intel Xeon Platinum 8488C,2,8,0.1008,2.4192,16.934,73.58
aws,us-west-2,m7i,x86(Intel),Intel Xeon Platinum 8488C,4,16,0.2016,4.8384,33.869,147.17
aws,us-west-2,m7i,x86(Intel),Intel Xeon Platinum 8488C,8,32,0.4032,9.6768,67.738,294.34
aws,us-west-2,m7i,x86(Intel),Intel Xeon Platinum 8488C,16,64,0.8064,19.3536,135.475,588.67
aws,us-west-2,m7i,x86(Intel),Intel Xeon Platinum 8488C,32,128,1.6128,38.7072,270.95,1177.34
aws,us-west-2,m7i,x86(Intel),Intel Xeon Platinum 8488C,48,192,2.4192,58.0608,406.426,1766.02
aws,us-west-2,m7i,x86(Intel),Intel Xeon Platinum 8488C,64,256,3.2256,77.4144,541.901,2354.69
aws,us-west-2,m7i,x86(Intel),Intel Xeon Platinum 8488C,96,384,4.8384,116.1216,812.851,3532.03
aws,us-west-2,m7i,x86(Intel),Intel Xeon Platinum 8488C,192,768,9.6768,232.2432,1625.702,7064.06
aws,us-west-2,m8a,x86(AMD),AMD EPYC 9R45,1,4,0.06086,1.4606,10.224,44.43
aws,us-west-2,m8a,x86(AMD),AMD EPYC 9R45,2,8,0.12172,2.9213,20.449,88.86
aws,us-west-2,m8a,x86(AMD),AMD EPYC 9R45,4,16,0.24344,5.8426,40.898,177.71
aws,us-west-2,m8a,x86(AMD),AMD EPYC 9R45,8,32,0.48688,11.6851,81.796,355.42
aws,us-west-2,m8a,x86(AMD),AMD EPYC 9R45,16,64,0.97376,23.3702,163.592,710.84
aws,us-west-2,m8a,x86(AMD),AMD EPYC 9R45,32,128,1.94752,46.7405,327.183,1421.69
aws,us-west-2,m8a,x86(AMD),AMD EPYC 9R45,48,192,2.92128,70.1107,490.775,2132.53
aws,us-west-2,m8a,x86(AMD),AMD EPYC 9R45,64,256,3.89504,93.481,654.367,2843.38
aws,us-west-2,m8a,x86(AMD),AMD EPYC 9R45,96,384,5.84256,140.2214,981.55,4265.07
aws,us-west-2,m8a,x86(AMD),AMD EPYC 9R45,192,768,11.68512,280.4429,1963.1,8530.14
aws,us-west-2,m8g,ARM,AWS Graviton4,1,4,0.04488,1.0771,7.54,32.76
aws,us-west-2,m8g,ARM,AWS Graviton4,2,8,0.08976,2.1542,15.08,65.52
aws,us-west-2,m8g,ARM,AWS Graviton4,4,16,0.17952,4.3085,30.159,131.05
aws,us-west-2,m8g,ARM,AWS Graviton4,8,32,0.35904,8.617,60.319,262.1
aws,us-west-2,m8g,ARM,AWS Graviton4,16,64,0.71808,17.2339,120.637,524.2
aws,us-west-2,m8g,ARM,AWS Graviton4,32,128,1.43616,34.4678,241.275,1048.4
aws,us-west-2,m8g,ARM,AWS Graviton4,48,192,2.15424,51.7018,361.912,1572.6
aws,us-west-2,m8g,ARM,AWS Graviton4,64,256,2.87232,68.9357,482.55,2096.79
aws,us-west-2,m8g,ARM,AWS Graviton4,96,384,4.30848,103.4035,723.825,3145.19
aws,us-west-2,m8g,ARM,AWS Graviton4,192,768,8.61696,206.807,1447.649,6290.38
aws,us-west-2,m8i,x86(Intel),Intel Xeon 6 6975P-C,2,8,0.10584,2.5402,17.781,77.26
aws,us-west-2,m8i,x86(Intel),Intel Xeon 6 6975P-C,4,16,0.21168,5.0803,35.562,154.53
aws,us-west-2,m8i,x86(Intel),Intel Xeon 6 6975P-C,8,32,0.42336,10.1606,71.124,309.05
aws,us-west-2,m8i,x86(Intel),Intel Xeon 6 6975P-C,16,64,0.84672,20.3213,142.249,618.11
aws,us-west-2,m8i,x86(Intel),Intel Xeon 6 6975P-C,32,128,1.69344,40.6426,284.498,1236.21
aws,us-west-2,m8i,x86(Intel),Intel Xeon 6 6975P-C,48,192,2.54016,60.9638,426.747,1854.32
aws,us-west-2,m8i,x86(Intel),Intel Xeon 6 6975P-C,64,256,3.38688,81.2851,568.996,2472.42
aws,us-west-2,m8i,x86(Intel),Intel Xeon 6 6975P-C,96,384,5.08032,121.9277,853.494,3708.63
aws,us-west-2,m8i,x86(Intel),Intel Xeon 6 6975P-C,128,512,6.77376,162.5702,1137.992,4944.84
aws,us-west-2,m8i,x86(Intel),Intel Xeon 6 6975P-C,192,768,10.16064,243.8554,1706.988,7417.27
aws,us-west-2,m8i,x86(Intel),Intel Xeon 6 6975P-C,384,1536,20.32128,487.7107,3413.975,14834.53
aws,us-west-2,m9g,ARM,AWS Graviton5,1,4,0.04892,1.1741,8.219,35.71
aws,us-west-2,m9g,ARM,AWS Graviton5,2,8,0.09784,2.3482,16.437,71.42
aws,us-west-2,m9g,ARM,AWS Graviton5,4,16,0.19568,4.6963,32.874,142.85
aws,us-west-2,m9g,ARM,AWS Graviton5,8,32,0.39136,9.3926,65.748,285.69
aws,us-west-2,m9g,ARM,AWS Graviton5,16,64,0.78272,18.7853,131.497,571.39
aws,us-west-2,m9g,ARM,AWS Graviton5,32,128,1.56544,37.5706,262.994,1142.77
aws,us-west-2,m9g,ARM,AWS Graviton5,48,192,2.34816,56.3558,394.491,1714.16
aws,us-west-2,m9g,ARM,AWS Graviton5,64,256,3.13088,75.1411,525.988,2285.54
aws,us-west-2,m9g,ARM,AWS Graviton5,96,384,4.69632,112.7117,788.982,3428.31
aws,us-west-2,m9g,ARM,AWS Graviton5,192,768,9.39264,225.4234,1577.964,6856.63
aws,us-west-2,r6a,x86(AMD),AMD EPYC 7R13,2,16,0.1134,2.7216,19.051,82.78
aws,us-west-2,r6a,x86(AMD),AMD EPYC 7R13,4,32,0.2268,5.4432,38.102,165.56
aws,us-west-2,r6a,x86(AMD),AMD EPYC 7R13,8,64,0.4536,10.8864,76.205,331.13
aws,us-west-2,r6a,x86(AMD),AMD EPYC 7R13,16,128,0.9072,21.7728,152.41,662.26
aws,us-west-2,r6a,x86(AMD),AMD EPYC 7R13,32,256,1.8144,43.5456,304.819,1324.51
aws,us-west-2,r6a,x86(AMD),AMD EPYC 7R13,48,384,2.7216,65.3184,457.229,1986.77
aws,us-west-2,r6a,x86(AMD),AMD EPYC 7R13,64,512,3.6288,87.0912,609.638,2649.02
aws,us-west-2,r6a,x86(AMD),AMD EPYC 7R13,96,768,5.4432,130.6368,914.458,3973.54
aws,us-west-2,r6a,x86(AMD),AMD EPYC 7R13,128,1024,7.2576,174.1824,1219.277,5298.05
aws,us-west-2,r6a,x86(AMD),AMD EPYC 7R13,192,1536,10.8864,261.2736,1828.915,7947.07
aws,us-west-2,r6g,ARM,AWS Graviton2,1,8,0.0504,1.2096,8.467,36.79
aws,us-west-2,r6g,ARM,AWS Graviton2,2,16,0.1008,2.4192,16.934,73.58
aws,us-west-2,r6g,ARM,AWS Graviton2,4,32,0.2016,4.8384,33.869,147.17
aws,us-west-2,r6g,ARM,AWS Graviton2,8,64,0.4032,9.6768,67.738,294.34
aws,us-west-2,r6g,ARM,AWS Graviton2,16,128,0.8064,19.3536,135.475,588.67
aws,us-west-2,r6g,ARM,AWS Graviton2,32,256,1.6128,38.7072,270.95,1177.34
aws,us-west-2,r6g,ARM,AWS Graviton2,48,384,2.4192,58.0608,406.426,1766.02
aws,us-west-2,r6g,ARM,AWS Graviton2,64,512,3.2256,77.4144,541.901,2354.69
aws,us-west-2,r6i,x86(Intel),Intel Xeon Platinum 8375C,2,16,0.126,3.024,21.168,91.98
aws,us-west-2,r6i,x86(Intel),Intel Xeon Platinum 8375C,4,32,0.252,6.048,42.336,183.96
aws,us-west-2,r6i,x86(Intel),Intel Xeon Platinum 8375C,8,64,0.504,12.096,84.672,367.92
aws,us-west-2,r6i,x86(Intel),Intel Xeon Platinum 8375C,16,128,1.008,24.192,169.344,735.84
aws,us-west-2,r6i,x86(Intel),Intel Xeon Platinum 8375C,32,256,2.016,48.384,338.688,1471.68
aws,us-west-2,r6i,x86(Intel),Intel Xeon Platinum 8375C,48,384,3.024,72.576,508.032,2207.52
aws,us-west-2,r6i,x86(Intel),Intel Xeon Platinum 8375C,64,512,4.032,96.768,677.376,2943.36
aws,us-west-2,r6i,x86(Intel),Intel Xeon Platinum 8375C,96,768,6.048,145.152,1016.064,4415.04
aws,us-west-2,r6i,x86(Intel),Intel Xeon Platinum 8375C,128,1024,8.064,193.536,1354.752,5886.72
aws,us-west-2,r7a,x86(AMD),AMD EPYC 9R14,1,8,0.07608,1.8259,12.781,55.54
aws,us-west-2,r7a,x86(AMD),AMD EPYC 9R14,2,16,0.15215,3.6516,25.561,111.07
aws,us-west-2,r7a,x86(AMD),AMD EPYC 9R14,4,32,0.3043,7.3032,51.122,222.14
aws,us-west-2,r7a,x86(AMD),AMD EPYC 9R14,8,64,0.6086,14.6064,102.245,444.28
aws,us-west-2,r7a,x86(AMD),AMD EPYC 9R14,16,128,1.2172,29.2128,204.49,888.56
aws,us-west-2,r7a,x86(AMD),AMD EPYC 9R14,32,256,2.4344,58.4256,408.979,1777.11
aws,us-west-2,r7a,x86(AMD),AMD EPYC 9R14,48,384,3.6516,87.6384,613.469,2665.67
aws,us-west-2,r7a,x86(AMD),AMD EPYC 9R14,64,512,4.8688,116.8512,817.958,3554.22
aws,us-west-2,r7a,x86(AMD),AMD EPYC 9R14,96,768,7.3032,175.2768,1226.938,5331.34
aws,us-west-2,r7a,x86(AMD),AMD EPYC 9R14,128,1024,9.7376,233.7024,1635.917,7108.45
aws,us-west-2,r7a,x86(AMD),AMD EPYC 9R14,192,1536,14.6064,350.5536,2453.875,10662.67
aws,us-west-2,r7g,ARM,AWS Graviton3,1,8,0.0536,1.2864,9.005,39.13
aws,us-west-2,r7g,ARM,AWS Graviton3,2,16,0.1071,2.5704,17.993,78.18
aws,us-west-2,r7g,ARM,AWS Graviton3,4,32,0.2142,5.1408,35.986,156.37
aws,us-west-2,r7g,ARM,AWS Graviton3,8,64,0.4284,10.2816,71.971,312.73
aws,us-west-2,r7g,ARM,AWS Graviton3,16,128,0.8568,20.5632,143.942,625.46
aws,us-west-2,r7g,ARM,AWS Graviton3,32,256,1.7136,41.1264,287.885,1250.93
aws,us-west-2,r7g,ARM,AWS Graviton3,48,384,2.5704,61.6896,431.827,1876.39
aws,us-west-2,r7g,ARM,AWS Graviton3,64,512,3.4272,82.2528,575.77,2501.86
aws,us-west-2,r7i,x86(Intel),Intel Xeon Platinum 8488C,2,16,0.1323,3.1752,22.226,96.58
aws,us-west-2,r7i,x86(Intel),Intel Xeon Platinum 8488C,4,32,0.2646,6.3504,44.453,193.16
aws,us-west-2,r7i,x86(Intel),Intel Xeon Platinum 8488C,8,64,0.5292,12.7008,88.906,386.32
aws,us-west-2,r7i,x86(Intel),Intel Xeon Platinum 8488C,16,128,1.0584,25.4016,177.811,772.63
aws,us-west-2,r7i,x86(Intel),Intel Xeon Platinum 8488C,32,256,2.1168,50.8032,355.622,1545.26
aws,us-west-2,r7i,x86(Intel),Intel Xeon Platinum 8488C,48,384,3.1752,76.2048,533.434,2317.9
aws,us-west-2,r7i,x86(Intel),Intel Xeon Platinum 8488C,64,512,4.2336,101.6064,711.245,3090.53
aws,us-west-2,r7i,x86(Intel),Intel Xeon Platinum 8488C,96,768,6.3504,152.4096,1066.867,4635.79
aws,us-west-2,r7i,x86(Intel),Intel Xeon Platinum 8488C,192,1536,12.7008,304.8192,2133.734,9271.58
aws,us-west-2,r8a,x86(AMD),AMD EPYC 9R45,1,8,0.07988,1.9171,13.42,58.31
aws,us-west-2,r8a,x86(AMD),AMD EPYC 9R45,2,16,0.15976,3.8342,26.84,116.62
aws,us-west-2,r8a,x86(AMD),AMD EPYC 9R45,4,32,0.31952,7.6685,53.679,233.25
aws,us-west-2,r8a,x86(AMD),AMD EPYC 9R45,8,64,0.63904,15.337,107.359,466.5
aws,us-west-2,r8a,x86(AMD),AMD EPYC 9R45,16,128,1.27808,30.6739,214.717,933.0
aws,us-west-2,r8a,x86(AMD),AMD EPYC 9R45,32,256,2.55616,61.3478,429.435,1866.0
aws,us-west-2,r8a,x86(AMD),AMD EPYC 9R45,48,384,3.83424,92.0218,644.152,2799.0
aws,us-west-2,r8a,x86(AMD),AMD EPYC 9R45,64,512,5.11232,122.6957,858.87,3731.99
aws,us-west-2,r8a,x86(AMD),AMD EPYC 9R45,96,768,7.66848,184.0435,1288.305,5597.99
aws,us-west-2,r8a,x86(AMD),AMD EPYC 9R45,192,1536,15.33696,368.087,2576.609,11195.98
aws,us-west-2,r8g,ARM,AWS Graviton4,1,8,0.05891,1.4138,9.897,43.0
aws,us-west-2,r8g,ARM,AWS Graviton4,2,16,0.11782,2.8277,19.794,86.01
aws,us-west-2,r8g,ARM,AWS Graviton4,4,32,0.23564,5.6554,39.588,172.02
aws,us-west-2,r8g,ARM,AWS Graviton4,8,64,0.47128,11.3107,79.175,344.03
aws,us-west-2,r8g,ARM,AWS Graviton4,16,128,0.94256,22.6214,158.35,688.07
aws,us-west-2,r8g,ARM,AWS Graviton4,32,256,1.88512,45.2429,316.7,1376.14
aws,us-west-2,r8g,ARM,AWS Graviton4,48,384,2.82768,67.8643,475.05,2064.21
aws,us-west-2,r8g,ARM,AWS Graviton4,64,512,3.77024,90.4858,633.4,2752.28
aws,us-west-2,r8g,ARM,AWS Graviton4,96,768,5.65536,135.7286,950.1,4128.41
aws,us-west-2,r8g,ARM,AWS Graviton4,192,1536,11.31072,271.4573,1900.201,8256.83
aws,us-west-2,r8i,x86(Intel),Intel Xeon 6 6985P-C,2,16,0.13892,3.3341,23.339,101.41
aws,us-west-2,r8i,x86(Intel),Intel Xeon 6 6985P-C,4,32,0.27784,6.6682,46.677,202.82
aws,us-west-2,r8i,x86(Intel),Intel Xeon 6 6985P-C,8,64,0.55568,13.3363,93.354,405.65
aws,us-west-2,r8i,x86(Intel),Intel Xeon 6 6985P-C,16,128,1.11136,26.6726,186.708,811.29
aws,us-west-2,r8i,x86(Intel),Intel Xeon 6 6985P-C,32,256,2.22272,53.3453,373.417,1622.59
aws,us-west-2,r8i,x86(Intel),Intel Xeon 6 6985P-C,48,384,3.33408,80.0179,560.125,2433.88
aws,us-west-2,r8i,x86(Intel),Intel Xeon 6 6985P-C,64,512,4.44544,106.6906,746.834,3245.17
aws,us-west-2,r8i,x86(Intel),Intel Xeon 6 6985P-C,96,768,6.66816,160.0358,1120.251,4867.76
aws,us-west-2,r8i,x86(Intel),Intel Xeon 6 6985P-C,128,1024,8.89088,213.3811,1493.668,6490.34
aws,us-west-2,r8i,x86(Intel),Intel Xeon 6 6985P-C,192,1536,13.33632,320.0717,2240.502,9735.51
aws,us-west-2,r8i,x86(Intel),Intel Xeon 6 6985P-C,384,3072,26.67264,640.1434,4481.004,19471.03
aws,us-west-2,x8g,ARM,AWS Graviton4,1,16,0.0977,2.3448,16.414,71.32
aws,us-west-2,x8g,ARM,AWS Graviton4,2,32,0.1954,4.6896,32.827,142.64
aws,us-west-2,x8g,ARM,AWS Graviton4,4,64,0.3908,9.3792,65.654,285.28
aws,us-west-2,x8g,ARM,AWS Graviton4,8,128,0.7816,18.7584,131.309,570.57
aws,us-west-2,x8g,ARM,AWS Graviton4,16,256,1.5632,37.5168,262.618,1141.14
aws,us-west-2,x8g,ARM,AWS Graviton4,32,512,3.1264,75.0336,525.235,2282.27
aws,us-west-2,x8g,ARM,AWS Graviton4,48,768,4.6896,112.5504,787.853,3423.41
aws,us-west-2,x8g,ARM,AWS Graviton4,64,1024,6.2528,150.0672,1050.47,4564.54
aws,us-west-2,x8g,ARM,AWS Graviton4,96,1536,9.3792,225.1008,1575.706,6846.82
aws,us-west-2,x8g,ARM,AWS Graviton4,192,3072,18.7584,450.2016,3151.411,13693.63
aws,us-west-2,x8i,x86(Intel),Intel Xeon 6 6975P-C,2,32,0.21883,5.2519,36.763,159.75
aws,us-west-2,x8i,x86(Intel),Intel Xeon 6 6975P-C,4,64,0.43766,10.5038,73.527,319.49
aws,us-west-2,x8i,x86(Intel),Intel Xeon 6 6975P-C,8,128,0.87532,21.0077,147.054,638.98
aws,us-west-2,x8i,x86(Intel),Intel Xeon 6 6975P-C,16,256,1.75064,42.0154,294.108,1277.97
aws,us-west-2,x8i,x86(Intel),Intel Xeon 6 6975P-C,32,512,3.50128,84.0307,588.215,2555.93
aws,us-west-2,x8i,x86(Intel),Intel Xeon 6 6975P-C,48,768,5.25192,126.0461,882.323,3833.9
aws,us-west-2,x8i,x86(Intel),Intel Xeon 6 6975P-C,64,1024,7.00256,168.0614,1176.43,5111.87
aws,us-west-2,x8i,x86(Intel),Intel Xeon 6 6975P-C,96,1536,10.50384,252.0922,1764.645,7667.8
aws,us-west-2,x8i,x86(Intel),Intel Xeon 6 6975P-C,128,2048,14.00512,336.1229,2352.86,10223.74
aws,us-west-2,x8i,x86(Intel),Intel Xeon 6 6975P-C,192,3072,21.00768,504.1843,3529.29,15335.61
aws,us-west-2,x8i,x86(Intel),Intel Xeon 6 6975P-C,256,4096,28.01024,672.2458,4705.72,20447.48
aws,us-west-2,x8i,x86(Intel),Intel Xeon 6 6975P-C,384,6144,48.74438,1169.8651,8189.056,35583.4
